id,OF2,OF3,OF4,OF5,OF6,OF7,OF8,OF9,OF10,OF11,OF13,OF14,OF15,OF16,OF17,OF18,OF19,OF20,OF21,OF22,OF23,OF24,OF25,OF26,OF27,OF28,OF30,OF31,OF33,OF34,OF37,OF38,F1,F2,F3_a,F3_b,F3_c,F3_d,F3_e,F3_f,F3_g,F4,F5,F6,F7,F8,F9,F10,F12,F13,F14,F15,F16,F17,F18,F19,F20,F21,F22,F23,F24,F25,F28,F29,F30,F31,F32,F33,F34,F35,F36,F37,F38,F39,F40,F41,F43,F44,F45,F46,F47,F48,F49,F50,F51,F52,F53,F54,F55,F56,F57,F58,F59,F62,F63,F64,F65,F66b,F67,F68,S1,S2,S4,S5,WS,WS_Benefit,SFST,SFST_Benefit,SR,SR_Benefit,PR,PR_Benefit,NR,NR_Benefit,Provincial_Class,Federal_Class,Regime,Vegetation_Type,Vegetation_Cover,Woody_Canopy_Cover,Moss_Cover,Phragmites,Soil_Type,Surface_Water_Present,Saturation_Depth,Living_Moss_Depth,Organic_Depth,Hydrogeomorphic_Class
213,4,5,5,6,0,0,4,1,1,5,4,4,2,5,1,0.07,0.0,4,4,2,1,3,1,4,2272,1,0,1,1.0,0.0,0.0,4,3,0,0,2,0,4,0,2,2,2,80,1,3,0,0,0,2,3,1,1,2,4,1,1,3,1,2,4,5,4,2,1,2,1,0,0,0,0,0,0,0,0,0,1,1,1,1,0.0,2,1,1,5,0,0,5,1,4,1,1,3,3,5,0.0,0,0.0,0.0,0.0,0.0,0.333333333,0.0,0.0,0.0,2.094,10.0,3.815,5.702,4.12,4.094,4.748,7.164,6.176,10.0,0,0,0.0,0.0,0.0,3,1,0.0,1,4.0,0.0,0.0,0.0,0.0
258,4,5,5,4,3,0,4,4,3,1,5,2,3,5,1,0.22,0.0,4,4,2,1,3,3,4,2272,2,0,0,0.0,0.0,1.0,4,4,3,0,0,0,0,2,0,5,1,0,4,4,1,2,2,2,1,1,2,2,2,1,1,1,2,1,4,3,1,2,3,2,5,1,5,2,1,3,1,0,1,3,0,1,2,0,0.0,1,1,2,4,2,4,5,1,4,3,2,3,2,5,0.0,2,0.0,0.0,0.0,0.0,0.333333333,0.0,0.0,0.0,1.098,10.0,4.198,4.893,3.422,1.124,4.517,2.64,4.88,4.028,5,9,0.0,0.0,0.0,0,1,0.0,1,4.0,0.0,0.0,0.0,0.0
220,4,5,5,6,1,0,5,1,1,5,6,3,2,5,4,0.13,0.0,4,4,1,1,2,2,4,2314,2,0,1,1.0,1.0,0.8,3,4,0,0,0,0,0,0,2,5,1,0,4,4,2,4,1,1,2,3,1,1,1,1,3,1,3,1,4,2,3,2,3,1,4,0,0,0,0,0,0,0,0,0,1,1,1,2,0.0,2,1,1,5,0,0,5,1,4,2,0,5,2,3,0.0,0,0.0,0.0,1.0,0.0,0.5,0.0,0.0,0.0,1.395,1.575,4.537,6.614,3.431,4.462,6.606,7.808,5.678,10.0,2,3,0.0,0.0,0.0,0,3,0.0,2,4.0,0.0,4.0,126.0,0.0
468,1,5,6,2,3,1,4,2,1,3,4,6,6,2,2,0.0356,0.0,4,4,2,2,3,3,6,2180,0,0,0,0.8571428571428572,0.8571428571428572,0.6,4,2,3,0,0,3,0,1,4,0,3,224,1,1,0,0,0,1,2,4,0,1,1,1,2,3,3,1,2,5,5,1,1,1,5,0,0,0,0,0,0,0,0,0,0,2,1,4,0.0,3,3,2,4,1,2,5,6,4,1,1,4,2,7,0.0,1,0.0,0.0,0.8333333333333334,0.0,0.666666667,0.0,0.0,0.0,3.726,4.071,3.924,2.268,3.066,1.062,7.084,1.939,4.226,10.0,1,2,0.0,3.0,1.0,2,2,0.0,2,0.0,2.0,5.0,80.7,4.0
501,2,4,4,6,2,1,4,1,3,5,6,4,6,2,2,0.08,0.0,4,4,1,3,1,2,4,2062,2,0,0,0.7142857142857143,0.7142857142857143,0.3999999999999999,4,3,0,0,1,0,4,0,2,1,1,80,3,1,0,0,0,1,5,1,1,1,3,1,1,2,1,3,2,4,5,3,2,2,1,0,0,0,0,0,0,0,0,0,1,1,2,4,0.0,3,3,2,4,1,2,5,1,4,1,1,5,2,7,0.0,0,0.0,0.0,0.6666666666666667,0.0,0.333333333,0.0,0.0,0.0,3.019,6.66,4.648,6.771,4.145,5.14,4.586,8.217,4.514,7.5,0,0,1.0,0.0,1.0,0,1,0.0,1,0.0,2.0,0.0,9.0,9.0
275,1,5,5,3,2,0,3,4,3,5,6,6,6,2,2,0.49,0.0,4,4,2,1,3,1,4,1846,2,0,0,0.5714285714285714,0.5714285714285714,0.19999999999999996,3,4,3,0,0,1,3,0,1,5,2,104,3,3,3,3,1,1,4,1,2,2,2,2,2,3,3,2,3,2,2,2,2,3,4,1,5,3,3,3,1,0,0,1,1,1,2,3,0.0,2,3,1,5,0,0,3,6,4,1,1,6,1,7,0.0,1,0.0,0.0,0.5,0.0,0.0,0.0,0.0,0.0,2.648,1.85,5.49,6.072,4.492,3.894,5.072,5.981,5.283,4.167,2,3,2.0,1.0,0.0,0,1,1.0,0,2.0,2.0,0.0,61.7,4.0
349,3,3,4,7,1,3,3,4,3,6,7,3,5,2,4,0.3008,0.0,4,4,3,1,2,1,4,1936,2,0,0,0.4285714285714286,0.4285714285714286,0.0,3,4,3,1,0,0,2,0,2,5,1,192,4,4,1,2,1,1,2,1,1,2,2,2,2,3,4,3,3,4,1,2,2,3,4,1,5,4,1,1,1,0,1,3,1,1,1,1,0.0,1,3,1,1,2,2,5,1,4,1,1,6,1,7,0.0,1,6.83,0.0,0.33333333333333337,0.0,0.5,0.0,0.0,0.0,3.121,2.602,5.597,7.392,5.159,4.458,6.746,7.047,5.585,5.972,2,3,2.0,1.0,0.5,0,1,0.0,0,2.0,2.0,0.5,26.7,9.0
355,1,4,5,6,3,3,4,5,3,6,7,4,6,2,2,0.51,0.0,4,4,2,1,2,2,4,1657,2,0,0,0.2857142857142858,0.2857142857142858,0.0,3,3,0,0,0,0,4,0,2,3,0,64,3,3,1,1,1,1,5,2,1,1,4,1,1,1,3,2,3,4,5,2,2,2,1,0,0,0,0,0,0,0,0,0,1,1,2,2,0.0,3,3,1,5,0,0,5,1,4,1,1,6,1,7,0.0,1,7.09,0.0,0.16666666666666674,0.0,0.0,0.0,0.0,0.0,2.417,3.15,6.037,6.317,3.75,4.122,6.093,6.381,4.404,5.417,0,1,2.0,0.0,1.0,0,0,0.0,2,2.0,2.0,1.0,32.0,0.0
169,3,5,7,1,0,0,4,4,3,5,7,6,6,5,4,0.43,0.0,4,4,2,1,3,3,4,1342,0,0,0,0.1428571428571429,0.1428571428571429,0.0,4,3,0,5,2,1,1,1,1,0,2,63,3,1,0,0,0,1,2,2,3,2,4,2,1,2,3,4,2,3,5,2,2,2,2,0,0,0,0,0,0,0,0,0,1,1,2,5,0.0,2,3,2,5,0,0,5,1,4,1,1,6,1,7,0.0,0,7.35,380.0,0.0,0.0,0.0,0.0,0.0,0.0,3.323,1.075,7.028,3.235,3.995,3.922,4.94,6.031,5.031,4.167,3,1,1.0,2.0,1.0,1,0,0.0,2,0.0,2.0,0.3,40.0,2.0
102,4,5,7,1,0,0,5,4,3,1,5,2,4,5,4,0.52,0.0,4,4,2,1,3,3,4,1985,0,0,0,0.0,0.0,0.0,2,3,0,4,3,1,1,1,1,0,3,63,3,1,0,0,0,1,1,2,2,2,3,2,1,2,1,3,2,3,5,2,2,1,2,0,0,0,0,0,0,0,0,0,1,2,2,4,1.0,3,3,2,4,2,2,5,1,4,1,1,6,1,7,0.0,1,6.56,81.0,0.0,0.0,0.0,0.0,0.0,0.0,4.865,2.04,2.934,2.597,3.788,3.985,4.394,6.236,5.282,4.444,3,0,1.0,2.0,1.0,1,0,0.0,1,0.0,2.0,0.0,18.3,7.0
375,4,4,6,4,2,0,5,2,3,5,6,6,6,2,2,0.08,0.0,4,4,2,1,2,2,3,1757,2,0,0,0.5,0.0,0.0,3,3,0,0,0,0,4,0,2,3,2,64,3,3,3,1,2,1,5,1,1,2,4,1,1,3,2,2,2,5,5,1,1,1,1,0,0,0,0,0,0,0,0,0,1,1,2,3,1.0,3,3,1,5,0,0,5,1,4,1,1,6,1,7,0.0,1,6.705,63.0,0.0,0.0,0.0,0.0,0.0,0.0,1.931,2.075,4.481,7.039,3.009,4.327,5.355,6.739,4.316,5.417,0,0,2.0,0.0,1.0,0,1,0.0,1,2.0,2.0,0.0,21.0,4.0
136,5,5,7,1,3,0,4,4,3,4,1,1,4,2,4,0.59,0.0,4,4,2,1,3,3,4,1985,0,0,0,1.0,0.0,0.0,1,2,3,1,0,1,0,1,4,2,2,160,4,2,2,1,2,1,2,4,1,2,1,1,1,1,4,4,2,1,5,2,2,2,2,1,4,5,5,3,1,1,0,2,1,1,2,5,0.0,1,3,1,5,0,0,5,1,4,1,2,6,1,7,0.0,1,6.85,45.0,0.0,0.0,0.0,0.0,0.0,0.0,3.423,1.475,6.212,2.27,5.577,3.846,4.821,5.897,4.953,4.167,1,5,1.0,1.0,0.0,0,2,0.0,2,5.0,2.0,0.0,42.7,8.0
288,4,5,6,6,1,0,3,5,3,5,7,6,6,1,4,0.38,0.0,4,4,1,3,3,1,4,1833,2,0,0,1.0,0.0,0.0,3,4,3,0,0,2,1,0,1,5,1,224,3,4,2,4,1,1,1,1,3,2,1,2,3,3,4,2,5,2,2,1,2,3,5,1,5,3,5,1,0,0,0,1,0,1,2,5,0.0,1,3,1,2,2,1,5,2,4,3,1,6,1,7,0.0,1,6.64,62.5,0.0,0.0,0.666666667,0.0,0.0,0.0,2.417,3.76,5.51,6.335,4.278,1.404,5.864,2.407,5.108,3.75,2,3,2.0,1.0,1.0,0,1,1.0,0,3.0,2.0,0.0,21.0,4.0
524,3,5,7,1,3,0,4,5,3,5,7,4,6,5,4,0.07,0.0,4,4,2,1,3,1,4,1426,0,0,0,1.0,0.0,0.0,1,4,0,1,0,0,1,0,3,3,1,40,4,3,1,2,1,1,1,2,2,2,4,1,2,2,3,4,3,1,2,3,2,2,4,1,4,5,5,2,1,0,1,3,1,1,1,3,0.0,1,3,1,5,0,0,5,1,4,1,1,6,1,7,0.0,1,6.43,80.0,0.0,0.0,0.0,0.0,0.0,0.0,3.75,0.175,5.247,3.363,6.372,4.094,5.349,6.331,6.337,4.167,2,3,2.0,1.0,0.0,0,0,0.0,2,2.0,2.0,0.0,144.0,10.0
87,4,5,7,1,3,0,4,3,2,5,5,4,5,4,4,0.23,1.0,4,4,2,1,3,3,4,1815,1,0,0,1.0,0.0,0.0,2,4,0,0,0,0,2,0,2,5,1,64,3,4,2,1,1,1,2,3,3,2,1,1,1,2,2,2,4,1,3,2,2,2,5,1,3,5,5,2,1,0,1,2,1,1,1,3,0.0,1,3,1,5,0,0,5,1,4,1,1,6,1,7,0.0,2,5.19,80.0,1.0,0.0,0.0,0.0,0.0,0.0,2.573,0.575,5.698,4.03,5.494,10.0,5.024,10.0,6.044,10.0,2,4,2.0,1.0,1.0,0,3,0.0,1,4.0,2.0,4.7,9.3,2.0
154,4,5,7,1,3,0,5,5,3,5,3,4,6,1,4,0.72,0.0,4,4,3,1,3,3,4,1455,0,0,0,1.0,0.0,0.0,1,2,3,1,0,1,0,1,1,4,1,192,4,4,2,1,2,1,1,5,2,2,1,1,1,1,3,4,3,1,1,2,5,1,5,1,5,4,5,3,1,0,0,2,1,1,1,1,0.0,1,2,1,5,0,0,5,1,4,1,1,1,1,4,0.0,1,6.43,80.0,0.0,0.0,0.0,0.0,0.0,0.0,3.268,1.8,6.208,1.038,6.328,3.625,5.517,6.067,5.508,3.333,1,5,0.0,1.0,1.0,0,4,0.0,2,2.0,2.0,8.3,204.15,2.0
12,4,5,7,1,3,0,4,5,3,4,6,4,6,5,4,0.66,0.0,0,0,2,1,3,2,4,1357,0,0,0,1.0,0.0,0.0,2,2,3,1,0,2,1,2,3,3,2,128,4,3,1,1,1,1,2,4,2,2,1,1,2,1,3,2,2,2,2,2,5,2,5,1,5,3,5,2,1,0,1,2,1,2,1,2,0.0,1,3,1,5,0,0,5,1,4,1,0,6,1,7,0.0,1,4.16,52.0,1.0,0.0,0.0,0.06349206342857143,0.047619047571428576,0.0,4.625,1.65,3.639,1.827,5.531,10.0,5.983,10.0,5.522,10.0,1,2,2.0,1.0,0.0,0,2,0.0,2,2.0,2.0,9.0,399.0,0.0
141,1,4,6,2,3,2,3,5,3,5,7,4,6,2,4,0.079,0.0,4,4,1,3,2,1,0,1666,2,0,0,1.0,0.0,0.0,0,3,0,2,0,1,5,0,1,1,0,96,3,1,0,0,0,1,5,3,0,2,4,1,1,3,4,3,3,3,5,2,2,2,1,1,0,3,5,1,1,0,0,3,1,1,1,5,0.0,3,3,3,5,0,0,4,6,4,1,0,6,1,7,0.0,0,5.28,60.0,0.5,0.0,0.666666667,0.12698412685714286,0.09523809514285715,0.0,2.618,3.947,5.567,5.514,3.889,4.962,4.327,7.851,4.807,6.25,0,0,2.0,0.0,1.0,3,3,0.0,0,2.0,2.0,3.0,24.0,9.0
31,1,5,7,1,3,0,4,5,3,3,7,6,6,3,4,0.56,0.0,4,4,1,1,3,3,4,1345,2,0,0,1.0,0.0,0.0,2,3,0,3,0,2,2,1,2,2,1,202,3,2,3,1,2,1,2,1,3,2,2,3,1,3,1,4,2,2,3,2,2,2,2,1,4,3,5,1,1,0,0,3,1,1,2,4,0.0,2,3,1,5,0,0,0,1,4,1,0,6,1,7,0.0,0,6.4,68.0,0.0,0.0,0.0,0.19047619028571428,0.14285714271428573,0.0,3.326,1.4,4.885,3.529,5.269,4.019,4.583,6.2,6.028,5.0,3,0,0.0,2.0,0.0,2,1,0.0,1,0.0,1.0,0.0,16.7,1.0
131,2,5,7,1,3,0,4,5,3,5,5,5,5,3,4,0.46,0.0,4,4,3,1,0,3,5,1859,2,0,0,1.0,0.0,0.0,2,2,0,1,0,1,0,1,2,5,1,0,4,4,1,1,1,1,2,4,3,2,1,1,1,2,3,2,4,1,3,2,2,2,5,1,3,5,5,2,1,0,0,3,1,2,1,3,0.0,3,3,1,5,0,0,5,2,4,1,1,6,1,7,0.0,0,3.6,80.33333333333333,0.0,0.0,0.5,0.2539682537142857,0.1904761902857143,0.0,4.837,1.15,3.579,2.045,5.917,3.749,6.018,5.728,5.719,3.333,1,2,2.0,1.0,2.0,0,2,0.0,2,2.0,2.0,10.0,52.7,5.0
519,2,5,7,2,3,1,4,4,3,5,7,3,6,3,4,0.038,0.0,4,4,2,2,2,3,5,1670,0,0,0,1.0,0.0,0.0,2,4,0,0,0,0,0,0,4,4,1,64,4,4,1,3,1,1,1,1,1,1,1,1,1,3,3,3,4,2,4,2,1,3,4,1,4,3,5,1,1,0,0,3,1,1,1,2,0.0,3,3,2,5,0,0,4,6,4,3,0,6,1,7,0.0,0,4.775,92.66666666666667,0.0,0.0,0.666666667,0.31746031714285716,0.23809523785714287,0.0,3.017,3.22,5.865,2.719,5.266,4.585,5.219,7.191,5.468,5.417,2,3,2.0,3.0,0.0,0,1,0.0,2,3.0,2.0,0.0,96.7,4.0
113,3,5,7,1,3,0,4,5,3,5,5,4,6,5,4,0.7,0.0,4,4,2,1,3,3,4,1579,2,0,0,1.0,0.0,0.0,2,4,0,1,1,1,1,0,3,3,3,64,4,3,2,2,2,1,2,3,2,2,3,1,1,2,4,3,3,1,2,3,3,3,5,1,4,3,5,3,1,0,0,2,0,2,2,2,1.0,2,3,1,4,2,2,5,1,4,1,1,4,1,3,0.0,1,5.95,105.0,0.0,0.0,0.0,0.38095238057142855,0.28571428542857147,0.0,5.185,2.4,3.518,2.163,5.812,0.576,5.246,1.107,6.155,2.778,2,4,1.0,1.0,0.0,0,3,0.0,0,4.0,2.0,0.0,20.0,4.0
263,3,4,6,6,3,1,3,4,2,5,7,4,6,3,2,0.1837,0.0,4,4,2,3,3,3,4,1865,2,0,0,1.0,0.0,0.0,3,4,3,1,1,0,2,0,2,4,3,240,2,4,3,4,1,1,3,2,2,2,3,1,1,3,3,3,4,2,4,2,2,2,3,1,4,5,5,1,1,0,0,2,0,1,1,3,0.0,1,3,1,3,2,1,5,6,4,1,1,6,1,0,0.0,1,6.234999999999999,152.0,0.0,0.5,0.333333333,0.444444444,0.333333333,0.0,3.057,3.867,5.899,4.864,5.77,1.382,5.619,2.131,6.13,6.667,2,3,2.0,1.0,1.0,3,0,0.0,2,3.0,2.0,0.0,64.0,4.0
406,3,4,7,1,3,0,4,1,2,5,7,5,2,5,4,0.1,0.0,4,4,2,1,2,3,4,2194,0,0,0,1.0,0.0,0.0,4,4,3,0,0,0,1,0,1,6,2,64,4,4,3,3,1,1,2,1,1,1,2,1,2,1,2,4,2,1,2,2,3,1,5,1,5,3,5,2,1,1,0,0,1,2,2,3,1.0,3,3,1,4,2,2,5,5,4,1,1,5,1,7,0.0,3,6.52,199.0,0.0,1.0,0.5,0.395061728,0.296296296,0.0,5.115,2.2,2.802,2.22,6.074,4.368,4.86,6.893,5.687,6.667,2,4,0.0,1.0,1.0,0,1,0.0,1,0.0,2.0,0.3,6.4,2.0
41,3,5,7,0,3,0,5,5,3,5,7,4,6,4,4,0.77,0.0,4,4,3,1,3,2,4,1337,2,0,0,1.0,0.0,0.0,2,2,3,1,0,1,0,1,1,4,2,192,4,4,2,1,2,1,1,5,1,2,3,1,2,1,3,4,2,2,1,2,2,2,5,1,5,5,5,1,1,0,0,1,1,1,2,4,0.0,3,3,1,5,0,0,5,1,4,1,1,5,1,4,0.0,1,4.45,101.0,0.0,0.0,0.0,0.345679012,0.259259259,0.0,3.65,1.925,6.101,3.696,6.01,3.602,5.39,5.469,5.27,3.333,1,2,0.0,1.0,0.0,0,4,0.0,2,2.0,2.0,6.7,98.3,0.0
449,3,5,6,3,3,2,4,2,2,5,3,4,6,1,2,0.25,0.0,4,4,2,1,2,3,3,2232,2,0,0,1.0,0.0,0.0,3,2,4,0,0,0,1,0,3,4,1,80,3,4,4,2,1,1,2,4,2,2,1,1,1,3,3,2,3,3,4,1,1,1,5,1,3,4,5,2,0,0,0,1,0,2,2,2,0.0,3,3,1,4,2,1,5,1,4,2,1,6,1,7,0.0,1,4.055,83.0,0.0,0.0,0.0,0.29629629599999996,0.222222222,0.0,4.233,3.0,3.728,3.004,4.399,0.903,6.797,1.548,5.313,6.667,1,2,0.0,3.0,0.0,0,2,0.0,2,2.0,2.0,6.85,58.0,4.0
525,3,6,7,1,3,0,4,5,3,5,6,4,6,5,4,0.76,0.0,4,4,3,1,3,3,4,1363,0,0,0,1.0,0.0,0.0,1,1,3,0,0,1,0,3,3,2,2,160,4,2,1,1,1,1,1,5,1,1,1,1,1,1,3,2,2,5,2,1,5,2,5,1,5,5,5,3,1,0,0,2,0,5,0,0,1.0,3,3,1,5,0,0,5,1,4,1,0,6,1,7,0.0,1,3.66,65.0,0.0,0.0,0.0,0.24691358,0.185185185,0.0,6.184,1.9,0.0,0.0,10.0,0.273,10.0,0.478,10.0,0.833,4,6,0.0,3.0,0.0,0,4,0.0,2,0.0,2.0,7.0,257.0,5.0
536,3,5,7,1,3,0,4,5,3,5,3,5,4,4,4,0.35,0.0,4,4,2,1,3,1,4,2166,0,0,0,0.5,0.0,0.0,4,3,0,0,1,1,2,1,4,2,1,80,3,2,3,1,2,1,3,2,1,2,2,2,1,2,2,4,2,2,3,2,2,2,3,1,4,4,5,2,1,0,0,2,1,2,1,5,0.0,1,3,1,5,0,0,5,1,4,1,0,6,1,7,0.0,1,6.46,57.0,1.0,0.0,0.0,0.197530864,0.148148148,0.0,5.223,0.875,3.615,2.35,6.107,3.96,5.587,6.097,6.376,4.167,0,0,0.0,0.0,0.0,0,0,0.0,1,0.0,2.0,0.0,17.3,2.0
74,3,5,7,1,3,0,4,4,3,5,7,3,5,4,4,0.7,1.0,4,4,3,1,3,3,4,1730,2,0,0,0.0,0.0,0.0,1,3,4,1,1,1,5,1,1,1,1,64,4,2,3,1,2,1,5,1,2,1,1,1,1,1,4,4,2,2,5,2,2,1,3,1,4,5,5,3,1,0,0,2,0,1,1,5,0.0,1,3,1,5,0,0,5,1,4,1,1,6,1,7,0.0,1,6.5,108.0,0.0,0.0,0.0,0.14814814799999998,0.11111111099999998,0.0,3.696,1.75,7.108,2.791,6.0,10.0,5.619,10.0,5.969,10.0,0,0,0.0,0.0,1.0,0,1,0.0,0,0.0,2.0,0.0,33.0,6.0
128,4,5,7,1,0,0,4,5,3,4,5,3,6,5,4,0.76,0.0,4,4,3,1,3,3,4,1579,0,0,0,0.0,0.0,0.0,2,1,3,1,0,1,0,1,4,2,1,192,3,1,0,0,0,1,1,4,2,2,1,1,2,3,3,2,2,4,2,2,2,2,5,1,5,4,5,3,1,0,0,2,0,5,0,0,1.0,3,3,1,5,0,0,5,1,4,1,1,6,1,7,0.0,1,3.96,230.0,0.0,0.0,0.0,0.09876543199999999,0.07407407399999999,0.0,6.452,1.9,0.0,0.0,10.0,0.273,10.0,0.478,10.0,0.833,4,6,0.0,3.0,0.0,3,2,0.0,2,0.0,2.0,0.0,58.3,4.0
155,4,5,7,1,3,0,4,4,3,3,7,6,6,4,4,0.31,1.0,4,4,2,1,3,3,4,1609,2,0,0,0.0,0.0,0.0,4,4,3,1,0,1,1,1,1,5,1,232,0,4,1,2,2,1,2,2,2,2,1,1,1,2,3,3,4,1,3,2,2,3,5,1,4,4,5,2,1,0,1,2,1,1,1,3,0.0,1,2,1,5,0,0,5,1,4,2,2,6,1,7,0.0,1,6.28,160.0,1.0,0.0,0.0,0.04938271599999999,0.037037036999999995,0.0,2.879,0.775,6.979,3.694,5.773,10.0,5.382,10.0,6.301,10.0,2,3,2.0,1.0,0.0,0,0,0.0,2,2.0,2.0,0.0,158.0,2.0
175,4,5,7,4,2,1,4,2,3,5,6,4,6,2,3,0.1969,0.0,4,4,2,2,3,2,4,1697,2,0,0,0.0,0.0,0.0,2,2,4,1,0,0,1,0,4,3,1,224,4,3,4,2,1,1,3,3,1,1,3,1,1,3,2,2,4,3,2,1,3,2,3,1,5,4,5,3,1,0,0,1,1,1,2,4,0.0,3,3,1,4,2,1,5,1,4,1,1,6,1,7,0.0,0,5.96,190.5,0.0,1.0,0.0,0.0,0.0,0.0,2.185,3.894,5.701,5.736,3.896,4.258,6.142,6.586,4.865,5.198,2,4,2.0,3.0,0.0,0,3,0.0,1,3.0,2.0,2.0,32.0,4.0
312,4,4,7,2,2,1,5,1,2,6,3,5,5,4,2,0.322,0.0,4,4,1,1,2,2,4,1991,2,0,0,0.0,0.0,0.0,4,4,2,1,1,0,2,0,0,5,0,112,1,4,2,4,1,1,3,2,2,1,1,1,1,2,3,3,4,2,4,2,2,2,3,1,3,4,5,2,1,0,0,2,1,1,2,2,0.0,1,3,1,5,0,0,5,1,4,1,1,6,1,7,0.0,2,5.64,221.0,0.0,1.0,0.0,0.0,0.416666667,0.0,2.803,2.68,6.139,5.992,5.231,4.569,6.392,6.815,6.201,6.667,2,3,0.0,1.0,1.0,0,0,0.0,2,3.0,2.0,1.0,44.0,9.0
394,4,5,7,3,1,1,4,3,3,5,6,5,5,3,2,0.3181,0.0,4,4,2,1,2,1,4,1853,2,0,0,0.0,0.0,0.0,4,2,0,1,1,0,3,0,4,2,1,80,2,2,4,2,1,1,1,4,1,1,1,1,1,3,3,2,4,2,4,1,2,2,2,1,3,5,5,1,1,0,0,1,0,2,1,2,0.0,3,3,1,4,2,3,2,1,4,1,1,6,1,7,0.0,0,5.32,251.5,0.0,1.0,0.5,0.0,0.0,0.0,4.208,3.136,3.952,3.284,4.528,1.152,6.208,1.975,5.936,4.444,1,2,2.0,3.0,1.0,0,2,0.0,2,3.0,2.0,6.0,72.0,4.0
448,4,4,7,2,3,3,4,4,3,5,5,5,6,3,2,0.252,0.0,4,4,2,1,3,1,4,2147,2,0,0,0.0,0.0,0.0,4,4,0,0,0,0,2,0,1,5,2,64,4,4,1,3,1,1,2,1,2,1,1,1,2,3,4,2,4,2,4,2,2,2,4,1,5,3,5,1,1,0,0,2,1,1,2,3,0.0,3,3,2,5,0,0,5,1,4,1,1,6,1,7,0.0,0,5.0,282.0,0.0,1.0,0.333333333,0.0,0.0,0.06060606063636364,2.548,1.255,5.226,5.308,4.775,4.007,5.617,6.179,5.215,4.167,2,4,2.0,1.0,1.0,0,1,0.0,0,3.0,2.0,0.0,32.7,4.0
45,4,5,7,1,3,0,4,5,3,5,6,3,3,4,4,0.4,0.0,4,4,2,1,3,3,4,1496,2,0,0,0.0,0.0,0.0,2,2,3,1,0,1,0,1,2,5,1,64,4,4,1,1,1,1,2,4,2,2,1,1,1,2,3,2,4,1,3,2,2,3,5,1,4,4,5,2,1,0,0,2,1,1,1,3,0.0,1,3,1,5,0,0,5,1,4,1,1,6,1,7,0.0,1,4.68,312.5,0.0,1.0,0.0,0.0,0.0,0.12121212127272728,2.782,1.0,5.59,3.444,5.283,3.937,6.632,6.056,5.639,4.167,1,2,2.0,1.0,1.0,0,2,0.0,2,3.0,2.0,8.3,61.7,1.0
518,4,5,7,2,3,1,5,4,3,5,3,4,6,4,3,0.52,0.0,4,4,1,1,3,1,5,1846,2,0,0,0.0,0.0,0.0,2,2,4,1,0,2,0,0,4,3,3,192,4,3,2,2,1,1,3,4,2,1,2,1,1,3,3,2,3,4,2,1,3,3,3,1,5,4,5,3,1,0,0,3,1,1,2,2,0.0,3,3,2,5,0,0,4,6,4,1,1,6,1,7,0.0,0,5.463333333333333,343.0,0.0,1.0,0.0,0.0,0.0,0.1818181819090909,2.102,2.55,5.938,5.077,3.579,4.038,7.3,6.233,4.157,5.0,1,2,2.0,3.0,1.0,0,2,0.0,2,2.0,2.0,4.7,134.3,4.0
530,4,5,7,1,3,0,4,5,3,5,3,0,3,5,4,0.62,0.0,4,4,1,1,3,3,4,1523,0,0,0,0.0,0.0,0.0,2,3,4,1,0,1,1,0,4,2,3,192,1,2,2,1,1,1,3,1,2,1,2,2,1,2,4,4,3,1,3,2,2,2,2,1,3,3,5,2,1,0,0,2,1,1,1,4,0.0,1,3,1,5,0,0,5,1,4,1,1,6,1,7,0.0,1,6.246666666666667,373.5,0.0,1.0,0.0,0.0,0.0,0.24242424254545455,3.305,1.55,5.837,2.206,5.408,3.99,5.219,6.15,6.642,5.0,0,0,2.0,3.0,1.0,0,0,0.0,0,2.0,2.0,0.0,24.0,2.0
73,4,5,7,1,3,0,4,5,3,1,1,5,5,5,4,0.46,0.0,4,4,2,1,3,3,4,1730,2,0,0,0.0,0.0,0.0,2,3,4,2,1,1,3,0,2,3,1,96,2,3,2,3,2,1,3,1,2,2,2,1,1,2,3,3,4,1,3,2,2,2,5,1,3,2,5,2,1,1,1,3,1,2,1,5,0.0,1,3,1,4,2,2,5,1,4,1,2,6,1,7,0.0,2,7.03,404.0,0.0,0.0,0.0,0.0,0.0,0.3030303031818182,5.157,1.92,3.956,2.479,5.786,4.01,5.418,6.279,6.988,4.444,0,1,2.0,0.0,0.0,0,1,0.0,2,4.0,2.0,0.0,149.0,2.0
75,4,5,6,1,3,0,4,5,3,1,5,4,3,5,4,0.29,0.0,4,4,2,1,3,1,4,2078,2,0,0,0.0,0.0,0.0,4,3,3,1,1,1,1,1,2,4,3,252,3,4,2,3,2,1,2,1,3,2,3,1,1,2,5,2,4,1,3,2,2,2,4,1,3,3,5,2,1,0,0,3,1,1,1,3,0.0,1,3,1,5,0,0,4,1,4,1,1,6,1,7,0.0,2,6.33,98.0,1.0,0.0,0.0,0.0,0.0,0.3636363638181818,2.94,0.725,5.517,5.179,5.112,3.989,4.094,6.147,6.005,4.167,0,0,2.0,1.0,0.0,0,1,0.0,1,5.0,2.0,0.0,4.0,2.0
80,4,5,6,4,3,0,4,1,1,1,4,6,4,4,4,0.17,0.0,4,4,2,1,2,1,4,1933,2,0,0,0.0,0.0,0.0,4,4,3,0,0,0,2,0,2,4,3,64,4,4,2,2,2,1,2,1,2,2,1,2,1,2,3,2,5,1,3,2,3,3,5,1,4,2,5,2,1,1,1,3,1,2,1,3,0.0,1,2,1,3,2,2,5,1,4,3,2,5,1,7,0.0,2,7.03,242.0,1.0,0.0,0.333333333,0.0,0.0,0.42424242445454546,4.379,2.34,4.312,3.693,5.4,4.443,5.465,7.498,5.951,10.0,2,3,2.0,1.0,1.0,0,1,0.0,2,4.0,2.0,0.0,56.7,2.0
265,5,5,5,4,3,1,3,2,1,2,5,2,3,2,1,0.004,0.0,4,4,2,2,2,2,4,2034,0,0,0,0.0,0.0,0.0,4,4,3,0,0,0,2,0,1,5,1,64,1,1,0,0,0,1,2,1,1,1,3,1,1,3,2,3,4,2,4,2,2,2,3,1,4,2,5,1,1,0,1,3,1,1,1,3,0.0,3,3,2,5,0,0,3,6,4,1,0,6,1,7,0.0,0,6.1000000000000005,177.33333333333331,0.0,1.0,0.333333333,0.0,0.0,0.4848484850909091,2.748,10.0,3.99,4.588,5.134,4.601,4.662,7.219,5.802,10.0,2,4,2.0,1.0,0.0,0,1,0.0,1,3.0,2.0,0.0,15.0,9.0
276,5,5,5,4,2,0,0,5,2,5,7,1,5,3,2,0.05,0.0,4,4,2,1,2,1,4,2041,2,0,0,0.0,0.0,0.0,3,3,4,1,0,0,3,0,4,3,3,96,4,4,4,3,1,1,3,3,3,2,4,1,3,3,3,3,4,2,4,1,2,3,3,1,4,3,5,2,1,0,0,1,1,1,2,1,0.0,2,3,1,4,2,1,4,1,4,2,1,6,1,7,0.0,2,5.17,112.66666666666666,0.0,0.5,0.0,0.0,0.0,0.5454545457272727,2.581,2.6,5.615,5.839,4.204,4.319,6.552,6.69,5.074,6.667,2,3,2.0,0.0,0.0,0,3,0.0,2,3.0,2.0,5.0,71.0,9.0
531,5,5,7,2,3,0,4,2,2,5,4,2,5,4,4,0.53,0.0,4,4,2,1,3,3,5,1909,2,0,0,0.0,0.0,0.0,4,4,3,0,0,1,1,1,1,5,1,64,4,4,2,2,1,1,2,1,2,1,1,1,1,2,5,2,4,1,4,2,2,2,3,1,3,4,5,2,1,0,0,2,1,1,2,3,0.0,2,3,1,5,0,0,5,1,4,1,0,6,1,7,0.0,0,4.24,48.0,0.0,0.0,0.0,0.0,0.0,0.6060606063636363,2.848,1.325,4.924,3.702,5.074,3.875,3.983,5.947,5.529,6.667,2,4,2.0,1.0,0.0,0,0,0.0,1,4.0,2.0,5.7,6.999999999999999,10.0
514,1,5,6,2,1,0,5,2,2,5,7,5,1,1,2,0.005,0.0,4,4,1,2,3,2,6,2169,1,0,0,0.0,0.0,0.0,2,4,0,0,0,0,0,0,0,6,0,0,3,5,1,4,1,2,1,1,1,1,1,1,1,3,3,4,4,1,5,3,2,2,2,1,3,4,5,2,0,0,0,1,0,1,2,3,0.0,3,3,2,5,0,0,5,1,4,2,1,6,1,5,0.0,0,5.665,204.0,0.5,1.0,0.0,0.0,0.0,0.666666667,3.452,2.512,6.153,6.637,6.032,1.188,5.201,2.079,5.63,6.667,2,3,2.0,1.0,2.0,0,1,1.0,2,3.0,2.0,0.0,48.0,9.0
69,4,4,7,1,3,0,4,3,2,1,4,2,3,5,4,0.286,0.0,4,4,2,1,2,1,3,1881,2,1,0,0.0,0.0,0.0,4,3,4,1,1,0,4,1,2,3,1,192,4,3,2,3,1,1,4,1,2,2,3,1,1,1,3,3,4,1,3,2,2,3,5,1,4,3,4,3,1,1,0,3,1,2,1,4,0.0,1,2,1,4,1,2,5,1,4,2,2,6,1,7,0.0,2,7.09,360.0,1.0,1.0,0.333333333,0.0,0.0,0.5925925928888889,4.775,3.572,4.238,3.331,5.265,4.291,5.116,7.236,6.191,6.667,0,1,2.0,0.0,0.0,0,1,0.0,2,3.0,2.0,0.0,44.15,0.0
267,1,4,5,7,3,2,3,1,2,5,7,6,6,3,2,0.38,0.0,4,4,2,3,1,1,4,1904,2,0,0,0.0,0.0,0.0,4,4,3,0,0,0,1,0,0,5,0,0,4,5,1,4,1,1,2,1,3,2,2,1,3,3,3,2,4,2,5,2,2,2,4,1,3,2,4,1,1,0,0,3,1,1,1,3,0.0,2,3,2,4,2,3,3,6,4,1,1,6,1,7,0.0,2,6.81,300.6,0.6666666666666667,1.0,0.333333333,0.0,0.0,0.5185185187777778,2.632,6.26,5.795,5.221,4.775,5.085,5.193,8.002,5.374,6.944,2,3,2.0,1.0,1.0,0,1,0.0,2,3.0,2.0,0.0,40.3,4.0
274,2,5,6,2,3,2,4,5,3,5,6,4,6,4,4,0.3122,0.0,4,4,2,2,2,2,4,1846,0,0,0,0.0,0.0,0.0,4,4,2,0,0,0,0,0,4,4,1,64,4,4,1,3,1,1,3,4,1,1,1,1,4,3,3,3,4,2,3,3,3,2,4,1,4,4,4,3,1,0,1,3,1,1,1,2,0.0,1,3,2,5,0,0,3,6,4,1,0,6,1,3,0.0,2,6.53,241.2,0.33333333333333337,1.0,0.333333333,0.0,0.0,0.44444444466666666,3.243,3.905,5.854,3.945,5.574,4.455,5.51,6.962,5.946,5.417,2,3,2.0,3.0,1.0,0,2,0.0,2,3.0,2.0,5.3,95.4,9.0
407,3,5,7,1,3,0,4,1,3,1,4,6,1,5,4,0.01,0.0,4,4,1,1,3,3,4,2224,2,0,0,0.0,0.0,0.0,4,4,0,0,0,0,0,0,1,6,0,0,4,5,2,1,2,1,2,1,1,1,1,1,1,1,3,4,2,2,2,2,2,2,2,0,3,3,4,2,0,0,0,0,0,1,1,0,0.0,3,3,1,3,2,2,4,1,4,3,1,4,1,7,0.0,0,6.25,181.8,0.0,0.6666666666666667,0.0,0.0,0.0,0.37037037055555555,3.118,1.02,5.77,5.974,5.21,1.107,5.688,2.017,5.744,3.75,2,3,2.0,1.0,2.0,0,1,0.0,2,2.0,2.0,0.0,68.0,11.0
423,3,5,7,1,3,0,4,4,3,5,4,6,5,5,4,0.47,0.0,4,4,3,1,3,2,4,1890,0,0,0,0.0,0.0,0.0,2,2,0,1,0,1,0,1,4,3,1,170,4,3,1,1,1,1,1,5,2,2,1,1,1,1,4,4,2,2,3,2,4,3,5,1,4,2,4,2,1,0,1,2,0,1,1,5,0.0,1,3,1,5,0,0,5,1,4,1,0,6,1,7,0.0,1,4.17,122.4,0.0,0.33333333333333337,0.0,0.0,0.0,0.29629629644444444,3.796,1.175,5.733,3.291,6.223,0.411,5.69,0.719,5.934,1.032,1,2,1.0,1.0,0.0,0,4,0.0,2,0.0,2.0,11.7,139.60000000000002,5.0
177,4,5,7,2,3,0,4,5,3,2,4,4,6,5,4,0.77,0.0,4,4,3,1,3,3,4,1512,0,0,0,0.0,0.0,0.0,4,2,0,0,0,0,0,1,1,5,0,192,4,5,2,1,2,1,1,5,1,1,1,1,1,1,3,3,3,2,1,2,2,2,5,1,6,3,4,1,1,0,0,0,0,5,0,0,1.0,3,3,1,4,1,2,5,2,4,3,2,1,1,7,0.0,0,6.31,63.0,0.0,0.0,0.666666667,0.0,0.0,0.22222222233333333,6.827,3.54,0.0,0.0,10.0,0.408,10.0,0.819,10.0,3.056,1,2,0.0,1.0,1.0,0,2,0.0,2,0.0,2.0,2.7,140.60000000000002,4.0
451,4,5,7,2,2,1,4,4,3,5,6,4,5,2,2,0.279,0.0,4,4,1,1,3,2,2,2073,0,0,0,0.0,0.0,0.0,4,4,3,0,0,0,2,0,0,5,0,64,4,4,1,3,1,1,2,1,2,1,1,1,1,3,2,2,4,2,4,2,3,3,4,1,4,2,4,3,1,0,1,3,1,1,1,3,0.0,1,3,2,4,2,2,5,6,4,1,0,6,1,7,0.0,2,5.744999999999999,78.4,0.0,1.0,0.666666667,0.0,0.0,0.14814814822222222,2.201,2.058,5.865,5.07,4.246,4.224,5.364,6.646,5.421,5.0,2,4,2.0,1.0,0.0,0,1,0.0,1,3.0,2.0,0.0,0.0,9.0
84,4,5,7,1,3,0,4,5,3,1,3,5,5,5,4,0.48,0.0,4,4,2,1,3,3,2,1854,2,0,0,0.0,0.0,0.0,2,4,3,0,1,0,1,0,2,5,1,80,4,4,2,2,1,1,1,2,2,1,2,2,1,2,4,4,2,2,2,2,2,1,2,1,5,3,4,3,1,0,0,2,1,1,1,2,0.0,1,3,1,5,0,0,5,1,4,3,1,5,1,7,0.0,1,5.18,93.8,0.0,1.0,0.0,0.0,0.0,0.07407407411111111,3.267,1.2,5.622,3.714,5.128,3.898,5.963,5.989,5.87,4.167,2,4,1.0,1.0,1.0,0,0,0.0,0,0.0,0.0,0.0,23.3,2.0
452,4,5,6,4,2,2,3,4,3,4,6,0,6,2,2,0.016,0.0,4,4,1,3,2,2,2,2062,2,0,0,0.5,0.0,0.0,4,4,0,0,0,0,2,0,2,5,1,64,3,4,3,4,1,1,3,1,2,1,5,1,1,3,3,2,4,1,4,1,2,2,3,1,3,3,4,1,0,0,0,2,1,1,2,3,0.0,1,3,2,5,0,0,5,1,4,3,1,6,1,7,0.0,2,5.46,109.2,0.0,1.0,0.333333333,0.0,0.0,0.0,2.008,4.415,5.71,6.506,3.465,4.992,5.794,7.903,4.856,6.25,2,3,2.0,1.0,1.0,0,1,0.0,2,3.0,2.0,0.0,118.0,4.0
456,4,5,6,4,3,0,3,2,2,5,1,2,2,4,1,0.03,0.0,4,4,2,1,3,2,4,2082,2,0,3,1.0,0.0,0.0,4,4,3,0,0,0,0,0,1,1,2,0,2,3,1,2,1,2,1,1,2,1,1,1,1,1,2,2,4,4,2,2,2,2,5,1,4,3,3,2,1,0,0,1,1,1,2,0,0.0,1,3,1,5,0,0,5,1,4,1,2,5,1,7,0.0,2,5.739999999999999,124.6,1.0,1.0,0.666666667,0.0,0.0,0.0,2.365,10.0,5.635,6.031,4.599,4.113,4.719,6.364,5.165,6.667,2,4,2.0,1.0,1.0,0,1,0.0,1,0.0,2.0,0.0,1.3,3.0
156,2,4,7,4,3,0,4,3,3,5,7,5,6,5,2,0.09,1.0,4,4,1,1,3,3,4,1516,2,0,0,1.0,0.0,0.0,4,4,3,0,0,0,0,0,2,5,1,72,4,4,2,4,1,1,2,1,1,1,1,1,1,1,3,2,4,1,5,2,2,1,4,1,3,4,3,1,1,0,0,2,1,1,1,3,0.0,1,3,1,4,2,2,4,1,4,1,0,6,1,7,0.0,1,6.02,140.0,0.0,1.0,0.0,0.0,0.0,0.0,2.593,1.68,6.806,4.741,4.795,10.0,5.372,10.0,5.762,10.0,2,3,2.0,1.0,1.0,0,1,0.0,2,5.0,2.0,0.0,100.0,2.0
529,3,5,7,1,3,0,4,5,3,5,7,4,6,5,4,0.08,0.0,4,4,2,1,3,2,4,1523,0,0,0,1.0,0.0,0.0,2,2,0,1,0,0,0,0,3,4,1,40,4,4,1,2,1,1,2,3,2,2,1,2,1,1,3,3,4,2,3,2,2,2,5,1,4,3,3,2,1,0,1,2,0,1,1,5,0.0,1,2,1,5,0,0,5,1,4,1,0,5,1,4,0.0,1,5.89,98.0,0.0,0.0,0.0,0.0,0.0,0.0,3.004,0.2,6.177,3.93,5.322,0.756,5.469,1.878,5.963,1.667,1,5,1.0,1.0,0.0,0,3,0.0,2,4.0,2.0,0.0,47.0,2.0
86,3,5,5,4,3,0,4,4,3,1,7,4,5,0,4,0.16,0.0,4,4,1,1,3,3,3,1865,2,0,0,1.0,0.0,0.0,1,4,2,0,0,0,0,0,2,4,1,64,4,4,1,1,1,1,2,2,2,2,2,1,2,2,5,4,3,1,3,2,2,2,4,1,5,5,3,2,1,0,0,1,1,1,1,2,0.0,1,3,1,4,1,2,4,1,4,3,2,5,1,7,0.0,2,4.18,384.0,0.5,0.0,0.0,0.0,0.0,0.0,3.478,2.32,5.503,5.017,5.405,4.274,4.014,6.731,5.43,5.833,2,4,1.0,1.0,1.0,0,1,0.0,1,2.0,2.0,0.0,15.7,3.0
76,4,6,6,1,3,0,4,4,3,1,7,5,1,3,4,0.01,0.0,4,4,2,2,2,1,4,1933,0,0,0,0.0,0.0,0.0,2,4,3,0,0,0,1,0,1,6,2,64,4,5,2,4,1,1,2,1,2,2,3,2,3,2,4,2,4,1,3,2,2,3,5,1,4,4,3,2,1,1,1,2,1,1,1,3,0.0,1,3,1,4,1,2,5,2,4,3,2,6,1,7,0.0,2,7.22,670.0,1.0,0.0,0.0,0.0,0.0,0.0,2.782,4.52,6.993,4.352,5.129,4.614,4.895,7.314,5.387,6.111,2,4,2.0,1.0,1.0,0,1,0.0,0,4.0,2.0,0.0,21.7,3.0
286,5,5,6,6,3,2,4,1,1,3,4,1,3,2,1,0.005,0.0,4,4,2,2,3,2,3,2024,2,0,0,0.0,0.0,0.0,3,3,3,0,4,0,2,0,1,1,2,85,4,1,0,0,0,2,2,1,2,2,4,1,2,2,1,3,2,4,5,4,2,2,3,1,3,5,3,1,1,0,0,2,1,4,0,0,0.0,1,3,2,4,2,3,2,6,4,1,1,6,1,7,0.0,2,6.785,457.5,1.0,0.3333333333333333,0.333333333,0.0,0.0,0.0,7.294,10.0,0.763,0.0,10.0,4.616,10.0,7.199,10.0,10.0,3,0,1.0,4.0,1.0,1,1,0.0,1,0.0,2.0,0.0,0.0,9.0
404,2,5,7,1,3,0,4,5,3,5,7,6,4,5,4,0.4,0.0,4,4,2,1,3,1,4,1916,0,0,0,0.0,0.0,0.0,2,4,0,1,0,1,0,1,1,5,0,128,4,4,2,4,1,1,2,1,1,1,2,2,2,2,1,3,4,2,3,2,2,2,5,1,3,2,2,1,1,1,1,0,0,5,0,0,1.0,3,3,1,5,0,0,5,2,4,1,0,6,1,7,0.0,1,6.35,245.0,1.0,0.6666666666666666,0.0,0.0,0.0,0.0,6.792,1.0,0.0,0.0,10.0,0.603,10.0,1.056,10.0,1.667,2,4,2.0,1.0,1.0,0,1,0.0,1,4.0,2.0,0.0,2.0,4.0
238,1,5,6,3,1,0,4,5,3,6,7,3,3,1,2,0.03,0.0,4,4,1,1,3,2,6,2026,2,0,0,0.0,0.0,0.0,2,2,4,1,0,2,0,2,0,5,1,128,4,4,3,1,1,1,2,4,1,1,3,2,2,3,3,3,2,5,1,1,1,1,1,0,0,5,2,1,0,0,0,0,0,1,2,3,0.0,2,3,1,5,0,0,5,1,4,1,1,6,1,7,0.0,0,5.824999999999999,204.2,0.5,1.0,0.333333333,0.0,0.0,0.0,2.542,0.7,5.907,6.447,3.676,0.938,7.393,1.642,4.541,2.5,1,2,0.0,3.0,1.0,0,4,0.0,2,3.0,2.0,7.0,63.0,5.0
405,1,5,6,7,2,1,3,4,2,5,5,6,3,3,3,0.1345,0.0,4,4,1,1,3,2,4,2009,0,0,0,0.0,0.0,0.0,4,4,3,1,1,1,2,0,2,3,2,76,4,4,2,2,2,1,2,1,2,2,2,2,3,2,2,3,3,2,2,2,3,3,5,1,5,3,2,3,1,0,1,0,1,2,1,2,0.0,1,3,1,5,0,0,5,1,4,1,1,1,1,7,0.0,1,5.3,163.4,0.0,0.875,0.0,0.0,0.0,0.0,4.653,1.586,3.414,3.032,5.06,4.222,5.58,6.555,5.779,6.667,2,4,1.0,1.0,1.0,0,1,0.0,1,2.0,2.0,0.0,9.0,2.0
352,2,4,5,7,2,0,3,4,3,5,2,2,3,1,2,0.07,0.0,4,4,3,0,2,1,4,2188,2,0,0,0.0,0.0,0.0,3,3,4,1,2,0,5,0,2,2,2,80,3,2,1,1,1,1,5,2,1,2,3,1,3,3,1,4,2,2,2,2,1,1,5,1,5,5,2,3,0,0,0,0,1,1,2,3,0.0,2,3,1,3,2,2,5,1,4,1,1,5,1,7,0.0,2,6.37,122.60000000000001,0.0,0.75,0.5,0.0,0.0,0.0,3.691,2.64,4.33,5.85,5.617,4.346,4.316,6.855,5.683,5.139,0,1,1.0,0.0,1.0,2,0,0.0,1,0.0,2.0,0.0,18.3,4.0
218,5,5,5,2,3,0,3,4,2,5,6,2,1,5,4,0.03,0.0,4,4,2,1,3,1,4,1893,2,0,1,0.0,0.0,0.0,4,4,0,0,0,0,2,1,2,4,1,64,1,4,1,3,1,3,2,1,1,1,1,1,1,1,2,2,4,3,4,2,2,2,4,1,4,2,2,2,1,0,0,2,1,1,1,2,0.0,1,1,2,5,0,0,5,1,4,2,2,5,1,7,0.0,1,6.220000000000001,81.80000000000001,0.0,0.625,0.5,0.0,0.0,0.0,1.975,0.075,4.733,5.352,4.14,4.113,5.423,7.197,5.517,6.667,2,4,1.5,1.5,0.5,0,1,0.0,1,4.0,2.0,0.0,1.0,4.0
127,4,5,7,1,3,0,4,5,3,4,3,4,6,4,4,0.51,0.0,4,4,2,1,3,3,3,1624,2,0,0,0.0,0.0,0.0,2,2,4,0,0,0,0,0,4,2,1,0,4,3,1,2,2,1,2,4,2,2,3,1,1,1,3,2,3,2,2,2,3,2,5,1,3,1,1,2,1,0,0,2,0,2,1,4,0.0,1,3,1,5,0,0,5,1,3,1,0,6,1,7,0.0,2,6.07,41.0,0.0,0.5,0.0,0.0,0.0,0.0,4.678,1.275,3.268,2.14,4.279,0.67,5.821,0.964,5.604,1.667,1,5,2.0,3.0,0.0,0,2,0.0,2,2.0,2.0,7.7,27.566666666666666,4.0
221,4,5,7,1,3,0,4,3,1,5,4,2,3,3,4,0.56,0.0,4,4,1,3,3,2,3,2254,0,0,0,0.0,0.0,0.0,0,4,3,0,0,0,0,1,2,5,2,0,3,4,1,3,1,1,2,1,2,1,1,1,1,1,2,1,4,2,4,2,3,2,4,1,4,4,1,3,1,0,1,1,1,1,1,3,0.0,1,3,1,4,2,2,5,1,4,3,0,6,1,7,0.0,2,5.495,58.75,1.0,0.375,0.333333333,0.0,0.0,0.0,1.593,4.12,5.993,4.864,3.911,4.524,5.104,7.16,5.307,10.0,2,4,2.0,4.0,0.5,0,1,0.0,1,4.0,2.0,5.7,54.13333333333333,4.0
241,4,5,4,6,0,0,2,4,3,4,6,3,3,2,2,0.25,0.0,4,4,2,3,3,3,6,2141,0,0,0,0.0,0.0,0.0,3,2,4,0,0,3,0,3,2,3,3,224,2,4,3,3,1,1,2,4,2,2,1,2,3,3,3,1,4,2,1,1,2,2,5,1,5,3,1,1,1,0,0,1,0,1,2,0,0.0,3,3,1,3,2,1,5,1,4,3,1,6,1,7,0.0,0,4.92,76.5,0.0,0.25,0.666666667,0.0,0.0,0.0,1.681,4.0,5.497,3.637,3.553,1.215,7.2,2.083,5.322,3.353,1,2,2.0,5.0,1.0,0,2,0.0,2,4.0,2.0,3.7,80.7,4.0
505,4,5,7,1,1,1,4,4,3,4,4,4,3,4,1,0.005,0.0,4,4,1,1,3,3,4,2109,2,0,0,0.25,0.0,0.0,4,3,4,0,1,0,4,0,2,3,1,80,3,3,1,2,1,1,5,2,2,2,4,1,2,3,2,3,4,2,5,2,2,3,1,0,0,0,0,0,0,0,0,0,1,1,2,5,0.0,1,3,2,5,0,0,4,6,4,1,0,6,1,7,0.0,2,4.345000000000001,94.25,0.0,0.125,0.0,0.0,0.0,0.0,2.501,10.0,5.815,5.143,3.63,4.283,4.815,6.662,5.45,5.0,0,0,2.0,0.0,0.0,0,0,0.0,1,3.0,2.0,1.7,13.0,4.0
42,2,5,7,1,3,0,5,5,3,4,6,4,6,5,4,0.8,0.0,4,4,3,1,3,0,3,1363,0,0,0,0.5,0.0,0.0,2,1,3,1,0,2,0,2,2,3,3,192,2,3,1,1,1,1,1,5,1,2,1,1,1,1,3,2,1,4,5,2,1,1,5,0,0,0,0,0,0,0,0,0,0,4,0,0,1.0,3,3,1,5,0,0,5,1,4,1,0,6,1,7,0.0,0,3.77,112.0,0.0,0.0,0.0,0.0,0.0,0.0,6.4,2.0,0.863,0.0,10.0,0.254,10.0,0.444,10.0,0.833,4,7,0.0,1.0,0.0,0,2,0.0,2,0.0,2.0,2.7,45.6,5.0
510,4,4,4,7,2,3,4,2,2,5,3,6,4,1,3,0.37,0.0,4,4,3,2,2,1,4,2122,2,0,0,0.75,0.0,0.0,3,3,4,2,1,1,5,0,2,2,1,88,3,3,2,2,1,1,1,1,2,2,2,1,2,2,2,2,2,5,4,3,2,2,1,0,0,0,0,0,0,0,0,0,1,1,2,4,0.0,1,3,1,5,0,0,5,1,4,1,1,6,1,7,0.0,2,6.67,108.3076923076923,0.0,0.0625,0.5,0.0,0.0,0.0,2.709,5.3,6.583,4.636,5.056,4.268,5.581,6.636,4.726,6.667,0,1,1.0,0.0,0.0,2,1,0.0,1,0.0,2.0,6.25,22.3,9.0
239,5,6,6,6,3,0,4,4,3,5,3,3,3,5,4,0.26,0.0,4,4,2,1,3,3,6,2314,0,0,2,1.0,0.0,0.0,4,1,0,0,0,1,0,2,2,2,2,0,4,5,0,0,0,1,1,4,1,1,1,1,1,1,3,1,2,5,1,1,3,1,5,0,0,0,0,0,0,0,0,0,0,5,0,0,0.0,3,3,1,5,0,0,5,1,4,1,1,6,1,7,0.0,0,6.5183333333333335,104.61538461538461,0.0,0.125,0.333333333,0.0,0.0,0.0,5.451,0.65,0.0,0.0,10.0,0.67,10.0,1.172,10.0,1.667,1,5,0.6666666666666667,0.6666666666666666,0.3333333333333333,0,2,0.0,2,0.0,2.0,9.8,290.5,7.333333333333333
463,3,4,5,4,0,0,3,3,3,4,3,4,3,5,4,0.2,0.0,4,4,2,1,3,3,6,2082,0,0,2,0.0,0.0,0.0,4,1,0,2,0,2,2,0,3,1,2,160,1,1,0,0,0,1,1,5,1,2,1,1,1,3,3,1,1,6,0,0,0,0,0,0,0,0,0,0,0,0,0,0,0,5,0,0,1.0,3,3,1,4,1,3,5,1,4,1,1,6,1,7,0.0,0,6.366666666666666,100.92307692307692,0.0,0.1875,0.5,0.0,0.0,0.0,8.056,2.4,0.0,0.0,7.778,0.993,10.0,1.702,10.0,4.444,3,1,0.33333333333333337,1.3333333333333333,0.6666666666666666,2,4,0.0,2,1.0,2.0,9.3,161.6,5.666666666666666
233,4,5,6,1,0,0,3,4,3,5,6,3,3,5,1,0.25,0.0,4,4,2,2,3,2,6,2141,0,0,2,0.0,0.0,0.0,4,3,4,2,0,4,1,3,2,1,3,232,1,2,2,2,2,1,2,4,3,2,1,1,1,3,4,2,2,4,5,1,1,1,5,1,2,0,0,0,0,0,0,1,0,2,2,5,0.0,3,3,1,2,2,2,2,1,4,1,1,6,1,1,0.0,1,6.215,97.23076923076923,0.0,0.25,0.0,0.0,0.0,0.0,4.556,10.0,3.49,3.389,3.925,1.181,7.049,2.143,5.947,3.611,3,0,0.0,2.0,1.0,1,2,0.0,0,0.0,2.0,4.65,32.7,4.0
254,1,6,7,1,3,0,4,4,3,5,7,0,3,5,4,0.38,1.0,4,4,1,2,3,3,6,2039,0,0,1,0.0,0.0,0.0,2,1,3,0,0,2,1,3,3,1,1,128,3,2,0,0,0,1,2,4,1,1,1,1,1,3,3,1,1,6,0,0,0,0,0,0,0,0,0,0,0,0,0,0,0,5,0,0,1.0,3,3,1,5,0,0,5,1,4,1,1,6,1,0,0.0,0,6.0633333333333335,93.53846153846153,0.0,0.3125,0.0,0.0,0.0,0.0,7.5,2.825,0.0,0.0,5.833,10.0,10.0,10.0,10.0,10.0,4,8,0.0,1.5,0.5,3,2,0.0,2,1.0,2.0,0.0,270.7,3.0
153,2,6,6,1,3,0,3,3,3,5,7,5,6,4,4,0.42,0.0,4,4,2,1,3,1,4,1677,2,0,1,0.0,0.0,0.0,4,4,3,0,0,1,1,1,2,4,1,0,3,4,1,3,1,1,2,4,1,2,1,1,1,2,3,1,2,3,4,2,2,1,2,0,0,0,0,0,0,0,0,0,1,1,1,2,0.0,2,3,1,5,0,0,5,1,4,1,1,6,1,7,0.0,0,5.911666666666666,89.84615384615384,0.0,0.375,0.5,0.0,0.0,0.0,1.85,1.05,6.176,4.562,3.275,3.927,5.449,6.039,4.798,4.167,1,5,0.0,1.0,0.0,0,2,0.0,2,0.0,2.0,7.7,55.8,2.0
226,2,4,5,4,0,0,4,2,2,4,6,4,2,5,4,0.04,0.0,4,4,2,1,3,3,3,1950,0,0,1,0.0,0.0,0.0,4,3,0,4,0,2,0,1,0,3,0,168,1,2,1,1,2,1,1,4,1,2,2,1,1,3,3,2,1,5,5,1,1,2,4,0,0,0,0,0,0,0,0,0,0,1,1,5,0.0,3,1,1,4,2,2,5,1,4,1,0,5,1,7,0.0,0,5.76,86.15384615384616,0.0,0.4375,0.5,0.0,0.0,0.0,2.131,1.08,5.333,3.375,2.967,0.851,7.167,2.293,5.228,6.667,3,1,0.0,1.0,0.0,1,2,0.0,2,1.0,2.0,4.0,76.3,2.4285714285714284
248,2,2,5,6,0,0,4,3,2,3,4,6,2,5,4,0.13,0.0,4,4,2,1,3,3,6,1903,0,0,1,1.0,1.0,0.0,3,1,3,0,0,1,0,3,4,1,3,160,1,1,0,0,0,1,2,3,1,1,1,1,1,1,3,2,1,6,0,0,0,0,0,0,0,0,0,0,0,0,0,0,0,5,0,0,1.0,3,3,1,5,0,0,5,1,4,1,1,6,1,7,0.0,0,5.6083333333333325,82.46153846153845,0.0,0.5,0.0,0.0,0.0,0.0,6.806,0.325,0.0,0.0,6.667,0.732,10.0,1.281,10.0,6.667,4,8,0.0,1.0,0.0,0,3,0.0,2,1.0,2.0,7.7,90.0,2.857142857142857
210,3,5,5,6,3,0,4,3,2,4,4,4,2,5,4,0.096,0.0,4,4,1,1,3,3,6,2092,0,1,1,0.0,0.5,0.0,2,1,3,0,0,0,1,2,3,3,3,192,3,2,2,1,1,1,1,5,1,1,1,1,1,1,3,1,1,6,0,0,0,0,0,0,0,0,0,0,0,0,0,0,0,5,0,0,1.0,3,3,1,5,0,0,5,1,4,1,1,6,1,7,0.0,0,5.456666666666666,78.76923076923077,0.0,0.5625,0.0,0.0,0.0,0.0,6.25,0.24,0.0,0.0,5.0,0.907,10.0,1.587,10.0,6.667,0,1,0.0,1.0,0.0,0,4,0.0,2,1.0,2.0,11.7,55.3,3.2857142857142856
229,4,5,7,1,0,0,5,3,2,4,3,3,3,5,4,0.14,0.0,4,4,2,1,3,1,6,2236,0,0,1,0.0,0.0,0.0,4,3,0,3,2,2,2,2,2,2,2,186,2,2,2,1,1,1,1,3,3,2,1,1,1,2,3,2,2,4,4,1,1,2,3,0,0,0,0,0,0,0,0,0,0,1,2,1,0.0,2,1,1,5,0,0,5,1,4,1,0,5,1,7,0.0,0,5.305,75.07692307692307,0.0,0.625,0.0,0.0,0.0,0.0,1.914,0.35,5.278,4.135,2.878,0.727,7.241,2.106,4.904,6.667,3,1,0.0,1.0,0.0,1,3,0.0,2,0.0,2.0,12.2,68.5,3.7142857142857144
249,4,5,6,6,3,0,5,1,1,4,5,5,2,5,4,0.22,0.0,4,4,1,1,3,3,6,2192,0,1,1,0.0,0.0,0.0,4,1,3,0,0,0,0,2,3,3,3,192,3,2,2,1,1,1,1,5,1,1,1,1,1,1,3,1,1,6,0,0,0,0,0,0,0,0,0,0,0,0,0,0,0,5,0,0,1.0,3,3,1,5,0,0,5,1,4,1,1,6,1,7,0.0,0,5.153333333333332,71.38461538461539,0.0,0.6875,0.0,0.0,0.0,0.0,6.25,0.55,0.0,0.0,5.0,0.848,10.0,1.483,10.0,10.0,4,8,0.0,1.0,0.0,0,4,0.0,2,1.0,2.0,7.8,120.9,4.142857142857142
230,5,5,7,1,0,0,5,4,3,3,3,2,3,5,2,0.54,0.0,4,4,1,1,3,3,3,2272,0,0,1,0.5,0.0,0.0,2,3,0,3,2,2,2,2,1,2,2,232,1,2,2,1,2,1,2,4,3,1,1,2,1,3,1,1,1,6,0,0,0,0,0,0,0,0,0,0,0,0,0,0,0,2,2,3,1.0,2,1,1,4,2,3,5,1,4,1,1,6,1,7,0.0,0,5.001666666666666,67.6923076923077,0.0,0.75,0.333333333,0.0,0.0,0.0,6.25,2.58,2.708,2.177,5.833,0.99,5.333,2.412,6.453,4.167,3,1,0.0,1.0,0.0,1,2,0.0,2,1.0,2.0,9.0,64.8,4.571428571428571
192,1,6,7,1,3,0,4,4,3,5,7,6,6,4,4,0.45,0.0,4,4,4,1,3,3,4,1358,0,0,0,1.0,0.0,0.0,1,1,3,1,0,2,0,2,2,4,1,128,3,4,2,1,1,1,1,5,1,2,1,1,1,1,3,2,1,5,1,1,1,1,5,0,0,0,0,0,0,0,0,0,0,5,0,0,1.0,3,3,1,5,0,0,5,1,4,1,1,6,1,7,0.0,1,4.85,64.0,0.0,0.8125,0.0,0.0,0.0,0.0,6.323,2.25,0.0,0.0,10.0,0.611,10.0,0.917,10.0,1.238,4,7,0.0,1.0,0.0,0,4,0.0,2,0.0,2.0,6.7,108.6,5.0
219,1,5,6,7,3,0,3,4,2,5,7,5,4,5,4,0.24,0.0,4,4,2,1,3,3,4,1955,2,0,0,0.0,0.0,0.0,1,3,0,2,0,2,2,1,3,2,1,224,1,2,1,1,1,1,2,4,2,2,1,1,1,2,3,2,3,4,2,2,3,2,2,0,0,0,0,0,0,0,0,0,0,1,2,1,0.0,1,1,1,5,0,0,5,1,4,3,0,6,1,7,0.0,2,5.21,63.25,0.0,0.875,0.0,0.0,0.0,0.0,2.007,0.6,5.111,4.166,3.482,0.679,5.407,2.022,5.574,6.667,2,3,0.0,2.0,0.0,2,2,0.0,2,2.0,2.0,11.7,78.3,5.0
411,3,3,1,7,2,3,4,4,3,5,5,6,5,1,2,0.82,0.0,4,4,4,1,3,1,6,2183,2,0,0,0.0,0.0,0.0,2,1,3,1,0,2,0,3,2,2,1,160,2,1,0,0,0,1,1,5,1,1,1,1,1,1,3,1,1,6,0,0,0,0,0,0,0,0,0,0,0,0,0,0,0,5,0,0,0.0,3,3,1,5,0,0,1,1,4,1,1,6,1,7,0.0,1,5.57,62.5,0.0,0.9375,0.0,0.0,0.0,0.0,7.917,5.35,0.0,0.0,8.889,0.2,10.0,0.3,10.0,1.238,1,5,0.0,3.0,0.0,0,4,0.0,2,2.0,2.0,10.0,94.0,5.0
473,1,5,7,2,2,1,4,4,3,5,7,5,5,1,3,0.308,0.0,4,4,2,1,3,1,4,2079,2,0,0,0.0,0.0,0.0,4,2,0,2,0,4,0,2,3,1,2,224,3,1,0,0,0,1,1,4,3,2,1,1,1,3,3,2,3,4,5,1,2,3,4,0,0,0,0,0,0,0,0,0,1,1,1,4,0.0,3,3,2,5,0,0,5,6,4,1,0,6,1,7,0.0,0,5.9399999999999995,61.75,0.0,1.0,0.666666667,0.0,0.0,0.0,2.426,2.02,6.398,5.155,2.957,3.98,5.626,6.132,4.208,4.167,1,5,2.0,2.0,1.0,2,2,0.0,2,2.0,2.0,8.3,74.0,4.0
22,4,5,7,1,3,0,5,5,3,4,4,3,6,5,4,0.71,0.0,4,4,1,1,3,1,4,1523,0,0,0,0.0,0.0,0.0,2,4,3,1,1,1,2,0,2,4,1,64,3,4,2,1,2,1,2,2,3,2,2,1,1,1,4,4,2,2,2,2,2,2,2,0,0,0,0,0,0,0,0,0,1,2,1,3,0.0,2,3,1,5,0,0,5,1,4,1,1,6,1,7,0.0,1,6.31,61.0,0.0,0.8333333333333334,0.0,0.0,0.0,0.0,5.118,1.775,3.166,1.894,4.329,3.948,5.298,6.075,5.971,5.0,2,4,0.0,1.0,0.0,0,0,0.0,0,0.0,2.0,0.0,21.3,0.0
497,4,5,7,1,3,2,4,2,2,5,3,4,5,2,2,0.5,0.0,4,4,2,2,3,2,2,2221,0,0,0,0.0,0.0,0.0,4,2,3,2,2,0,4,0,2,1,1,112,3,2,1,2,1,1,5,4,1,1,2,1,2,3,4,3,4,2,5,1,1,2,3,0,0,0,0,0,0,0,0,0,0,1,2,5,0.0,3,3,2,4,2,2,5,6,4,1,0,6,1,7,0.0,0,5.359999999999999,68.25,0.0,0.6666666666666667,0.5,0.0,0.0,0.0,2.647,4.0,6.046,4.438,2.834,0.868,5.037,1.607,4.989,6.667,0,0,2.0,0.0,1.0,3,2,0.0,0,3.0,2.0,6.3,25.4,4.0
424,1,5,7,1,3,0,4,1,2,5,7,6,4,2,4,0.83,0.0,4,4,3,1,3,3,4,2043,0,0,0,0.0,0.0,0.0,4,2,0,2,1,2,2,2,3,2,3,224,1,2,2,1,2,1,3,5,1,2,1,1,1,2,4,3,3,2,4,2,2,2,3,0,0,0,0,0,0,0,0,0,0,2,2,5,1.0,3,3,1,5,0,0,5,1,4,1,0,6,1,7,0.0,1,4.41,75.5,0.0,0.5,0.0,0.0,0.0,0.0,5.112,2.075,3.785,0.946,4.444,0.24,5.119,0.419,5.801,6.667,0,0,2.0,3.0,0.0,3,4,0.0,0,2.0,2.0,7.3,16.0,3.0
72,3,5,7,1,3,0,4,5,3,4,3,5,5,5,4,0.42,0.0,4,4,3,1,3,3,4,1854,2,0,0,0.0,0.0,0.0,2,3,0,1,1,2,2,2,2,2,3,192,3,2,2,1,2,1,3,4,3,2,1,2,1,3,3,3,2,4,5,2,2,1,5,0,0,0,0,0,0,0,0,0,0,4,0,0,1.0,3,3,1,5,0,0,5,1,4,1,0,6,1,7,0.0,0,4.52,82.75,0.0,0.33333333333333337,0.0,0.0,0.0,0.0,6.827,1.05,0.759,0.0,10.0,0.435,10.0,0.761,10.0,1.548,0,1,0.0,3.0,0.0,0,2,0.0,2,2.0,2.0,3.7,107.0,4.0
446,1,4,5,6,3,0,3,1,2,5,7,6,3,5,4,0.3,0.0,0,2,3,2,3,3,4,2283,0,0,0,0.0,0.0,0.0,4,1,0,1,0,1,0,2,3,3,3,128,3,2,4,2,1,1,1,5,1,2,1,1,1,1,3,2,1,5,1,1,0,1,1,0,0,5,0,0,0,0,0,0,0,5,0,0,1.0,3,3,1,4,2,1,4,1,4,1,1,5,1,7,0.0,0,4.43,90.0,0.0,0.16666666666666674,0.0,0.0,0.0,0.0,5.872,3.1,0.0,0.0,10.0,10.0,10.0,10.0,10.0,10.0,4,7,0.0,1.0,0.0,0,4,0.0,2,0.0,2.0,1.85,86.3,5.0
90,1,4,7,1,0,0,3,5,3,1,7,5,6,4,4,0.52,0.0,0,0,3,1,3,3,4,1339,2,0,0,0.0,0.0,0.0,2,3,4,5,2,1,1,0,0,0,3,127,4,1,0,0,0,1,2,3,3,2,3,2,1,3,4,3,1,3,5,1,1,1,5,0,0,0,0,0,0,0,0,0,0,4,0,0,1.0,2,2,1,5,0,0,5,1,4,1,1,6,1,7,0.0,1,6.49,134.0,0.0,0.0,0.0,0.0,0.0,0.0,6.281,1.3,0.861,0.0,10.0,10.0,10.0,10.0,10.0,10.0,3,0,1.0,2.0,1.0,1,3,0.0,0,0.0,2.0,0.0,31.0,4.0
253,2,2,2,6,2,2,4,2,2,4,7,4,3,1,4,0.146,0.0,0,1,1,2,3,3,6,2139,2,0,0,0.0,0.0,0.0,3,1,0,1,0,3,0,4,0,5,2,128,3,1,0,0,0,1,1,4,1,1,1,1,1,3,3,1,1,6,0,0,0,0,0,0,0,0,0,0,0,0,0,0,0,4,0,0,1.0,3,3,1,4,1,2,2,1,4,3,1,5,1,7,0.0,1,6.7204999999999995,142.4,0.0,0.0,0.0,0.0,0.0,0.0,7.5,3.792,0.729,0.0,6.667,10.0,10.0,10.0,10.0,10.0,4,7,0.0,3.0,1.0,2,4,0.0,2,0.5,2.0,0.0,31.35,5.0
93,3,4,7,1,0,0,5,1,1,1,4,6,5,5,4,0.3,0.0,0,0,1,1,2,1,4,1608,2,0,0,0.0,0.0,0.0,4,3,0,6,1,1,0,0,0,0,1,42,4,1,0,0,0,1,1,4,3,2,1,1,1,2,4,2,2,5,5,2,0,1,1,0,0,0,0,0,0,0,0,0,1,1,1,4,0.0,3,1,2,4,1,3,5,1,4,3,2,4,1,1,0.0,0,6.951,150.8,0.0,0.0,0.0,0.0,0.0,0.0,1.939,3.6,5.556,5.493,3.627,10.0,5.064,10.0,4.929,10.0,3,0,0.0,2.0,1.0,1,2,0.0,0,1.0,1.0,0.0,31.7,7.0
18,3,6,7,1,3,0,5,5,3,5,3,5,6,5,4,0.01,0.0,4,4,2,1,3,2,4,1426,2,0,0,0.0,0.0,0.0,2,4,3,0,0,0,0,0,3,4,3,168,4,4,3,1,2,1,2,2,2,2,2,2,1,2,4,3,3,2,3,2,2,2,5,0,0,0,0,0,0,0,0,0,0,2,1,3,0.0,1,3,1,5,0,0,5,1,4,1,1,6,1,7,0.0,0,6.02,159.2,0.0,0.0,0.0,0.0,0.0,0.0,5.032,0.025,3.281,3.346,4.546,0.789,6.265,1.381,6.254,1.667,2,4,2.0,1.0,0.0,0,0,0.0,0,3.0,2.0,0.0,25.0,0.0
137,1,5,7,2,1,1,5,4,3,6,7,5,5,3,2,0.04,0.0,4,4,2,1,2,2,5,1799,2,0,0,0.0,0.0,0.0,4,3,0,1,1,0,4,0,2,2,1,112,4,1,0,0,0,1,5,3,1,1,2,1,1,2,4,2,3,4,5,1,2,2,1,0,0,0,0,0,0,0,0,0,1,1,2,4,0.0,3,3,2,5,0,0,4,1,4,1,1,6,1,7,0.0,1,6.47,167.6,0.0,0.0,0.0,0.0,0.0,0.0,2.185,1.975,5.944,5.712,3.09,4.346,6.083,6.772,4.218,5.417,0,0,0.0,0.0,1.0,3,3,0.0,0,2.0,2.0,6.3,25.4,4.0
160,1,5,7,2,3,0,4,2,2,3,7,4,6,5,4,0.57,1.0,4,4,2,2,2,3,5,1329,2,0,0,0.0,0.0,0.0,4,4,3,0,0,0,2,0,2,5,1,232,3,4,3,3,2,1,2,1,1,1,2,1,1,2,3,4,2,1,3,2,2,1,1,0,0,0,0,0,0,0,0,0,0,1,1,2,0.0,2,2,2,3,1,3,4,1,4,1,1,4,1,7,0.0,0,6.92,176.0,0.0,0.0,0.333333333,0.0,0.0,0.0,2.914,5.64,7.102,3.735,4.88,10.0,5.041,10.0,5.904,10.0,2,3,1.0,1.0,1.0,0,1,0.0,2,0.0,0.0,0.0,48.7,2.0
16,1,5,7,1,3,0,5,5,3,2,6,5,6,5,4,0.6,0.0,4,4,1,1,3,3,4,1418,0,0,0,0.0,0.0,0.0,2,4,3,1,0,1,0,1,2,4,1,232,3,4,2,2,2,1,2,3,3,2,1,1,1,2,3,4,2,1,2,2,2,1,1,0,0,0,0,0,0,0,0,0,1,1,2,2,0.0,2,3,1,5,0,0,5,1,4,1,1,6,1,7,0.0,1,6.17,33.0,0.0,0.1111111111111111,0.0,0.0,0.0,0.0,3.028,1.5,5.778,2.122,4.787,4.0,4.717,6.167,5.837,5.0,2,3,0.0,1.0,1.0,0,3,0.0,2,0.0,2.0,1.7,60.3,2.0
174,1,5,7,4,3,1,4,4,3,5,7,4,6,2,4,0.0787,0.0,4,4,1,2,3,3,6,1670,2,0,0,0.0,0.0,0.0,4,2,0,2,0,4,0,0,3,2,2,224,2,2,1,1,1,1,1,5,1,1,1,1,1,3,3,1,1,6,0,0,0,0,0,0,0,0,0,0,0,0,0,0,0,4,0,0,1.0,3,3,2,5,0,0,4,6,4,1,1,6,1,7,0.0,0,4.9,45.5,0.0,0.2222222222222222,0.0,0.0,0.0,0.0,6.0,2.072,0.764,0.0,4.167,1.153,10.0,2.018,10.0,2.5,1,2,0.0,2.0,2.0,3,4,0.0,2,1.0,2.0,5.7,237.3,4.0
178,1,5,7,1,3,0,4,5,3,5,7,5,6,1,4,0.58,0.0,4,4,4,1,3,3,4,1551,0,0,0,0.0,0.0,0.0,1,1,3,2,0,3,0,3,1,2,1,160,1,2,2,1,1,1,1,5,1,2,1,1,0,2,3,2,1,5,2,1,1,1,5,0,0,0,0,0,0,0,0,0,0,4,0,0,1.0,3,3,1,5,0,0,5,1,4,1,1,6,1,7,0.0,1,3.63,58.0,0.0,0.3333333333333333,0.0,0.0,0.0,0.0,6.323,2.9,0.729,0.0,10.0,0.467,10.0,0.7,10.0,0.571,4,6,0.0,2.0,0.0,3,4,0.0,2,0.0,2.0,4.7,160.3,4.0
189,1,6,7,1,3,0,4,5,3,5,7,5,6,1,4,0.58,0.0,4,4,3,1,3,3,4,1551,0,0,0,0.0,0.0,0.0,2,1,3,1,0,1,0,3,0,3,2,128,4,3,1,1,1,1,1,5,1,1,1,1,1,2,3,2,1,5,1,1,1,1,5,0,0,0,0,0,0,0,0,0,0,5,0,0,1.0,3,3,1,5,0,0,5,1,4,1,1,6,1,7,0.0,1,3.53,51.0,0.0,0.4444444444444444,0.0,0.0,0.0,0.0,6.184,1.45,0.0,0.0,10.0,0.359,10.0,0.628,10.0,0.833,4,6,0.0,1.0,0.0,0,4,0.0,2,0.0,2.0,7.7,222.0,4.0
227,1,1,6,4,3,1,5,4,3,5,7,5,2,1,2,0.1,0.0,4,4,3,1,3,1,6,1945,2,0,0,0.0,0.0,0.0,4,3,0,0,0,5,0,2,1,1,1,232,3,1,0,0,0,1,2,4,1,2,4,1,1,2,3,1,2,5,5,1,1,1,4,0,0,0,0,0,0,0,0,0,0,2,2,4,0.0,3,3,1,4,2,1,5,1,4,1,1,6,1,1,0.0,1,3.8899999999999997,88.75,0.0,0.5555555555555556,0.0,0.0,0.0,0.0,3.832,1.7,3.779,3.243,2.874,0.618,7.478,1.06,3.928,1.806,3,1,0.0,2.0,1.0,0,2,0.0,2,0.0,2.0,2.7,96.0,4.0
251,1,4,5,6,3,0,3,1,1,4,7,5,1,5,4,0.03,0.0,4,4,3,3,3,1,6,2181,0,1,0,0.0,0.0,0.0,4,1,0,0,0,2,0,2,4,2,2,160,1,2,1,1,1,1,1,4,1,1,1,1,1,3,3,1,1,6,0,0,0,0,0,0,0,0,0,0,0,0,0,0,0,5,0,0,1.0,3,3,1,5,0,0,5,1,4,1,0,5,1,7,0.0,0,4.25,126.5,0.0,0.6666666666666666,0.333333333,0.0,0.0,0.0,8.611,2.575,0.0,0.0,8.056,1.097,10.0,1.919,10.0,10.0,4,8,0.0,2.0,1.0,0,2,0.0,2,1.0,2.0,9.3,126.7,4.5
255,1,5,7,1,3,1,5,4,3,5,7,4,2,2,2,0.061,0.0,4,4,3,0,3,3,6,2038,2,1,0,0.0,0.0,0.0,3,1,0,3,0,2,0,2,3,0,3,224,2,1,0,0,0,1,1,4,2,2,1,1,1,2,4,1,2,6,0,0,0,0,0,0,0,0,0,0,0,0,0,0,0,5,0,0,1.0,3,3,1,5,0,0,4,1,4,1,1,6,1,7,0.0,1,4.609999999999999,164.25,0.0,0.7777777777777777,0.0,0.0,0.0,0.0,8.194,0.777,0.0,0.0,8.519,0.606,10.0,1.06,10.0,1.032,4,7,0.0,2.0,1.0,1,2,0.0,0,0.0,2.0,1.7,26.0,5.0
273,1,5,6,2,3,1,4,3,3,3,7,4,6,2,2,0.469,0.0,4,4,3,1,2,2,5,2083,2,0,0,0.0,0.0,0.0,4,3,0,0,0,0,5,0,1,0,0,64,3,1,0,0,0,1,5,1,1,2,4,1,1,3,3,3,4,2,5,1,1,1,3,0,0,0,0,0,0,0,0,0,0,1,1,4,0.0,3,3,2,5,0,0,5,1,4,1,1,6,1,7,0.0,0,4.97,202.0,0.0,0.8888888888888888,0.333333333,0.0,0.0,0.0,2.932,3.047,5.574,4.929,3.282,0.65,6.478,1.137,5.385,3.452,0,1,2.0,0.0,2.0,0,1,0.0,2,3.0,2.0,0.0,63.3,4.0
299,1,5,7,1,3,1,4,5,3,5,7,5,6,1,2,0.907,0.0,4,4,2,1,3,2,5,1669,1,0,0,0.0,0.0,0.0,2,2,3,3,0,1,0,0,4,0,3,232,1,1,0,0,0,1,1,4,1,1,2,1,1,3,3,1,2,5,5,1,1,2,1,0,0,0,0,0,0,0,0,0,1,1,2,4,0.0,3,3,2,5,0,0,5,1,4,1,1,6,1,7,0.0,1,5.33,239.75,0.0,1.0,0.0,0.0,0.0,0.0,1.435,2.893,6.75,4.334,2.704,3.695,5.988,5.633,4.037,4.167,1,5,0.0,3.0,1.0,1,2,0.0,2,2.0,2.0,5.3,226.7,4.0
307,1,5,6,4,1,0,4,5,3,6,7,3,6,1,2,0.03,0.0,4,4,1,1,3,2,6,2026,2,0,0,0.0,0.0,0.0,2,1,0,1,0,2,1,2,4,1,1,232,3,1,0,0,0,1,1,4,3,2,1,1,1,3,3,1,2,5,5,1,1,1,5,1,1,0,0,0,0,0,0,2,0,5,0,0,1.0,3,3,1,5,0,0,5,1,4,1,1,6,1,7,0.0,1,5.6899999999999995,277.5,0.0,1.0,0.0,0.0,0.0,0.0,5.312,0.7,0.0,0.0,10.0,0.938,10.0,1.642,10.0,2.5,4,7,0.0,3.0,1.0,3,2,0.0,2,0.0,2.0,6.0,51.0,5.0
308,1,5,7,4,2,2,4,5,3,5,6,6,6,1,2,0.47,0.0,4,4,1,1,3,2,6,2008,2,0,0,0.0,0.0,0.0,4,2,0,0,0,3,0,1,4,1,2,232,3,1,0,0,0,1,1,5,3,1,1,1,1,3,3,1,3,3,5,1,1,1,5,1,1,0,0,0,0,0,0,2,0,2,2,4,0.0,3,3,1,5,0,0,5,1,4,1,1,6,1,7,0.0,1,6.050000000000001,315.25,0.0,1.0,0.0,0.0,0.0,0.0,3.604,1.8,3.938,3.624,4.183,0.729,7.477,1.275,5.501,2.5,4,8,0.0,3.0,0.0,0,4,0.0,2,2.0,2.0,8.0,56.0,5.0
364,1,4,7,1,0,0,3,2,2,4,7,6,5,4,4,0.26,0.0,4,4,1,1,2,3,4,2003,1,0,0,0.0,0.0,0.0,1,3,0,1,1,0,5,0,1,0,1,76,4,1,0,0,0,1,5,1,3,2,2,3,1,2,1,4,2,2,5,2,2,1,5,0,0,0,0,0,0,0,0,0,1,1,2,4,0.0,1,3,1,5,0,0,5,1,4,1,2,6,1,7,0.0,2,6.41,353.0,0.0,1.0,0.0,0.0,0.0,0.0,3.476,1.9,6.593,4.665,4.606,4.4,4.269,6.867,5.954,6.667,0,0,1.0,0.0,1.0,0,1,0.0,1,2.0,2.0,0.0,8.3,9.0
367,1,5,6,2,0,0,3,3,2,2,7,6,1,5,4,0.01,0.0,4,4,2,2,3,3,4,2194,2,0,0,0.0,0.0,0.0,4,3,0,1,1,1,4,1,1,1,1,64,3,1,0,0,0,1,5,4,2,2,3,2,2,3,3,4,3,2,5,2,2,2,4,0,0,0,0,0,0,0,0,0,1,1,2,5,0.0,2,3,1,5,0,0,5,1,4,1,0,6,1,7,0.0,0,5.02,230.0,0.0,1.0,0.0,0.0,0.023148148166666667,0.0,3.523,1.9,6.556,4.752,4.727,4.36,5.029,6.797,6.071,6.667,0,1,0.0,0.0,0.0,0,2,0.0,2,0.0,2.0,2.3,65.0,2.0
376,1,5,7,4,2,1,4,4,3,4,7,6,6,1,2,0.0202,0.0,4,4,3,1,3,2,4,1883,2,0,0,0.0,0.0,0.0,4,3,0,2,2,0,3,0,2,0,2,240,2,1,0,0,0,1,4,2,1,2,3,2,1,3,2,4,2,3,5,3,2,2,1,0,0,0,0,0,0,0,0,0,0,1,2,4,0.0,3,3,2,5,0,0,5,1,4,1,1,6,1,7,0.0,1,5.255,230.0,0.0,1.0,0.0,0.0,0.046296296333333334,0.0,3.359,0.675,4.611,5.355,5.426,0.625,4.303,1.094,5.134,2.52,0,0,2.0,0.0,0.0,2,0,0.0,1,0.0,2.0,0.0,17.0,0.0
384,1,5,7,4,0,0,4,4,3,4,7,4,5,5,4,0.86,0.0,4,4,3,1,3,2,4,1911,0,0,0,0.0,0.0,0.0,4,3,0,4,2,2,2,1,1,1,3,254,3,1,0,0,0,1,3,3,3,2,2,2,1,3,2,3,1,4,1,1,1,1,5,0,0,0,0,0,0,0,0,0,0,5,0,0,1.0,3,3,1,5,0,0,5,1,4,1,1,6,1,7,0.0,1,5.49,230.0,0.0,1.0,0.0,0.0,0.06944444450000001,0.0,6.351,2.15,0.0,0.0,10.0,0.225,10.0,0.394,10.0,2.103,3,0,0.0,2.0,1.0,1,3,0.0,1,0.0,2.0,0.0,12.7,3.0
388,1,4,6,4,0,0,3,1,2,1,7,0,6,5,4,0.1,0.0,4,4,3,1,2,3,4,2217,0,0,0,0.0,0.0,0.0,2,3,0,3,2,2,3,1,1,1,3,124,3,1,0,0,0,1,3,4,3,2,2,2,1,3,3,4,2,2,5,1,1,1,5,0,0,0,0,0,0,0,0,0,0,5,0,0,1.0,3,3,1,4,1,2,5,1,4,1,0,6,1,7,0.0,0,6.43,780.0,0.0,1.0,0.333333333,0.0,0.09259259266666667,0.0,6.934,3.2,0.0,0.0,10.0,0.896,10.0,1.655,10.0,6.667,3,0,1.0,2.0,0.0,2,2,0.0,2,0.0,0.0,1.7,39.6,5.0
413,1,4,6,6,0,3,4,5,3,5,1,6,6,1,2,0.29,0.0,4,4,2,1,2,3,6,1735,2,0,0,0.0,0.0,0.0,2,2,4,0,0,0,2,0,4,3,1,64,3,1,0,0,0,1,1,4,2,2,1,1,1,2,2,2,2,6,0,0,0,0,0,0,0,0,0,0,0,0,0,0,0,2,2,1,1.0,3,3,1,5,0,0,5,1,4,3,1,6,1,7,0.0,1,5.529999999999999,471.5,0.0,1.0,0.0,0.0,0.11574074083333333,0.0,6.806,2.6,3.264,2.411,7.407,0.894,7.444,1.564,5.339,2.917,1,5,0.0,3.0,1.0,0,2,0.0,1,0.0,0.0,3.0,12.0,4.0
425,1,5,6,6,2,2,4,5,3,5,4,5,5,3,4,0.111,0.0,4,4,1,1,3,2,4,1864,2,0,0,0.0,0.0,0.0,2,2,3,1,0,0,0,0,2,5,2,64,3,4,2,1,1,1,2,4,3,2,1,1,1,1,4,3,2,3,1,2,1,0,5,0,0,0,0,0,0,0,0,0,0,4,0,0,1.0,3,3,1,4,1,2,5,2,4,3,1,3,1,7,0.0,0,4.63,163.0,0.0,1.0,0.5,0.0,0.13888888900000002,0.0,6.549,2.222,0.771,0.0,10.0,0.961,10.0,1.766,10.0,4.167,1,2,0.0,1.0,1.0,0,2,0.0,0,0.0,2.0,7.8999999999999995,26.0,4.0
427,1,1,3,7,2,1,4,5,3,5,7,4,5,1,4,0.378,1.0,4,4,4,1,3,3,6,2175,0,0,0,0.058823529411764705,0.0,0.0,3,1,3,1,0,2,0,3,0,2,3,160,3,2,1,1,1,1,1,5,1,2,1,2,1,1,3,1,1,6,0,0,0,0,0,0,0,0,0,0,0,0,0,0,0,5,0,0,1.0,3,3,1,5,0,0,5,1,4,1,1,6,1,7,0.0,1,4.47,186.5,0.0,1.0,0.0,0.0,0.16203703716666668,0.0,7.917,1.89,0.0,0.0,8.333,10.0,10.0,10.0,10.0,10.0,4,6,0.0,3.0,1.0,2,4,0.0,2,0.5,2.0,12.799999999999999,94.3,5.0
442,1,5,7,1,3,0,4,4,3,6,7,5,5,5,4,0.76,0.0,4,4,3,1,3,3,4,1973,0,0,0,0.11764705882352941,0.0,0.0,2,1,3,0,0,1,0,2,4,2,3,128,4,2,2,1,1,1,1,5,1,1,1,1,1,1,3,3,1,4,4,1,1,1,5,0,1,0,0,0,0,0,0,0,0,5,0,0,1.0,3,3,1,5,0,0,5,1,4,1,1,6,1,7,0.0,1,3.7,210.0,0.0,1.0,0.0,0.0,0.18518518533333334,0.0,6.559,1.9,0.0,0.0,10.0,0.273,10.0,0.478,10.0,0.833,4,6,0.0,3.0,1.0,0,4,0.0,2,1.0,2.0,17.7,109.3,5.0
443,1,5,7,1,3,0,4,5,3,6,7,5,3,4,4,0.36,0.0,4,4,3,1,3,3,4,2166,0,0,0,0.1764705882352941,0.0,0.0,4,1,3,1,0,2,2,3,3,3,3,168,1,2,3,1,2,1,2,5,1,2,1,1,1,1,3,1,1,6,0,0,0,0,0,0,0,0,0,0,0,0,0,0,0,4,0,0,1.0,3,3,1,5,0,0,5,1,4,1,1,6,1,7,0.0,1,4.03,208.33333333333334,0.0,1.0,0.0,0.0,0.2083333335,0.0,7.361,0.9,0.694,0.0,7.222,0.463,10.0,0.811,10.0,0.833,4,7,0.0,1.0,0.0,0,4,0.0,2,1.0,2.0,11.35,53.3,5.0
444,1,6,7,1,3,0,4,4,3,5,7,6,3,2,4,0.47,0.0,4,4,4,1,3,3,4,2079,0,0,0,0.23529411764705882,0.0,0.0,4,1,3,1,0,1,0,2,2,3,3,192,4,3,2,1,2,1,1,5,1,1,1,1,1,1,3,2,1,5,1,1,1,1,5,0,0,0,0,0,0,0,0,0,0,5,0,0,1.0,3,3,1,5,0,0,5,1,4,1,1,6,1,7,0.0,1,4.238571428571428,206.66666666666666,0.0,1.0,0.0,0.0,0.23148148166666666,0.0,6.323,2.35,0.0,0.0,10.0,0.589,10.0,0.883,10.0,1.238,4,6,0.0,1.0,1.0,0,4,0.0,2,1.0,2.0,5.0,52.5,5.0
465,1,4,6,4,3,1,3,4,3,4,7,4,3,2,1,0.634,0.0,4,4,1,2,3,3,6,2032,0,0,0,0.29411764705882354,0.0,0.0,4,3,0,3,0,4,0,0,2,0,1,224,3,1,0,0,0,1,1,5,3,2,1,1,1,3,3,1,1,6,0,0,0,0,0,0,0,0,0,0,0,0,0,0,0,5,0,0,1.0,3,3,2,5,0,0,5,6,4,1,1,6,1,7,0.0,0,4.4471428571428575,205.0,0.0,1.0,0.0,0.0,0.2546296298333333,0.0,6.0,10.0,0.0,0.0,5.0,0.889,10.0,1.555,10.0,2.5,3,1,0.0,2.0,2.0,2,4,0.0,2,1.0,2.0,6.0,51.7,4.0
478,1,5,7,2,2,1,4,2,3,5,7,4,5,2,1,0.2115,0.0,4,4,1,3,3,2,1,1888,2,0,0,0.3529411764705882,0.0,0.0,4,2,0,1,0,3,0,2,4,1,1,192,1,1,0,0,0,1,1,5,1,1,1,1,1,3,3,1,1,6,0,0,0,0,0,0,0,0,0,0,0,0,0,0,0,4,0,0,1.0,3,3,2,5,0,0,5,6,4,1,0,6,1,4,0.0,1,4.655714285714286,203.33333333333334,0.0,1.0,0.0,0.0,0.27777777800000003,0.0,6.0,10.0,0.729,0.0,5.0,1.328,10.0,2.324,10.0,3.254,1,5,0.0,3.0,2.0,0,4,0.0,2,1.0,2.0,7.3,61.4,4.0
479,1,5,6,1,3,1,4,4,3,5,7,4,5,1,2,0.127,0.0,4,4,3,1,3,3,6,2232,0,0,0,0.4117647058823529,0.0,0.0,4,2,0,1,0,4,0,0,3,0,2,224,1,1,0,0,0,1,2,4,1,1,1,1,2,3,3,1,3,4,5,1,2,2,5,0,0,0,0,0,0,0,0,0,0,2,2,5,0.0,3,3,2,5,0,0,5,6,4,1,1,1,1,7,0.0,1,4.864285714285715,201.66666666666666,0.0,1.0,0.0,0.0,0.3009259261666667,0.0,3.844,0.943,3.912,1.7,3.27,0.574,6.177,1.005,4.497,1.448,1,5,0.0,2.0,1.0,3,2,0.0,2,2.0,2.0,5.7,54.6,4.0
480,1,5,6,1,3,1,4,4,3,5,6,4,5,1,2,0.106,0.0,4,4,3,1,3,3,6,2232,0,0,0,0.47058823529411764,0.0,0.0,4,2,3,0,0,3,2,0,3,1,2,224,1,1,0,0,0,1,3,3,1,1,1,1,3,3,3,1,4,2,4,2,2,2,4,0,0,0,0,0,0,0,0,0,0,2,2,5,0.0,3,3,2,5,0,0,5,6,4,1,1,1,1,7,0.0,1,5.072857142857143,200.0,0.0,1.0,0.0,0.0,0.32407407433333335,0.0,4.062,0.89,3.733,1.719,3.919,0.584,6.177,1.023,5.226,1.865,1,2,2.0,3.0,0.0,0,3,0.0,2,3.0,2.0,2.3,60.0,4.0
481,1,2,6,2,0,3,4,4,3,5,1,5,6,2,2,0.49,0.0,4,4,2,1,3,3,6,2217,2,0,0,0.5294117647058824,0.0,0.0,3,1,3,2,0,2,0,3,4,0,2,232,3,1,0,0,0,1,1,4,2,2,1,1,1,1,3,1,1,6,0,0,0,0,0,0,0,0,0,0,0,0,0,0,0,4,0,0,1.0,3,3,1,5,0,0,4,1,4,1,1,6,1,7,0.0,0,5.281428571428572,198.33333333333334,0.0,1.0,0.0,0.0,0.3472222225,0.0,6.806,1.85,0.708,0.0,6.667,0.56,10.0,0.981,10.0,1.667,4,7,0.0,3.0,1.0,3,2,0.0,2,1.0,2.0,1.7249999999999999,250.0,5.0
508,1,1,3,7,1,1,4,1,1,3,4,6,4,1,4,0.36,0.0,4,4,2,2,3,2,6,2228,2,0,0,0.5882352941176471,0.0,0.0,3,2,0,5,1,0,0,0,0,2,2,184,3,1,0,0,0,1,1,5,1,1,1,1,1,1,3,1,1,6,0,0,0,0,0,0,0,0,0,0,0,0,0,0,0,2,2,5,0.0,3,3,1,4,1,2,5,1,4,1,1,6,1,7,0.0,0,5.49,196.66666666666666,0.0,1.0,0.0,0.0,0.37037037066666667,0.0,6.806,4.22,4.167,3.796,6.667,0.926,9.074,1.707,5.108,10.0,3,1,0.0,2.0,1.0,1,4,0.0,2,0.0,2.0,1.15,71.0,4.0
512,1,5,6,4,1,0,4,5,3,5,7,4,6,2,2,0.3,0.0,4,4,1,1,3,2,4,2026,2,0,0,0.6470588235294118,0.0,0.0,2,3,0,2,2,1,3,0,3,1,2,125,4,2,2,1,2,1,4,3,3,2,4,1,1,1,2,2,2,5,5,1,1,1,4,0,0,0,0,0,0,0,0,0,0,2,2,4,0.0,3,3,1,5,0,0,5,1,4,1,1,6,1,7,0.0,1,5.745,195.0,0.0,1.0,0.0,0.0,0.39351851883333333,0.0,3.971,1.375,2.587,3.788,2.625,0.81,5.891,1.417,4.512,2.5,0,0,1.0,0.0,0.0,3,3,0.0,0,0.0,2.0,0.575,27.0,4.0
515,1,5,6,4,1,3,4,2,2,5,7,5,6,3,1,0.01,0.0,4,4,1,2,3,2,4,1987,2,0,0,0.7058823529411764,0.0,0.0,3,3,0,0,3,0,3,0,1,2,3,80,3,4,2,1,1,1,4,1,1,2,3,1,1,3,1,4,2,5,5,3,2,2,2,0,0,0,0,0,0,0,0,0,0,1,2,4,0.0,3,3,2,5,0,0,4,1,4,1,1,6,1,7,0.0,1,6.0,193.33333333333334,0.0,1.0,0.0,0.0,0.416666667,0.0,3.494,10.0,4.639,6.434,4.248,1.384,4.742,2.075,4.682,6.667,0,0,0.0,0.0,0.0,2,1,0.0,1,0.0,2.0,0.0,7.0,9.0
517,1,5,7,1,2,1,4,5,3,4,7,6,6,1,2,0.16,0.0,4,4,2,1,3,2,6,1968,0,0,0,0.7647058823529411,0.0,0.0,2,3,0,4,0,2,0,0,3,1,1,224,1,1,0,0,0,1,1,4,1,1,2,1,2,3,3,2,3,4,5,1,2,2,1,0,0,0,0,0,0,0,0,0,0,2,2,5,1.0,3,3,2,5,0,0,5,1,4,1,1,6,1,7,0.0,1,6.255,191.66666666666666,0.0,1.0,0.333333333,0.0,0.4012345682222222,0.0,4.206,1.025,4.219,2.684,3.537,0.717,6.741,1.256,4.85,1.667,3,1,2.0,2.0,1.0,1,2,0.0,2,2.0,2.0,7.3,46.4,4.0
528,1,5,7,1,0,0,4,5,3,5,7,4,6,5,4,0.56,0.0,4,4,2,1,3,2,4,1479,2,0,0,0.8235294117647058,0.0,0.0,2,3,0,5,2,2,2,1,1,0,2,62,4,1,0,0,0,1,2,4,3,2,2,2,1,3,3,2,2,5,5,1,1,1,4,0,0,0,0,0,0,0,0,0,0,2,2,5,1.0,3,2,1,5,0,0,5,1,4,1,0,6,1,7,0.0,1,6.51,190.0,0.0,0.0,0.0,0.0,0.3858024694444444,0.0,4.103,1.4,4.965,2.891,3.069,0.527,5.838,1.478,5.382,1.667,3,1,0.0,2.0,1.0,1,2,0.0,2,0.0,2.0,0.7,73.3,4.0
532,1,5,7,1,0,0,3,4,3,6,7,6,3,4,4,0.6,0.0,4,4,3,1,3,3,4,2195,0,0,0,0.8823529411764706,0.0,0.0,4,3,1,4,1,2,2,1,2,0,2,168,4,1,0,0,0,1,1,4,3,2,1,1,1,1,3,2,1,5,5,1,1,1,5,0,0,0,0,0,0,0,0,0,0,5,0,0,0.0,3,3,1,5,0,0,5,1,4,1,0,6,1,0,0.0,0,5.49,153.33333333333334,0.0,0.0,0.0,0.0,0.37037037066666667,0.0,6.184,1.5,0.0,0.0,10.0,0.349,10.0,0.611,10.0,0.833,3,1,2.0,1.0,0.0,0,0,0.0,1,4.0,2.0,5.7,42.3,10.0
533,1,5,7,1,0,0,3,4,3,6,7,6,3,4,4,0.6,0.0,4,4,3,1,3,3,4,2195,0,0,0,0.9411764705882353,0.0,0.0,4,1,3,1,0,2,0,2,2,2,2,160,3,2,2,1,1,1,1,5,1,1,1,1,1,1,3,0,1,6,0,0,0,0,0,0,0,0,0,0,0,0,0,0,0,5,0,0,1.0,3,3,1,5,0,0,5,1,4,1,1,6,1,7,0.0,0,4.470000000000001,116.66666666666667,0.0,0.0,0.0,0.0,0.3549382718888889,0.0,7.361,1.5,0.0,0.0,7.222,0.349,10.0,0.611,10.0,0.833,4,7,0.0,3.0,0.0,0,4,0.0,2,1.0,2.0,10.0,34.0,5.0
535,1,5,7,1,0,0,3,5,3,5,7,6,4,5,4,0.39,0.0,4,4,3,1,2,3,4,2009,0,0,0,1.0,0.0,0.0,1,1,0,0,0,3,0,1,4,0,3,128,1,1,0,0,0,1,1,3,3,2,3,1,1,1,3,2,2,5,5,1,1,1,5,0,0,0,0,0,0,0,0,0,0,4,0,0,1.0,3,3,1,5,0,0,5,1,4,1,1,6,1,7,0.0,0,3.45,80.0,0.0,0.0,0.0,0.0,0.3395061731111111,0.0,6.184,2.225,0.75,0.0,10.0,0.687,10.0,1.203,10.0,2.083,4,7,0.0,3.0,0.0,0,3,0.0,2,0.0,2.0,0.0,198.0,5.0
537,1,6,7,1,0,0,4,1,1,5,7,5,2,2,4,0.31,0.0,4,4,3,1,2,3,4,2241,0,0,0,1.0,0.0,0.0,4,1,3,1,0,2,0,3,4,1,3,224,3,1,0,0,0,1,1,4,1,1,1,1,1,1,3,2,1,6,0,0,0,0,0,0,0,0,0,0,0,0,0,0,0,5,0,0,1.0,3,3,1,5,0,0,4,1,4,1,1,4,1,7,0.0,0,4.885,85.0,0.0,0.0,0.0,0.0,0.32407407433333335,0.0,7.361,2.025,0.0,0.0,7.778,0.725,10.0,1.269,10.0,10.0,4,7,0.0,3.0,1.0,0,4,0.0,2,1.0,2.0,7.3,205.7,5.0
541,1,4,7,1,0,0,4,2,1,4,7,6,3,5,4,0.26,0.0,4,4,1,1,3,3,2,2292,2,0,0,1.0,0.0,0.0,1,3,0,1,1,0,5,0,1,0,1,64,4,1,0,0,0,1,5,1,3,2,3,1,1,2,2,4,2,1,4,2,2,1,1,0,0,0,0,0,0,0,0,0,1,1,2,4,0.0,2,3,1,5,0,0,4,1,4,1,1,6,1,7,0.0,0,6.32,90.0,0.0,0.0,0.0,0.0,0.30864197555555556,0.0,2.83,0.65,4.843,4.976,4.515,4.162,3.993,6.45,5.863,10.0,0,0,1.0,0.0,2.0,0,1,0.0,1,0.0,0.0,0.0,0.0,10.0
57,1,5,7,1,0,3,4,5,3,5,7,4,6,5,4,0.77,0.0,4,4,3,1,3,3,4,1493,2,0,0,0.75,0.0,0.0,2,1,3,2,0,2,0,2,3,2,3,160,1,2,1,1,1,1,2,5,3,1,2,1,1,2,3,2,2,4,4,2,2,2,5,0,0,0,0,0,0,0,0,0,0,4,0,0,1.0,3,3,1,5,0,0,5,1,4,1,1,6,1,7,0.0,1,3.69,96.0,0.0,0.0,0.0,0.0,0.29320987677777777,0.0,6.452,1.925,0.733,0.0,10.0,0.268,10.0,0.469,10.0,0.893,4,7,0.0,3.0,1.0,0,4,0.0,2,0.0,2.0,5.3,156.0,4.0
6,1,5,7,1,0,0,5,5,3,3,7,6,6,5,4,0.73,0.0,4,4,1,1,3,2,4,1418,0,0,0,0.5,0.0,0.0,2,3,0,2,1,1,4,1,2,0,1,232,4,1,0,0,0,1,4,2,1,2,2,2,1,2,4,4,2,1,5,2,2,2,1,0,0,0,0,0,0,0,0,0,0,1,2,5,1.0,2,3,2,5,0,0,5,1,4,1,0,6,1,7,0.0,0,5.82,20.0,1.0,0.0,0.0,0.0,0.277777778,0.0,3.085,1.825,5.657,3.364,4.293,0.605,4.471,1.058,5.312,2.5,0,0,0.0,0.0,1.0,0,0,0.0,1,0.0,2.0,0.0,9.0,0.0
7,1,5,7,1,3,0,4,1,1,5,7,6,6,5,4,0.42,0.0,4,4,1,1,3,3,4,1340,0,0,0,0.25,0.0,0.0,2,3,0,2,0,0,3,0,3,2,1,72,3,2,3,1,2,1,4,1,3,2,3,2,1,3,3,4,2,2,2,2,2,1,1,0,0,0,0,0,0,0,0,0,1,1,2,4,0.0,1,3,1,5,0,0,4,1,4,1,0,6,1,7,0.0,2,7.13,85.0,0.0,0.0,0.0,0.0,0.2623456792222222,0.0,3.122,1.05,5.722,2.295,4.602,4.086,5.019,6.317,5.926,10.0,0,1,1.0,0.0,0.0,0,1,0.0,2,0.0,1.0,0.0,46.7,1.0
100,2,5,7,1,0,0,5,1,2,1,4,3,5,5,4,0.54,0.0,4,4,3,1,2,1,4,1887,0,0,0,0.0,0.0,0.0,4,3,0,5,2,1,1,1,1,0,2,42,4,1,0,0,0,1,1,1,3,2,4,2,1,2,3,4,2,3,5,2,2,1,4,0,0,0,0,0,0,0,0,0,1,2,2,4,0.0,3,3,1,5,0,0,5,1,4,1,1,5,1,1,0.0,0,6.67,186.0,0.0,0.0,0.0,0.0,0.24691358044444445,0.0,5.475,2.6,4.219,1.695,4.763,3.949,5.422,6.078,5.708,6.667,3,1,1.0,2.0,1.0,1,0,0.0,2,0.0,0.0,0.0,42.3,4.0
145,2,5,7,1,3,0,4,1,2,4,7,6,6,4,0,0.16,0.0,4,4,1,1,2,3,3,1632,2,0,0,0.0,0.0,0.0,2,3,0,1,1,0,5,0,1,2,1,72,3,2,3,1,2,1,5,2,1,2,2,3,1,3,3,4,2,2,2,2,3,3,1,0,0,0,0,0,0,0,0,0,1,1,2,4,0.0,1,2,2,5,0,0,4,1,4,2,2,6,1,7,0.0,2,6.42,105.0,0.0,0.0,0.0,0.0,0.23148148166666666,0.0,2.703,1.65,7.398,4.409,4.157,4.448,4.962,7.506,5.698,6.667,0,1,1.0,0.0,2.0,0,1,0.0,2,0.0,2.0,0.0,46.0,10.0
148,2,5,7,1,3,0,4,1,1,2,6,6,6,5,4,0.41,0.0,4,4,1,2,2,3,4,1348,1,0,0,0.0,0.0,0.0,4,3,4,0,0,0,4,0,2,2,1,64,4,2,4,1,2,1,2,2,1,1,2,1,1,1,4,3,2,1,3,3,3,3,1,0,0,0,0,0,0,0,0,0,1,1,2,4,0.0,2,2,1,4,1,3,5,1,4,2,2,2,1,7,0.0,0,7.89,194.0,0.0,0.0,0.0,0.0,0.21604938288888886,0.0,2.737,5.32,6.759,4.103,4.528,4.794,4.833,7.981,5.366,10.0,0,0,1.0,3.0,1.0,0,0,0.0,0,0.0,2.0,0.0,31.3,10.0
17,2,5,7,1,3,0,5,5,3,3,7,5,6,5,4,0.55,0.0,4,4,1,1,3,3,3,1407,0,0,0,0.0,0.0,0.0,2,4,3,1,0,1,1,1,2,4,2,232,4,4,2,1,1,1,2,2,2,2,3,1,2,2,4,4,3,1,2,2,2,2,4,0,0,0,0,0,0,0,0,0,1,2,1,3,0.0,1,3,1,5,0,0,5,1,4,1,1,6,1,7,0.0,1,6.35,63.0,1.0,0.3333333333333333,0.0,0.0,0.2006172841111111,0.0,5.176,1.375,3.177,1.363,4.441,4.024,4.894,6.208,6.532,5.0,2,4,2.0,1.0,0.0,0,0,0.0,0,2.0,2.0,0.0,28.7,0.0
228,2,5,5,6,3,2,4,1,1,1,2,5,1,2,2,0.025,0.0,4,4,3,2,3,2,1,2017,2,1,0,0.0,0.0,0.0,4,3,0,5,0,2,0,0,1,0,2,232,3,1,0,0,0,1,1,4,3,2,1,1,1,3,4,1,2,5,5,1,1,2,1,0,0,0,0,0,0,0,0,0,0,1,2,4,0.0,3,3,2,5,0,0,5,1,4,1,1,6,1,7,0.0,1,6.085714285714285,61.857142857142854,0.9,0.6666666666666666,0.333333333,0.0,0.18518518533333334,0.0,1.407,2.562,6.556,5.492,2.778,0.861,5.434,1.507,3.806,10.0,3,0,0.0,2.0,1.0,1,2,0.0,0,0.0,2.0,5.0,24.0,4.0
242,2,5,7,1,3,0,5,2,2,4,4,4,3,5,4,0.2,0.0,4,4,2,1,3,1,3,1971,2,0,0,0.16666666666666666,0.0,0.0,3,2,3,0,0,0,1,0,2,0,1,0,4,4,3,2,1,1,1,3,1,1,1,1,1,2,3,2,1,4,3,1,2,1,1,0,0,0,0,0,0,0,0,0,0,1,1,2,0.0,3,3,1,5,0,0,5,1,4,3,1,6,1,7,0.0,0,5.821428571428571,60.714285714285715,0.8,1.0,0.333333333,0.0,0.16975308655555554,0.0,2.191,0.5,6.148,5.193,3.583,0.698,5.729,1.222,4.589,6.667,1,2,0.0,2.5,1.0,0,3,0.0,2,1.0,2.0,5.5,39.5,4.5
250,2,4,5,2,2,2,3,2,2,2,4,6,2,1,4,0.005,1.0,4,4,2,2,3,3,6,2039,0,0,0,0.3333333333333333,0.0,0.0,4,1,0,1,0,2,0,2,3,2,3,224,2,3,1,1,1,1,1,5,1,1,1,1,1,3,3,1,1,6,0,0,0,0,0,0,0,0,0,0,0,0,0,0,0,5,0,0,1.0,3,3,1,5,0,0,5,1,4,1,1,6,1,7,0.0,1,5.557142857142857,59.57142857142857,0.7,1.0,0.0,0.0,0.15432098777777775,0.0,8.056,1.887,0.0,0.0,6.944,10.0,10.0,10.0,10.0,10.0,4,8,0.0,3.0,1.0,0,4,0.0,2,1.0,2.0,4.3,87.0,5.0
27,2,5,7,1,0,0,5,5,3,3,5,6,6,5,4,0.75,0.0,4,4,2,1,3,1,4,1363,0,0,0,0.5,0.0,0.0,2,3,0,5,0,5,0,1,1,1,3,168,3,1,0,0,0,1,1,4,1,2,1,2,1,2,4,2,1,5,5,1,1,1,5,0,0,0,0,0,0,0,0,0,0,5,0,0,1.0,3,3,1,5,0,0,5,1,4,1,1,1,1,7,0.0,1,5.292857142857143,58.42857142857143,0.6,0.8571428571428572,0.0,0.0,0.13888888899999996,0.0,6.045,1.875,0.0,0.0,10.0,0.437,10.0,0.764,10.0,1.667,3,0,0.0,2.0,1.0,1,2,0.0,0,1.0,2.0,2.3,21.0,3.0
310,2,6,7,2,3,1,4,1,3,5,5,5,6,1,3,0.28,0.0,4,4,3,1,3,3,6,1824,2,0,0,0.6666666666666666,0.0,0.0,2,1,0,1,0,3,0,0,4,2,2,224,1,2,1,1,1,1,1,5,1,1,1,1,1,3,3,1,2,6,0,0,0,0,0,0,0,0,0,0,0,0,0,0,0,4,0,0,1.0,3,3,1,5,0,0,5,6,4,1,3,6,1,7,0.0,0,5.0285714285714285,57.285714285714285,0.5,0.7142857142857143,0.0,0.0,0.12345679022222222,0.0,8.611,1.95,0.729,0.0,8.056,0.502,10.0,0.878,10.0,2.143,4,8,0.0,3.0,2.0,0,4,0.0,2,0.0,2.0,4.7,250.0,5.0
426,2,5,7,4,2,1,3,4,3,5,6,3,5,2,2,0.006,0.0,4,4,1,1,3,0,6,2146,2,0,0,0.8333333333333333,0.0,0.0,4,1,0,0,0,0,0,1,5,2,1,192,4,4,4,1,1,1,1,5,1,1,1,1,1,3,3,1,2,5,1,1,1,1,5,0,0,0,0,0,0,0,0,0,0,5,0,0,1.0,3,3,1,5,0,0,5,1,4,1,1,6,1,7,0.0,1,4.764285714285714,56.142857142857146,0.3999999999999999,0.5714285714285714,0.0,0.0,0.10802469144444443,0.0,5.312,0.64,0.0,0.0,10.0,0.95,10.0,1.662,10.0,2.5,4,6,0.0,3.0,1.0,0,4,0.0,2,0.0,2.0,5.0,164.8,5.0
54,2,5,5,1,3,0,4,5,3,1,5,5,6,1,4,0.49,0.0,4,4,2,1,3,2,4,1421,0,0,0,1.0,0.0,0.0,1,1,3,2,0,2,0,3,3,2,2,160,1,2,1,1,1,1,1,5,1,1,1,1,1,1,3,2,1,5,1,1,1,1,5,0,0,0,0,0,0,0,0,0,0,1,3,5,1.0,3,3,1,4,2,2,5,1,4,1,1,6,1,7,0.0,1,4.5,55.0,0.29999999999999993,0.4285714285714286,0.0,0.0,0.09259259266666664,0.0,2.389,1.98,5.667,3.591,2.495,0.664,5.207,1.257,2.942,2.778,4,7,0.0,3.0,0.0,3,4,0.0,2,1.0,2.0,5.7,79.6,4.0
5,2,5,7,1,0,0,5,5,3,2,3,5,6,4,4,0.75,0.0,4,4,2,1,3,3,4,1337,0,0,0,1.0,0.0,0.0,2,3,0,1,0,1,5,1,1,1,1,72,4,1,0,0,0,1,5,2,3,2,3,2,1,2,4,3,1,4,1,2,1,1,5,0,0,0,0,0,0,0,0,0,0,3,2,5,1.0,3,3,1,5,0,0,5,1,4,1,1,6,1,7,0.0,1,4.826666666666667,101.0,0.19999999999999996,0.2857142857142858,0.0,0.0,0.0771604938888889,0.0,5.698,1.875,2.782,0.672,4.485,0.437,5.415,0.764,5.35,2.857,0,0,1.0,0.0,1.0,0,0,0.0,0,1.0,1.0,0.0,27.3,0.0
105,3,5,7,1,3,0,5,5,3,5,3,6,5,5,4,0.82,0.0,4,4,3,1,3,3,4,1408,2,0,0,1.0,0.0,0.0,2,2,3,1,0,1,0,2,2,3,3,192,4,3,2,1,1,1,1,5,1,1,1,1,1,1,3,2,1,5,1,1,1,1,5,0,0,0,0,0,0,0,0,0,0,4,0,0,1.0,3,3,1,5,0,0,5,1,4,1,1,3,1,4,0.0,1,5.153333333333333,88.75,0.09999999999999998,0.1428571428571429,0.0,0.0,0.06172839511111111,0.0,6.184,2.05,0.694,0.0,10.0,0.244,10.0,0.428,10.0,0.833,1,2,0.0,1.0,1.0,0,4,0.0,2,1.0,2.0,4.7,30.15,4.0
110,3,5,7,1,3,0,4,5,3,2,4,5,6,5,4,0.23,0.0,4,4,2,1,3,1,4,1624,0,0,0,1.0,0.0,0.0,2,2,4,2,1,0,1,0,3,4,1,72,3,1,0,0,0,1,2,3,3,2,2,2,1,3,4,3,3,2,5,2,2,2,5,0,0,0,0,0,0,0,0,0,0,4,2,3,1.0,2,3,1,4,1,2,5,2,4,3,2,3,1,7,0.0,0,5.48,76.5,0.0,0.0,0.0,0.0,0.04629629633333332,0.0,6.844,2.46,0.719,0.0,10.0,0.772,10.0,1.575,10.0,3.095,1,5,2.0,1.0,0.0,0,3,0.0,0,2.0,2.0,3.3,33.0,4.0
111,3,4,6,4,3,0,4,1,2,3,6,6,2,5,4,0.16,0.0,4,4,3,1,3,3,4,2075,0,0,0,1.0,0.0,0.0,1,2,3,1,0,3,0,3,2,2,2,160,1,2,3,1,2,1,2,4,3,1,1,1,1,2,3,2,1,5,5,1,1,1,5,0,0,0,0,0,0,0,0,0,0,4,0,0,1.0,3,2,1,5,0,0,4,1,4,1,1,0,1,7,1.0,0,7.12,64.25,0.0,0.0,0.0,0.0,0.030864197555555528,0.0,5.906,0.4,0.854,0.0,10.0,0.559,10.0,1.533,10.0,6.667,1,5,0.0,2.0,0.0,0,2,0.0,2,1.0,2.0,4.3,124.3,5.0
191,3,5,6,2,3,0,3,4,3,5,4,3,6,4,4,0.47,0.0,4,4,3,1,3,3,4,1692,0,0,0,0.6666666666666667,0.0,0.0,4,1,3,1,0,1,0,2,1,4,2,128,1,3,3,1,1,1,2,5,3,2,1,1,1,1,3,1,1,6,0,0,0,0,0,0,0,0,0,0,0,0,0,0,0,4,0,0,1.0,3,3,1,5,0,0,5,1,4,2,1,6,1,7,0.0,0,4.65,52.0,0.1111111111111111,0.3333333333333333,0.0,0.0,0.015432098777777736,0.0,7.361,1.175,0.667,0.0,7.222,0.411,10.0,0.719,10.0,1.448,4,7,0.0,1.0,0.0,0,4,0.0,2,0.0,2.0,5.0,46.7,5.0
208,3,4,1,4,3,2,5,1,2,4,4,6,1,2,2,0.001,0.0,4,4,2,2,2,2,6,1945,2,0,0,0.33333333333333337,0.0,0.25,4,3,0,0,0,0,5,0,2,1,3,80,3,2,3,2,2,1,5,4,1,0,4,1,1,3,3,2,4,3,5,1,1,1,4,1,1,0,0,0,0,0,0,1,0,1,2,4,0.0,3,3,1,3,2,2,5,1,4,1,1,6,1,7,0.0,0,4.96875,51.8,0.2222222222222222,0.6666666666666666,0.0,0.0,0.0,0.0,2.568,4.002,5.865,6.639,4.147,1.388,7.012,2.499,5.379,6.667,0,0,2.0,0.0,1.0,0,2,1.0,2,3.0,2.0,2.0,36.7,4.0
212,3,4,5,4,0,0,5,1,1,4,4,4,1,5,4,0.08,0.0,4,4,1,1,3,2,4,2254,2,0,0,0.0,0.0,0.5,4,3,0,3,0,3,0,2,0,2,2,224,3,2,1,1,2,1,2,2,1,2,4,3,1,3,3,2,2,4,5,1,2,1,3,0,0,0,0,0,0,0,0,0,0,1,2,5,0.0,2,1,2,5,0,0,4,1,4,1,0,6,1,7,0.0,0,5.2875000000000005,51.6,0.3333333333333333,1.0,0.5,0.033333333300000004,0.0,0.0,1.8,0.2,4.833,6.621,2.348,0.914,6.565,2.433,4.783,10.0,0,1,1.5,0.75,1.0,1,0,0.75,2,0.0,2.0,0.0,59.7,4.25
214,3,4,6,2,0,0,3,4,3,1,5,3,3,5,2,0.01,0.0,4,2,2,1,2,1,4,2241,0,0,0,0.0,0.0,0.75,2,3,0,0,0,0,2,0,4,3,2,64,1,2,2,2,1,2,2,1,1,1,2,1,1,1,2,1,2,5,4,2,2,1,1,0,0,0,0,0,0,0,0,0,0,1,1,1,0.0,0,3,2,3,1,4,4,1,4,3,0,6,1,7,0.0,0,5.60625,51.4,0.4444444444444444,1.0,0.5,0.06666666660000001,0.0,0.0,1.348,3.52,4.713,5.04,3.296,5.0,5.44,5.0,4.231,10.0,0,1,1.0,1.5,1.0,3,1,0.5,2,0.0,2.0,0.0,85.3,4.5
231,3,5,7,1,0,0,5,1,2,5,3,3,4,5,4,0.37,0.0,4,4,2,1,3,2,4,1971,0,0,0,0.0,0.0,1.0,4,3,1,2,0,2,0,2,0,3,2,168,1,3,1,1,1,1,1,2,3,2,1,1,1,2,3,2,2,4,5,1,1,1,5,0,0,0,0,0,0,0,0,0,0,5,0,0,1.0,3,1,1,5,0,0,5,1,4,1,1,5,1,7,0.0,0,5.925000000000001,51.2,0.5555555555555556,1.0,0.0,0.09999999990000001,0.0,0.0,5.628,0.925,0.0,0.0,10.0,0.617,10.0,1.914,10.0,6.667,3,0,0.5,2.25,1.0,2,0,0.25,2,0.0,2.0,4.0,76.0,4.75
236,3,5,6,1,2,1,4,2,2,2,4,5,3,2,2,0.212,0.0,4,4,3,1,3,3,6,2039,2,0,0,0.0,0.0,0.75,4,2,1,1,0,3,0,2,4,1,3,224,1,1,0,0,0,1,1,5,1,1,1,1,1,3,3,1,1,6,0,0,0,0,0,0,0,0,0,0,0,0,0,0,0,4,0,0,1.0,3,3,2,5,0,0,5,1,4,1,1,6,1,7,0.0,1,6.24375,51.0,0.6666666666666666,1.0,0.333333333,0.13333333320000001,0.0,0.0,7.111,1.155,0.729,0.0,7.222,0.534,10.0,0.934,10.0,6.667,1,2,0.0,3.0,1.0,2,4,0.0,2,1.0,2.0,8.3,71.0,5.0
237,3,5,6,2,0,0,5,5,3,4,6,4,2,4,4,0.12,0.0,4,4,1,1,3,2,6,2092,0,1,0,0.0,0.0,0.5,2,1,3,0,0,2,0,2,3,2,2,128,3,1,0,0,0,1,2,3,1,1,1,1,1,1,3,1,1,6,0,0,0,0,0,0,0,0,0,0,0,0,0,0,0,4,0,0,0.0,3,1,1,4,2,2,5,1,4,1,1,6,1,7,0.0,0,6.5625,50.8,0.7777777777777777,1.0,0.5,0.1666666665,0.0,0.0,4.583,1.24,0.486,0.0,5.556,0.957,10.0,2.474,10.0,3.333,4,8,1.0,3.0,1.0,3,3,0.0,2,1.0,2.0,6.2,29.1,7.0
261,3,5,7,4,2,1,4,4,3,4,4,5,5,2,2,0.28,0.0,4,4,2,1,2,3,4,1974,1,0,0,0.08333333333333333,0.0,0.25,1,3,0,3,0,0,4,0,0,0,2,104,4,1,0,0,0,1,3,2,2,2,4,1,1,3,4,3,3,4,4,3,2,2,1,0,0,0,0,0,0,0,0,0,1,1,2,4,0.0,2,3,2,5,0,0,3,6,4,1,0,6,1,7,0.0,0,6.88125,50.6,0.8888888888888888,1.0,0.5,0.19999999980000002,0.0,0.0,3.054,2.575,5.556,4.129,4.491,4.232,4.492,6.572,4.816,5.417,0,0,2.0,3.0,1.0,2,0,0.0,0,2.0,2.0,0.3,23.4,9.0
270,3,4,5,7,0,3,2,1,3,5,6,6,6,5,1,0.67,0.0,4,4,3,1,2,3,2,1706,2,0,0,0.16666666666666666,0.0,0.0,4,3,4,0,1,0,3,0,2,3,1,64,1,3,3,3,2,1,1,1,1,1,1,1,1,1,2,5,2,1,5,2,2,1,5,0,0,0,0,0,0,0,0,0,1,2,1,3,1.0,3,3,1,3,2,2,5,1,4,1,1,5,1,7,0.0,0,7.2,50.4,1.0,1.0,0.0,0.23333333310000004,0.0,0.0,5.629,10.0,2.5,2.201,5.441,4.096,4.645,6.426,6.183,5.139,0,0,1.0,3.0,0.0,0,1,0.0,1,2.0,2.0,0.0,16.7,4.0
284,3,5,6,4,2,1,4,4,3,4,7,5,5,2,4,0.156,0.0,4,4,2,1,3,2,2,1947,2,0,0,0.25,0.0,0.0,2,3,3,5,0,2,0,0,0,0,1,232,4,1,0,0,0,1,1,4,2,2,2,1,1,3,4,2,2,5,5,1,1,1,5,0,0,0,0,0,0,0,0,0,0,4,0,0,0.0,3,3,2,5,0,0,5,6,4,1,1,6,1,1,0.0,0,6.885,50.2,1.0,1.0,0.333333333,0.26666666640000003,0.0,0.0,5.816,0.39,0.733,0.0,10.0,0.719,10.0,1.259,10.0,1.667,3,0,0.0,2.0,1.0,1,2,0.0,0,0.0,2.0,3.7,25.6,4.0
28,3,5,7,1,0,0,5,5,3,4,1,6,6,3,4,0.45,0.0,4,4,2,1,3,2,4,1428,0,0,0,0.3333333333333333,0.0,0.0,2,3,0,4,0,2,3,1,1,0,1,232,3,1,0,0,0,1,3,3,2,2,2,2,1,3,4,4,2,2,5,2,2,2,2,0,0,0,0,0,0,0,0,0,1,2,1,5,0.0,1,3,2,5,0,0,5,1,4,1,0,6,1,7,0.0,1,6.57,50.0,1.0,1.0,0.0,0.2999999997,0.0,0.0,5.282,1.125,3.993,2.062,4.542,3.913,5.352,6.014,5.764,4.167,3,0,1.0,2.0,0.0,1,3,0.0,0,0.0,2.0,0.3,25.7,0.0
412,3,5,6,2,2,1,4,3,2,5,6,6,6,2,2,0.17204,0.0,4,4,2,2,3,2,6,1801,0,0,0,0.41666666666666663,0.0,0.0,2,2,0,2,0,2,0,1,3,2,2,224,4,2,4,1,1,1,1,5,1,1,1,1,1,3,3,1,1,6,0,0,0,0,0,0,0,0,0,0,0,0,0,0,0,5,0,0,1.0,3,3,1,5,0,0,5,1,4,1,1,6,1,7,0.0,1,6.3420000000000005,54.375,0.8571428571428572,1.0,0.0,0.333333333,0.0,0.0,8.056,2.93,0.0,0.0,6.944,0.95,10.0,1.662,10.0,6.667,1,5,0.0,3.0,1.0,3,4,0.0,2,1.0,2.0,4.0,84.0,4.0
477,3,5,7,4,2,1,4,2,3,5,5,5,5,2,4,0.44,0.0,4,4,1,2,3,3,6,1943,0,0,0,0.5,0.0,0.0,2,2,0,0,0,2,0,1,4,3,2,192,4,3,2,1,1,1,1,5,1,1,1,1,1,3,3,1,1,6,0,0,0,0,0,0,0,0,0,0,0,0,0,0,0,4,0,0,1.0,3,3,2,4,2,2,5,6,4,2,1,6,1,7,0.0,0,6.114,58.75,0.7142857142857143,1.0,0.0,0.26666666640000003,0.06666666660000001,0.0,6.0,3.38,0.694,0.0,4.167,1.032,10.0,1.888,10.0,3.333,1,2,0.0,3.0,2.0,0,4,0.0,2,1.0,2.0,5.7,92.0,4.0
500,3,4,6,4,3,2,3,3,2,4,6,4,3,5,4,0.412,0.0,4,4,1,3,2,1,4,2062,0,0,0,0.5833333333333333,0.0,0.0,4,3,0,0,0,0,5,0,0,3,0,64,3,4,1,2,1,1,5,1,1,0,4,2,3,3,2,3,3,4,4,2,3,2,1,0,0,0,0,0,0,0,0,0,0,1,1,4,0.0,1,3,2,4,1,4,2,6,4,3,0,6,1,7,0.0,2,5.886,63.125,0.5714285714285714,1.0,0.5,0.1999999998,0.13333333320000001,0.0,2.522,5.824,6.102,4.392,3.907,1.807,5.877,3.099,5.429,6.667,0,0,2.0,0.0,0.0,0,1,0.0,1,2.0,2.0,0.0,9.7,4.0
507,3,4,7,2,3,1,4,1,3,4,1,4,4,5,1,0.279,0.0,4,4,1,2,2,2,4,1947,2,0,0,0.6666666666666666,0.0,0.0,4,3,0,0,2,0,5,0,0,0,0,80,3,1,0,0,0,1,5,1,1,2,4,2,1,3,2,3,3,3,5,3,2,2,1,0,0,0,0,0,0,0,0,0,1,1,1,5,0.0,3,3,2,4,2,3,3,6,4,1,0,6,1,7,0.0,0,5.6579999999999995,67.5,0.4285714285714286,1.0,0.0,0.1333333332,0.19999999980000002,0.0,2.852,10.0,4.296,6.363,4.306,4.849,4.606,7.598,5.807,6.825,0,0,2.0,0.0,0.0,3,1,0.0,1,2.0,2.0,0.0,0.0,9.0
509,3,4,0,7,2,3,4,4,3,5,4,6,4,1,4,0.25,0.0,4,4,2,1,3,3,6,2038,2,0,0,0.75,0.0,0.0,3,3,0,0,0,0,1,0,5,2,1,64,3,2,1,1,1,1,5,4,1,1,1,1,1,2,2,2,1,5,5,1,1,1,5,1,1,0,0,0,0,0,0,0,0,3,2,2,0.0,3,3,1,5,0,0,5,1,4,1,1,6,1,7,0.0,1,5.43,71.875,0.2857142857142858,1.0,0.0,0.06666666659999998,0.26666666640000003,0.0,4.816,0.625,2.833,2.12,4.709,0.675,6.699,1.181,4.716,2.698,0,0,1.0,0.0,1.0,0,2,0.0,1,1.0,2.0,3.0,0.0,4.0
513,3,4,7,2,3,1,5,4,3,5,4,3,3,5,2,0.6162,0.0,4,4,2,2,3,3,6,2029,2,0,0,0.8333333333333333,0.0,0.0,4,1,0,1,0,3,1,1,3,2,2,224,1,2,3,1,1,1,1,5,1,1,1,1,1,3,3,1,2,4,5,1,1,1,2,0,0,0,0,0,0,0,0,0,0,5,0,0,1.0,3,3,2,5,0,0,4,1,4,1,1,6,1,7,0.0,0,4.4799999999999995,76.25,0.1428571428571429,1.0,0.0,0.0,0.333333333,0.0,5.139,4.04,0.0,0.0,10.0,0.897,10.0,1.292,10.0,2.143,4,7,0.0,2.0,0.0,1,4,0.0,2,0.0,2.0,6.0,61.0,5.0
538,3,6,7,1,0,0,4,2,1,5,4,4,2,3,4,0.15,0.0,4,4,3,1,3,3,4,2241,0,0,0,0.9166666666666666,0.0,0.0,4,1,3,2,0,2,1,2,4,1,3,160,1,1,0,0,0,1,1,5,1,1,1,1,1,1,4,2,2,5,5,1,1,1,5,0,0,0,0,0,0,0,0,0,0,5,0,0,1.0,3,3,1,4,2,1,5,1,4,1,1,4,1,7,0.0,0,3.53,80.625,0.0,0.0,0.0,0.0,0.24999999975,0.0,6.184,1.3,0.0,0.0,10.0,0.597,10.0,1.024,10.0,10.0,4,7,0.0,3.0,0.0,3,4,0.0,0,0.0,2.0,5.7,16.3,3.0
539,3,5,7,1,0,0,4,1,3,6,5,6,3,4,4,0.12,0.0,4,4,2,1,3,3,4,2341,2,0,0,1.0,0.0,0.0,3,3,0,0,3,0,3,0,3,0,2,80,4,1,0,0,0,1,3,4,3,2,1,1,1,2,5,4,1,2,5,2,1,2,5,0,0,0,0,0,0,0,0,0,0,4,0,0,1.0,3,3,1,5,0,0,5,1,4,1,0,6,1,7,0.0,0,5.13,85.0,0.0,0.0,0.0,0.0,0.1666666665,0.0,7.271,0.3,0.646,0.0,10.0,0.737,10.0,1.289,10.0,2.5,3,0,1.0,4.0,0.0,2,2,0.0,1,0.0,2.0,0.7,7.0,4.0
540,3,5,7,1,0,0,4,1,3,6,5,6,3,5,4,0.18,0.0,4,4,0,1,3,3,4,2341,0,0,0,1.0,0.0,0.0,0,3,0,4,2,1,1,1,2,0,3,232,4,1,0,0,0,1,2,4,1,2,1,1,1,2,4,2,2,4,5,2,2,2,5,0,0,0,0,0,0,0,0,0,0,5,0,0,1.0,3,3,1,5,0,0,5,1,4,2,1,5,1,7,0.0,0,4.01,88.0,0.0,0.0,0.0,0.0,0.08333333325,0.0,6.174,0.45,0.0,0.0,10.0,0.39,10.0,0.683,10.0,2.083,3,0,0.0,2.0,0.0,1,2,0.0,0,0.0,2.0,2.3,29.4,4.0
542,3,4,6,4,0,0,4,1,2,3,6,6,2,5,4,0.16,0.0,4,4,3,1,3,3,4,2075,0,0,0,1.0,0.0,0.0,4,3,2,5,0,2,0,0,0,0,1,168,4,1,0,0,0,1,1,2,3,2,4,1,1,2,3,1,1,6,0,0,0,0,0,0,0,0,0,0,0,0,0,0,0,4,0,0,1.0,3,3,1,4,2,2,4,1,4,1,3,4,1,7,0.0,0,3.955,89.0,0.0,0.0,0.0,0.0,0.0,0.0,8.194,1.32,0.625,0.0,7.407,0.662,10.0,1.255,10.0,6.667,3,1,0.0,2.0,2.0,1,0,0.0,2,1.0,2.0,0.7,82.6,5.0
114,4,5,7,1,3,0,5,5,3,5,3,6,6,3,4,0.51,0.0,4,4,3,1,3,3,4,1698,0,0,0,0.8,0.0,0.0,2,2,3,1,0,2,2,2,3,3,3,224,1,3,2,1,1,1,2,5,2,2,1,1,1,3,3,2,1,4,4,2,2,2,5,0,0,0,0,0,0,0,0,0,0,2,2,4,0.0,3,3,1,5,0,0,5,1,4,1,0,6,1,7,0.0,1,3.9,90.0,0.0,0.0,0.0,0.0,0.0,0.0,4.775,1.275,3.727,0.999,4.194,0.392,5.796,0.686,4.888,0.893,1,2,0.0,1.0,0.0,0,4,0.0,2,0.0,2.0,5.3500000000000005,55.0,5.0
133,4,5,7,1,3,0,4,5,3,5,3,6,5,3,4,0.53,1.0,4,4,3,1,3,3,5,1677,2,0,0,0.6,0.0,0.0,2,1,3,1,0,1,1,3,3,2,3,160,3,2,2,1,1,1,1,5,1,1,1,1,1,1,3,2,2,4,3,1,1,1,5,0,0,0,0,0,0,0,0,0,0,4,0,0,1.0,3,3,1,5,0,0,5,1,4,1,1,6,1,7,0.0,1,3.89,55.0,0.0,0.0,0.0,0.0,0.0,0.0,6.236,1.325,0.711,0.0,10.0,10.0,10.0,10.0,10.0,10.0,4,6,0.0,3.0,0.0,0,4,0.0,2,0.0,2.0,10.0,52.7,5.0
134,4,5,7,1,3,0,5,5,3,4,3,6,6,3,4,0.81,0.0,4,4,3,1,3,3,4,1464,0,0,0,0.3999999999999999,0.0,0.0,2,1,3,1,0,1,0,2,3,2,3,192,4,2,1,1,1,1,1,5,1,1,1,1,1,1,3,2,1,5,1,1,1,1,5,0,0,0,0,0,0,0,0,0,0,4,0,0,1.0,3,0,1,5,0,0,5,1,4,1,1,6,1,7,0.0,1,4.04,48.0,0.0,0.5,0.0,0.0,0.0,0.0,5.767,2.025,0.556,0.0,10.0,0.249,10.0,0.436,10.0,0.833,4,6,0.0,1.0,0.0,0,4,0.0,2,0.0,2.0,5.0,73.85,5.0
147,4,5,7,4,3,0,4,1,1,4,4,6,6,4,4,0.01,0.0,4,4,1,1,3,3,4,1516,2,0,0,0.19999999999999996,0.0,0.0,4,3,4,0,0,0,4,0,2,2,1,64,4,2,3,2,2,1,2,1,1,1,2,1,2,2,3,4,2,1,3,4,2,3,3,0,0,0,0,0,0,0,0,0,1,1,2,5,0.0,1,3,1,4,2,3,5,1,4,1,2,6,1,7,0.0,2,6.97,183.0,0.0,1.0,0.0,0.0,0.0,0.0,4.138,1.02,6.343,4.856,5.13,4.544,4.748,7.076,5.531,10.0,0,1,0.0,3.0,1.0,0,1,0.0,2,0.0,0.0,0.0,95.0,10.0
223,4,5,6,4,3,0,4,2,2,4,3,4,3,5,4,0.19,0.0,4,4,2,1,3,2,3,2118,2,0,0,0.0,0.0,0.0,2,4,3,0,0,0,1,0,1,6,0,0,4,5,1,1,1,3,1,1,3,1,1,1,1,2,4,4,2,2,4,1,1,1,1,0,0,0,0,0,0,0,0,0,0,1,2,2,1.0,1,3,1,5,0,0,1,1,4,3,1,6,1,7,0.0,2,6.885714285714285,162.875,1.0,1.0,0.333333333,0.0,0.0,0.0,2.858,0.475,6.148,5.841,4.028,0.703,4.438,1.231,5.763,6.667,2,4,0.5,2.5,1.0,0,1,0.0,0,0.0,0.5,0.0,17.7,8.5
240,4,5,7,1,3,0,5,4,2,4,3,3,3,2,1,0.27,0.0,4,4,3,1,2,2,4,2140,2,0,0,0.0,0.0,1.0,4,1,3,2,0,0,3,2,4,1,1,224,3,1,0,0,0,1,2,3,1,2,1,1,1,3,3,1,2,5,4,2,3,3,5,0,0,0,0,0,0,0,0,0,0,3,2,4,0.0,1,3,1,4,2,2,5,1,4,1,2,6,1,7,0.0,2,6.801428571428572,142.75,0.8333333333333334,1.0,0.333333333,0.0,0.0,0.0,4.65,10.0,3.125,2.816,4.217,0.825,7.559,1.533,4.905,6.667,1,2,1.0,2.0,1.0,2,3,0.0,2,0.0,1.0,0.0,58.349999999999994,7.0
252,4,5,4,4,0,0,4,4,3,5,6,5,2,4,4,0.12,0.0,4,4,2,1,3,3,6,2181,0,0,0,0.0,0.0,0.0,2,1,0,2,0,3,0,2,3,1,2,224,1,1,0,0,0,1,2,5,1,1,1,1,1,1,3,1,1,6,0,0,0,0,0,0,0,0,0,0,0,0,0,0,0,5,0,0,1.0,3,3,1,3,2,3,5,1,4,1,0,6,1,7,0.0,1,6.717142857142857,122.625,0.6666666666666667,1.0,0.5,0.0,0.0,0.0,6.806,1.24,0.0,0.0,6.667,1.131,10.0,1.938,10.0,4.028,4,8,1.5,1.5,1.0,2,4,0.0,2,1.0,1.5,8.3,99.0,5.5
285,4,5,4,1,3,1,4,4,3,4,3,5,6,4,2,0.603,0.0,4,4,2,1,3,2,6,2077,2,0,0,0.0,0.05263157894736842,0.0,4,4,0,1,1,0,2,0,1,4,0,112,4,4,1,4,1,1,2,1,1,1,1,1,3,3,2,3,4,1,5,2,2,2,4,1,2,0,0,0,1,0,0,1,0,2,2,3,0.0,1,3,2,4,2,2,5,1,4,1,1,5,1,7,0.0,1,6.632857142857143,102.5,0.5,1.0,0.333333333,0.0,0.0,0.0,4.715,2.706,3.628,3.478,4.805,0.617,5.438,1.176,6.199,2.778,2,4,2.0,1.0,1.0,0,1,0.0,1,3.0,2.0,5.15,100.35,4.0
297,4,5,7,2,3,1,3,4,1,5,7,6,6,2,4,0.528,0.0,4,4,2,2,3,3,5,1835,0,0,0,0.0,0.10526315789473684,0.0,4,2,3,3,0,3,0,0,2,2,2,224,1,2,1,2,1,1,2,4,2,2,3,1,2,3,3,3,3,4,4,3,2,2,4,0,0,0,0,0,0,0,0,0,1,1,1,4,0.0,1,3,2,5,0,0,4,6,4,1,0,6,1,7,0.0,2,6.548571428571428,82.375,0.33333333333333337,1.0,0.666666667,0.0,0.0,0.0,3.379,3.195,5.972,2.197,4.511,4.114,5.999,6.366,4.977,10.0,1,2,2.0,2.0,1.0,2,2,0.0,2,2.0,2.0,2.0,101.7,4.0
298,4,5,5,7,0,0,2,4,3,5,5,2,5,5,1,0.17,0.0,4,4,3,1,3,2,4,1911,0,0,0,0.0,0.15789473684210525,0.0,4,1,3,2,0,2,0,2,3,2,2,224,1,1,0,0,0,1,1,5,1,1,1,1,1,2,3,1,1,5,5,1,1,1,5,0,0,0,0,0,0,0,0,0,0,4,0,0,1.0,3,3,1,5,0,0,5,6,4,1,1,6,1,7,0.0,0,6.464285714285714,62.25,0.16666666666666674,1.0,0.0,0.0,0.0,0.0,5.434,10.0,0.778,0.0,10.0,0.554,10.0,0.969,10.0,1.032,1,2,1.5,1.5,0.5,2,4,0.0,2,1.0,2.0,10.3,51.0,4.0
342,4,5,7,1,3,0,4,4,3,3,3,5,3,5,4,0.34,0.0,4,4,2,1,2,0,4,2011,0,0,0,0.5,0.21052631578947367,0.0,4,4,0,0,0,0,0,0,0,6,0,0,4,5,2,1,1,1,1,1,2,2,4,2,3,1,5,3,3,2,1,2,2,1,5,0,0,0,0,0,0,0,0,0,0,2,1,2,1.0,3,3,1,5,0,0,1,5,4,1,1,6,1,7,0.0,0,6.38,42.125,0.0,1.0,0.0,0.0,0.0,0.0,5.209,2.1,1.285,1.659,4.356,0.87,4.038,1.522,5.479,2.917,2,4,1.0,1.0,0.0,0,1,0.0,1,4.0,2.0,0.0,4.0,4.0
39,4,5,7,1,3,0,4,5,3,4,3,3,6,3,4,0.5,0.0,4,4,2,1,3,3,4,1380,0,0,0,1.0,0.2631578947368421,0.0,1,2,3,1,0,1,0,1,4,3,3,168,4,3,1,1,2,1,2,4,3,2,2,1,2,2,3,2,2,3,3,2,2,1,2,0,0,0,0,0,0,0,0,0,1,3,2,4,1.0,3,3,2,5,0,0,5,1,4,1,1,6,1,7,0.0,1,6.42,22.0,0.0,1.0,0.0,0.0,0.0,0.0,5.011,1.25,2.921,0.874,3.375,3.889,5.314,5.972,4.331,4.167,1,5,0.0,3.0,0.0,0,2,0.0,2,0.0,2.0,8.7,58.0,4.0
40,4,5,7,1,3,0,4,5,3,4,4,2,6,5,4,0.6,0.0,4,4,2,1,3,3,3,1380,0,0,0,1.0,0.3157894736842105,0.0,1,1,0,1,0,1,0,1,2,3,3,168,4,3,2,1,1,1,2,5,1,1,1,1,1,1,3,2,1,5,1,1,1,1,5,0,0,0,0,0,0,0,0,0,0,5,0,0,1.0,3,3,1,5,0,0,5,1,4,1,1,6,1,7,0.0,1,6.39125,22.875,0.0,1.0,0.0,0.0,0.0,0.0,5.993,1.5,0.0,0.0,10.0,0.508,10.0,0.889,10.0,1.667,4,6,0.0,1.0,0.0,0,4,0.0,2,1.0,2.0,9.7,57.6,4.0
457,4,5,6,4,3,1,4,2,1,5,4,3,5,5,1,0.00085,0.0,4,4,1,2,3,2,4,1970,2,0,0,1.0,0.3684210526315789,0.0,4,4,3,0,3,0,0,0,2,4,0,20,4,4,1,2,1,1,1,1,1,2,4,1,2,3,2,3,4,3,2,3,3,3,1,0,0,0,0,0,0,0,0,0,1,1,1,2,0.0,1,3,3,5,0,0,3,6,4,2,0,6,1,7,0.0,2,6.3625,23.75,0.0,1.0,0.0,0.0,0.0,0.0,2.646,10.0,5.639,6.428,4.046,4.523,5.016,7.083,5.712,10.0,2,4,2.0,1.0,0.0,2,1,0.0,1,3.0,2.0,0.0,8.3,4.0
458,4,5,6,4,3,1,3,4,3,5,4,5,5,3,2,0.086,0.0,4,4,1,1,3,2,2,2207,0,0,0,1.0,0.42105263157894735,0.0,2,3,3,6,0,0,0,1,1,0,0,40,3,1,0,0,0,1,1,4,1,1,4,1,1,3,2,2,3,5,5,1,2,2,3,0,0,0,0,0,0,0,0,0,1,1,1,4,0.0,3,3,2,5,0,0,5,1,4,1,1,6,1,7,0.0,1,6.33375,24.625,0.0,0.875,0.5,0.0,0.0,0.0,1.946,0.84,5.722,5.133,2.329,4.245,4.861,6.595,4.253,5.0,3,0,0.0,2.0,2.0,1,2,0.0,1,2.0,2.0,7.7,23.3,4.0
459,4,5,6,4,1,1,3,4,3,4,3,4,5,2,1,0.75,0.0,4,4,1,3,1,2,4,2202,0,0,0,1.0,0.47368421052631576,0.0,4,3,2,5,0,2,0,2,0,0,0,224,3,1,0,0,0,1,3,4,3,1,3,1,1,3,3,2,3,4,5,2,2,2,5,0,0,0,0,0,0,0,0,0,0,2,1,5,0.0,3,3,2,5,0,0,4,2,4,1,0,6,1,7,0.0,0,6.305,25.5,0.0,0.75,0.5,0.0,0.0,0.0,4.543,10.0,3.854,2.612,3.942,1.548,5.665,2.708,5.128,5.0,3,1,2.0,2.0,1.0,1,2,0.0,2,2.0,2.0,6.0,52.3,4.0
472,4,5,7,1,2,1,4,3,3,3,4,2,2,1,1,0.166,0.0,4,4,1,2,3,3,6,2111,2,0,0,1.0,0.5263157894736842,0.0,4,2,0,0,0,3,0,0,4,2,1,224,1,2,1,1,1,1,1,5,1,1,1,1,1,3,3,1,1,6,0,0,0,0,0,0,0,0,0,0,0,0,0,0,0,5,0,0,1.0,3,3,2,5,0,0,5,6,4,2,1,6,1,7,0.0,0,6.27625,26.375,0.0,0.625,0.0,0.0,0.0,0.0,6.0,10.0,0.0,0.0,4.167,1.111,10.0,1.945,10.0,2.897,1,5,0.0,3.0,2.0,0,4,0.0,2,1.0,2.0,7.7,60.6,4.0
482,4,5,5,7,3,2,2,3,3,5,4,4,4,1,1,0.865,0.0,4,4,2,3,3,3,6,2099,0,0,0,1.0,0.5789473684210527,0.0,3,1,3,4,0,2,0,2,3,1,2,225,2,1,0,0,0,1,1,4,1,1,1,1,1,3,3,1,1,6,0,0,0,0,0,0,0,0,0,0,0,0,0,0,0,5,0,0,1.0,3,3,1,5,0,0,5,6,4,1,1,6,1,7,0.0,1,6.2475000000000005,27.25,0.0,0.5,0.0,0.0,0.0,0.0,8.056,10.0,0.0,0.0,7.778,0.858,10.0,1.501,10.0,2.976,4,7,0.0,2.0,1.0,1,2,0.0,2,0.0,2.0,7.7,250.0,5.0
485,4,5,7,4,1,1,4,3,3,5,6,5,4,1,1,0.29,0.0,4,4,2,3,3,0,6,1987,2,0,0,1.0,0.631578947368421,0.0,1,1,0,1,0,4,0,3,3,1,2,160,1,1,0,0,0,1,1,5,1,1,1,1,1,3,3,1,2,6,0,0,0,0,0,0,0,0,0,0,0,0,0,0,0,5,0,0,1.0,3,3,1,4,2,2,5,6,4,1,0,6,1,7,0.0,0,6.21875,28.125,0.0,0.375,0.0,0.0,0.0,0.0,8.056,10.0,0.0,0.0,7.778,1.164,10.0,2.114,10.0,2.976,4,7,0.0,2.0,2.0,0,4,0.0,2,0.0,2.0,5.3,88.0,4.0
4,4,4,7,1,3,0,5,5,3,2,4,5,6,5,4,0.66,1.0,4,4,2,1,3,3,5,1357,0,0,0,1.0,0.6842105263157894,0.0,2,3,4,0,0,1,1,1,3,3,1,232,3,3,2,1,2,1,2,2,3,2,2,1,1,2,4,4,2,2,3,2,2,1,1,0,0,0,0,0,0,0,0,0,0,1,2,4,0.0,1,3,2,5,0,0,5,1,4,1,1,6,1,7,0.0,2,6.19,29.0,0.0,0.25,0.0,0.0,0.0,0.0,3.203,1.65,5.852,1.494,4.528,10.0,4.708,10.0,5.651,10.0,0,0,0.0,0.0,0.0,0,0,0.0,0,0.0,0.0,1.3,28.0,0.0
516,4,5,5,2,3,2,4,2,3,6,1,6,6,1,4,0.0129,0.0,4,4,2,1,3,3,6,2080,2,0,0,1.0,0.7368421052631579,0.0,3,3,0,0,4,0,2,0,2,1,3,84,3,1,0,0,0,1,1,1,2,1,4,1,1,3,5,4,1,6,0,0,0,0,0,0,0,0,0,0,0,0,0,0,0,5,0,0,1.0,1,3,1,5,0,0,5,1,4,1,1,5,1,3,0.0,2,6.380000000000001,66.5,0.0,0.125,0.0,0.0,0.0,0.0,8.889,0.032,0.0,0.0,6.667,0.788,10.0,1.378,10.0,1.667,3,0,1.0,2.0,1.0,1,1,0.0,1,0.0,2.0,0.0,9.0,9.0
520,4,5,7,1,0,0,4,4,3,5,3,6,6,3,4,0.72,0.0,4,4,2,1,3,3,4,1329,2,0,0,1.0,0.7894736842105263,0.0,1,3,1,1,0,1,0,1,0,0,2,170,4,1,0,0,0,1,1,4,3,2,3,2,1,2,3,2,2,5,5,1,1,1,5,0,0,0,0,0,0,0,0,0,0,4,0,0,1.0,3,3,1,5,0,0,5,1,4,1,0,6,1,7,0.0,1,6.57,104.0,0.0,0.0,0.0,0.0,0.0,0.0,6.045,1.8,0.833,0.0,10.0,0.451,10.0,0.789,10.0,1.667,3,1,0.0,2.0,2.0,1,2,0.0,2,0.0,2.0,2.0,46.3,5.0
521,4,5,7,1,0,0,4,4,3,5,3,6,6,1,4,0.72,0.0,4,4,2,1,3,3,4,1329,0,0,0,1.0,0.8421052631578947,0.0,1,1,3,2,0,2,0,2,3,1,1,160,1,1,0,0,0,1,1,5,1,2,1,1,1,2,3,2,1,5,5,1,1,1,5,0,0,0,0,0,0,0,0,0,0,4,0,0,1.0,3,3,1,5,0,0,5,1,4,1,1,6,1,7,0.0,1,5.29,89.5,0.0,0.0,0.0,0.0,0.0,0.0,6.045,1.8,0.778,0.0,10.0,0.451,10.0,0.789,10.0,1.667,4,7,0.0,2.0,0.0,3,4,0.0,2,1.0,2.0,7.7,171.3,5.0
522,4,4,6,6,0,0,3,3,3,6,6,6,6,4,4,0.41,0.0,4,4,3,1,2,3,4,1342,0,0,0,0.8333333333333334,0.894736842105263,0.0,4,3,1,5,0,1,0,1,1,0,1,168,3,1,0,0,0,1,1,5,3,2,1,2,1,2,4,1,1,5,5,1,1,1,5,0,0,0,0,0,0,0,0,0,0,4,0,0,1.0,3,3,1,5,0,0,5,1,4,1,1,6,1,7,0.0,0,4.01,75.0,0.0,0.0,0.0,0.0,0.0,0.0,5.434,2.275,0.819,0.0,10.0,0.678,10.0,1.186,10.0,2.083,3,0,0.0,2.0,2.0,1,4,0.0,0,0.0,2.0,6.3,26.4,3.0
523,4,4,6,6,0,0,3,3,3,6,6,6,6,4,4,0.41,0.0,4,4,3,1,2,3,4,1342,0,0,0,0.6666666666666667,0.9473684210526315,0.0,4,1,3,3,0,3,0,3,2,1,3,160,1,1,0,0,0,1,1,5,1,1,1,1,1,1,3,1,1,5,1,1,1,1,5,0,0,0,0,0,0,0,0,0,0,5,0,0,1.0,3,3,1,5,0,0,5,1,4,1,1,6,1,7,0.0,1,5.199999999999999,82.5,0.0,0.0,0.0,0.0,0.0,0.0,5.434,2.275,0.0,0.0,10.0,0.678,10.0,1.186,10.0,2.083,4,7,0.0,2.0,0.0,2,4,0.0,2,1.0,2.0,6.3,90.7,5.0
526,4,5,7,1,0,0,4,3,2,6,3,2,3,5,4,0.24,0.0,4,4,1,1,3,3,2,1907,2,0,0,0.5,1.0,0.0,3,3,0,1,1,0,4,0,2,1,1,124,3,1,0,0,0,1,5,2,1,2,2,1,1,2,2,4,3,1,5,2,2,2,1,0,0,0,0,0,0,0,0,0,0,1,2,4,0.0,2,3,2,5,0,0,5,1,4,1,0,6,1,7,0.0,0,6.39,90.0,0.0,0.0,0.0,0.0,0.0,0.0,2.73,0.6,5.056,4.59,4.108,0.838,3.621,1.467,5.778,6.667,0,0,0.0,0.0,1.0,3,0,0.0,1,2.0,2.0,0.0,2.3,10.0
527,4,5,7,1,3,0,4,4,3,6,3,5,3,3,4,0.24,0.0,4,4,3,1,3,3,4,1907,0,0,0,0.33333333333333337,1.0,0.0,3,2,1,2,0,3,0,2,2,3,1,160,1,3,2,1,1,1,1,5,2,2,1,1,1,1,3,3,2,3,5,1,1,2,5,0,0,0,0,0,0,0,0,0,0,4,0,0,1.0,3,3,1,5,0,0,5,2,4,1,1,6,1,7,0.0,1,4.1,61.0,0.0,0.0,0.0,0.0,0.0,0.0,6.559,0.6,0.757,0.0,10.0,0.521,10.0,0.911,10.0,0.833,1,2,0.0,2.0,0.0,3,4,0.0,2,0.0,2.0,10.7,46.0,5.0
55,4,5,7,1,3,0,4,5,3,4,3,2,6,5,4,0.59,0.0,4,4,3,1,3,3,4,1437,2,0,0,0.16666666666666674,1.0,0.0,2,1,3,2,0,2,0,2,4,2,3,168,3,2,2,1,1,1,1,5,3,2,1,1,1,2,3,2,1,5,3,1,1,1,5,0,0,0,0,0,0,0,0,0,0,4,0,0,1.0,3,3,1,5,0,0,5,1,4,1,1,6,1,7,0.0,1,3.65,53.0,0.0,0.0,0.0,0.0,0.0,0.0,6.184,1.475,0.736,0.0,10.0,0.354,10.0,0.619,10.0,0.833,4,7,0.0,3.0,0.0,0,4,0.0,2,0.0,2.0,10.0,88.7,4.0
89,4,5,7,1,2,0,4,2,2,1,2,6,4,5,4,0.11,1.0,4,4,3,1,3,3,4,1954,2,0,0,0.0,1.0,0.0,4,4,3,0,0,0,1,0,2,5,1,68,4,4,2,2,1,1,2,1,1,1,1,1,1,2,4,4,2,1,3,2,2,2,4,0,0,0,0,0,0,0,0,0,1,2,1,3,0.0,2,3,1,5,0,0,5,1,4,2,1,5,1,7,0.0,0,6.33,156.0,1.0,0.0,0.0,0.0,0.0,0.0,5.496,0.275,3.547,2.421,5.128,10.0,5.327,10.0,6.375,10.0,2,4,0.0,1.0,1.0,0,1,0.0,0,0.0,2.0,0.0,30.7,2.0
163,5,5,7,1,0,0,4,5,3,5,3,2,6,5,4,0.54,0.0,4,4,2,1,3,1,4,1486,0,0,0,0.0,1.0,0.0,4,3,4,4,0,2,2,1,1,1,2,232,3,1,0,0,0,1,3,4,3,2,1,2,1,3,4,3,3,2,5,2,2,2,5,0,0,0,0,0,0,0,0,0,1,1,2,5,1.0,3,2,1,5,0,0,5,1,4,1,0,6,1,7,0.0,1,6.16,134.0,0.0,0.0,0.0,0.0,0.0,0.0,2.921,1.35,6.944,2.757,4.496,3.87,4.841,6.494,6.188,4.167,3,0,2.0,2.0,0.0,1,2,0.0,0,2.0,2.0,1.0,28.7,2.0
511,1,4,6,7,2,1,3,4,3,4,3,6,6,4,2,0.26,0.0,4,4,1,1,1,2,3,1767,2,0,0,0.0,1.0,0.0,3,3,0,4,0,2,2,1,2,2,2,248,3,2,2,1,2,1,1,3,3,2,4,1,1,1,1,1,2,5,5,2,1,1,1,0,0,5,0,0,0,0,0,0,1,1,2,4,0.0,3,3,2,5,0,0,5,1,4,1,1,6,1,7,0.0,1,6.225714285714286,134.0,0.0,0.3333333333333333,0.0,0.0,0.0,0.0,1.585,3.775,4.778,5.84,2.222,4.638,4.605,7.283,3.855,7.5,3,0,0.0,2.0,1.0,1,3,0.0,1,0.0,2.0,0.5,0.0,1.0
209,2,4,5,6,0,0,4,1,2,5,5,4,2,5,4,0.06,0.0,4,4,2,2,3,2,4,1950,2,0,1,0.0,1.0,0.0,4,3,0,2,1,1,4,1,2,0,1,224,1,3,3,1,1,2,4,2,1,1,2,1,1,2,2,0,2,5,5,2,2,2,3,0,0,0,0,0,0,0,0,0,0,1,1,1,0.0,2,1,1,3,1,3,4,1,4,3,2,5,1,7,0.0,0,6.291428571428572,134.0,0.0,0.6666666666666666,0.5,0.0,0.0,0.0,1.182,3.62,4.157,6.561,3.222,1.364,6.196,3.052,5.388,6.667,0,0,0.5,2.25,1.0,3,0,0.0,1,0.0,2.0,0.0,0.0,3.0
215,4,5,7,1,0,0,4,1,1,5,4,5,4,5,4,0.19,0.0,4,4,2,1,2,2,4,2065,2,0,0,0.0,1.0,0.0,4,3,4,0,0,0,3,0,2,4,1,64,1,4,1,1,1,3,3,1,1,1,2,1,1,2,4,2,2,5,3,2,2,2,1,0,0,0,0,0,0,0,0,0,1,1,1,1,0.0,1,3,1,5,0,0,5,1,4,3,1,5,1,7,0.0,0,6.357142857142858,134.0,0.0,1.0,0.0,0.0,0.0,0.0,2.407,1.725,6.194,5.784,4.343,4.275,6.279,6.647,5.502,10.0,0,0,1.0,2.5,1.0,2,1,0.0,0,0.0,2.0,0.0,18.0,5.0
232,1,4,7,2,0,0,5,1,2,5,7,0,5,5,4,2146.0,0.0,4,4,2,1,2,2,4,2146,2,1,0,0.0,1.0,0.0,4,3,4,0,0,0,4,0,2,2,1,80,1,2,2,1,1,3,4,1,1,1,2,1,1,2,2,3,3,4,5,2,2,2,2,0,0,0,0,0,0,0,1,0,1,1,2,1,0.0,1,2,2,5,0,0,1,1,4,2,2,6,1,7,0.0,2,6.422857142857143,134.0,0.0,1.0,0.333333333,0.0,0.0,0.0,2.212,5366.25,6.87,-3059.572,3.53,-1017.54,4.974,0.0,787.732,6.667,3,0,1.5,2.75,1.0,1,1,0.0,1,2.0,2.0,0.0,0.0,7.0
462,2,5,5,4,3,2,4,0,3,5,3,5,6,4,2,0.1,0.0,4,4,2,1,1,3,4,2065,1,0,0,0.0,1.0,0.0,3,3,0,3,0,0,1,0,4,0,1,232,4,1,0,0,0,4,2,3,3,2,4,3,1,2,1,2,2,4,4,1,3,2,1,0,0,0,0,0,0,0,0,0,1,1,2,4,0.0,2,3,3,4,2,3,3,1,4,1,1,6,1,7,0.0,0,6.488571428571428,134.0,0.0,1.0,0.0,0.0,0.0,0.0,2.197,3.7,5.139,4.841,2.515,4.785,5.058,7.488,4.138,6.944,0,0,2.0,3.0,1.0,2,3,0.0,1,0.0,2.0,0.0,14.0,9.0
430,1,1,6,6,3,1,4,4,3,5,6,6,4,1,4,0.9,0.0,4,1,1,1,3,1,6,2169,2,0,0,0.0,1.0,0.0,3,1,0,1,0,2,0,2,5,2,2,128,3,2,1,1,1,1,1,5,1,2,1,1,1,1,3,1,1,6,0,0,0,0,0,0,0,0,0,0,0,0,0,0,0,4,0,0,1.0,3,3,1,5,0,0,5,1,4,1,1,6,1,7,0.0,1,6.554285714285714,134.0,0.0,1.0,0.0,0.0,0.0,0.0,6.25,2.25,0.694,0.0,5.0,10.0,10.0,10.0,10.0,10.0,4,6,0.0,3.0,1.0,2,4,0.0,2,0.0,2.0,0.0,88.0,5.0
167,1,5,6,1,0,0,4,1,1,5,7,5,6,5,1,0.39,0.0,4,4,2,1,3,2,4,1538,2,0,0,0.0,1.0,0.0,4,3,0,2,3,0,2,0,0,0,3,94,4,1,0,0,0,1,3,3,3,1,1,2,1,2,5,2,1,6,0,0,0,0,0,0,0,0,0,0,0,0,0,0,0,1,2,4,0.0,3,1,2,4,2,2,5,1,4,1,1,6,0,7,0.0,0,6.62,134.0,0.0,1.0,0.0,0.0,0.0,0.0,5.306,10.0,4.111,5.289,5.741,0.706,3.194,2.043,5.056,10.0,3,0,0.0,4.0,0.0,2,3,0.0,1,0.0,2.0,0.0,12.3,7.0
