id,OF1,OF2,OF3,OF4,OF5,OF6,OF7,OF8,OF9,OF10,OF11,OF12,OF13,OF14,OF15,OF16,OF17,OF18,OF19,OF20,OF21,OF22,OF23,OF24,OF25,OF26,OF27,OF28,OF29,OF30,OF31,OF32,OF33,OF34,OF35,OF36,OF37,OF38,F1,F2,F3_a,F3_b,F3_c,F3_d,F3_e,F3_f,F3_g,F4,F5,F6,F7,F8,F9,F10,F11,F12,F13,F14,F15,F16,F17,F18,F19,F20,F21,F22,F23,F24,F25,F26,F27,F28,F29,F30,F31,F32,F33,F34,F35,F36,F37,F38,F39,F40,F41,F42,F43,F44,F45,F46,F47,F48,F49,F50,F51,F52,F53,F54,F55,F56,F57,F58,F59,F60,F61,F62,F63,F64,F65,F66a,F66b,F67,F68,S1,S2,S3,S4,S5,S6,WS,WS_Benefit,SFST,SFST_Benefit,SR,SR_Benefit,PR,PR_Benefit,NR,NR_Benefit
100.0,1,2,5,7,1,0.0,0.0,5,1,2,1,0.0,4,3,5,5,4,0.54,0.0,4,4,3,1,2,1,4,1887.0,0,6,0.0,0.0,0.0,0.0,0.0,0.0,0.0,0.0,4,3,0,5.0,2.0,1.0,1.0,1.0,1.0,0.0,2,42,4,1,0,0,0,1,1,1,1,3,2,4,2,1,2,3,4,2,3,5,0.0,0.0,2,2,1,4,0.0,0,0,0,0,0.0,0.0,0.0,0,1.0,0.0,2,2,4,0.0,3,3,1,5,0,0,5,1,4,1,1,5,1,0.0,0.0,1,0.0,0,6.67,,186.0,0.0,0.0,0.0,,,,,,1,0,1,1,0,1,1,2,1,1
102.0,1,4,5,7,1,0.0,0.0,5,4,3,1,0.0,5,2,4,5,4,0.52,0.0,4,4,2,1,3,3,4,1985.0,0,6,0.0,0.0,0.0,0.0,0.0,0.0,0.0,0.0,2,3,0,4.0,3.0,1.0,1.0,1.0,1.0,0.0,3,63,3,1,0,0,0,1,1,1,2,2,2,3,2,1,2,1,3,2,3,5,0.0,0.0,2,2,1,2,0.0,0,0,0,0,0.0,0.0,0.0,0,1.0,1.0,2,2,4,1.0,3,3,2,4,2,2,5,1,4,1,1,6,1,0.0,0.0,7,0.0,1,6.56,,81.0,0.0,0.0,0.0,,,,,,1,0,1,1,0,1,0,2,0,1
105.0,1,3,5,7,1,3.0,0.0,5,5,3,5,0.0,3,6,5,5,4,0.82,0.0,4,4,3,1,3,3,4,1408.0,2,6,0.0,0.0,0.0,,,,,0.0,2,2,3,1.0,0.0,1.0,0.0,2.0,2.0,3.0,3,192,4,3,2,1,1,1,1,1,5,1,1,1,1,1,1,3,2,1,5,1,0.0,0.0,1,1,1,5,0.0,0,0,0,0,0.0,0.0,0.0,0,0.0,0.0,4,0,0,1.0,3,3,1,5,0,0,5,1,4,1,1,3,1,0.0,0.0,4,0.0,1,,,,,,0.0,,,,,,2,0,0,0,2,0,2,0,2,0
110.0,1,3,5,7,1,3.0,0.0,4,5,3,2,0.0,4,5,6,5,4,0.23,0.0,4,4,2,1,3,1,4,1624.0,0,6,0.0,0.0,0.0,,,,,0.0,2,2,4,2.0,1.0,0.0,1.0,0.0,3.0,4.0,1,72,3,1,0,0,0,1,1,2,3,3,2,2,2,1,3,4,3,3,2,5,0.0,0.0,2,2,2,5,0.0,0,0,0,0,0.0,0.0,0.0,0,0.0,0.0,4,2,3,1.0,2,3,1,4,1,2,5,2,4,3,2,3,1,0.0,0.0,7,0.0,0,5.48,28.0,,0.0,0.0,0.0,,,,,,2,0,0,0,2,0,2,0,2,0
111.0,1,3,4,6,4,3.0,0.0,4,1,2,3,0.0,6,6,2,5,4,0.16,0.0,4,4,3,1,3,3,4,2075.0,0,6,0.0,0.0,0.0,1.0,,,,0.0,1,2,3,1.0,0.0,3.0,0.0,3.0,2.0,2.0,2,160,1,2,3,1,2,1,1,2,4,3,1,1,1,1,2,3,2,1,5,5,0.0,0.0,1,1,1,5,0.0,0,0,0,0,0.0,0.0,0.0,0,0.0,0.0,4,0,0,1.0,3,2,1,5,0,0,4,1,4,1,1,0,1,0.0,0.0,7,1.0,0,7.12,,,0.0,0.0,0.0,,,,,,1,0,0,0,2,0,2,0,2,1
113.0,1,3,5,7,1,3.0,0.0,4,5,3,5,0.0,5,4,6,5,4,0.7,0.0,4,4,2,1,3,3,4,1579.0,2,6,0.0,0.0,0.0,,,,,0.0,2,4,0,1.0,1.0,1.0,1.0,0.0,3.0,3.0,3,64,4,3,2,2,2,1,1,2,3,2,2,3,1,1,2,4,3,3,1,2,0.0,0.0,3,3,3,5,1.0,4,3,5,3,1.0,0.0,0.0,2,0.0,0.0,2,2,2,1.0,2,3,1,4,2,2,5,1,4,1,1,4,1,0.0,0.0,3,0.0,1,5.95,,105.0,0.0,0.0,0.0,,,,,,1,0,1,1,1,0,1,0,1,0
114.0,1,4,5,7,1,3.0,0.0,5,5,3,5,0.0,3,6,6,3,4,0.51,0.0,4,4,3,1,3,3,4,1698.0,0,6,0.0,0.0,0.0,,,,,0.0,2,2,3,1.0,0.0,2.0,2.0,2.0,3.0,3.0,3,224,1,3,2,1,1,1,1,2,5,2,2,1,1,1,3,3,2,1,4,4,0.0,0.0,2,2,2,5,0.0,0,0,0,0,0.0,0.0,0.0,0,0.0,0.0,2,2,4,0.0,3,3,1,5,0,0,5,1,4,1,0,6,1,0.0,0.0,7,0.0,1,3.9,,90.0,0.0,0.0,0.0,,,,,,1,0,1,0,0,0,1,0,0,0
127.0,1,4,5,7,1,3.0,0.0,4,5,3,4,0.0,3,4,6,4,4,0.51,0.0,4,4,2,1,3,3,3,1624.0,2,6,0.0,0.0,0.0,,,,,0.0,2,2,4,0.0,0.0,0.0,0.0,0.0,4.0,2.0,1,0,4,3,1,2,2,1,1,2,4,2,2,3,1,1,1,3,2,3,2,2,0.0,0.0,2,3,2,5,1.0,3,1,1,2,1.0,0.0,0.0,2,0.0,0.0,2,1,4,0.0,1,3,1,5,0,0,5,1,3,1,0,6,1,0.0,0.0,7,0.0,2,6.07,,41.0,0.0,,0.0,0.0,,0.0,0.0,,1,0,1,1,0,0,1,0,1,0
128.0,1,4,5,7,1,0.0,0.0,4,5,3,4,0.0,5,3,6,5,4,0.76,0.0,4,4,3,1,3,3,4,1579.0,0,6,0.0,0.0,0.0,,,,,0.0,2,1,3,1.0,0.0,1.0,0.0,1.0,4.0,2.0,1,192,3,1,0,0,0,1,1,1,4,2,2,1,1,2,3,3,2,2,4,2,0.0,0.0,2,2,2,5,1.0,5,4,5,3,1.0,0.0,0.0,2,0.0,0.0,5,0,0,1.0,3,3,1,5,0,0,5,1,4,1,1,6,1,0.0,0.0,7,0.0,1,3.96,,230.0,0.0,0.0,0.0,,,,,,2,0,0,0,2,0,2,0,2,0
12.0,1,4,5,7,1,3.0,0.0,4,5,3,4,0.0,6,4,6,5,4,0.66,0.0,0,0,2,1,3,2,4,1357.0,0,6,0.0,0.0,0.0,,,,,0.0,2,2,3,1.0,0.0,2.0,1.0,2.0,3.0,3.0,2,128,4,3,1,1,1,1,1,2,4,2,2,1,1,2,1,3,2,2,2,2,0.0,0.0,2,5,2,5,1.0,5,3,5,2,1.0,0.0,1.0,2,1.0,0.0,2,1,2,0.0,1,3,1,5,0,0,5,1,4,1,0,6,1,0.0,0.0,7,0.0,1,4.16,,52.0,1.0,0.0,0.0,,,,,,1,0,1,1,1,2,1,2,1,2
131.0,1,2,5,7,1,3.0,0.0,4,5,3,5,0.0,5,5,5,3,4,0.46,0.0,4,4,3,1,0,3,5,1859.0,2,6,0.0,0.0,0.0,,,,,0.0,2,2,0,1.0,0.0,1.0,0.0,1.0,2.0,5.0,1,0,4,4,1,1,1,1,1,2,4,3,2,1,1,1,2,3,2,4,1,3,0.0,0.0,2,2,2,5,1.0,3,5,5,2,1.0,0.0,0.0,3,1.0,0.0,2,1,3,0.0,3,3,1,5,0,0,5,2,4,1,1,6,1,0.0,0.0,7,0.0,0,3.6,,,,,0.5,,,,,,1,0,1,1,1,1,1,2,1,0
133.0,1,4,5,7,1,3.0,0.0,4,5,3,5,0.0,3,6,5,3,4,0.53,1.0,4,4,3,1,3,3,5,1677.0,2,6,0.0,0.0,0.0,,,,,0.0,2,1,3,1.0,0.0,1.0,1.0,3.0,3.0,2.0,3,160,3,2,2,1,1,1,1,1,5,1,1,1,1,1,1,3,2,2,4,3,0.0,0.0,1,1,1,5,0.0,0,0,0,0,0.0,0.0,0.0,0,0.0,0.0,4,0,0,1.0,3,3,1,5,0,0,5,1,4,1,1,6,1,0.0,0.0,7,0.0,1,3.89,,55.0,0.0,0.0,0.0,0.0,,0.0,0.0,,2,0,0,0,2,2,2,2,2,2
134.0,1,4,5,7,1,3.0,0.0,5,5,3,4,0.0,3,6,6,3,4,0.81,0.0,4,4,3,1,3,3,4,1464.0,0,6,0.0,0.0,0.0,,,,,0.0,2,1,3,1.0,0.0,1.0,0.0,2.0,3.0,2.0,3,192,4,2,1,1,1,1,1,1,5,1,1,1,1,1,1,3,2,1,5,1,0.0,0.0,1,1,1,5,0.0,0,0,0,0,0.0,0.0,0.0,0,0.0,0.0,4,0,0,1.0,3,0,1,5,0,0,5,1,4,1,1,6,1,0.0,0.0,7,0.0,1,4.04,,48.0,,,0.0,,,,,,1,0,0,0,2,0,2,0,2,0
136.0,1,5,5,7,1,3.0,0.0,4,4,3,4,0.0,1,1,4,2,4,0.59,0.0,4,4,2,1,3,3,4,1985.0,0,6,0.0,0.0,0.0,1.0,,,,0.0,1,2,3,1.0,0.0,1.0,0.0,1.0,4.0,2.0,2,160,4,2,2,1,2,1,1,2,4,1,2,1,1,1,1,4,4,2,1,5,1.0,1.0,2,2,2,2,1.0,4,5,5,3,1.0,1.0,0.0,2,1.0,0.0,1,2,5,0.0,1,3,1,5,0,0,5,1,4,1,2,6,1,0.0,0.0,7,0.0,1,6.85,,45.0,0.0,0.0,0.0,,,,,,0,0,2,1,1,1,1,2,0,1
137.0,1,1,5,7,2,1.0,1.0,5,4,3,6,0.0,7,5,5,3,2,0.04,0.0,4,4,2,1,2,2,5,1799.0,2,6,0.0,0.0,0.0,,,,,,4,3,0,1.0,1.0,0.0,4.0,0.0,2.0,2.0,1,112,4,1,0,0,0,1,1,5,3,1,1,2,1,1,2,4,2,3,4,5,0.0,0.0,1,2,2,1,0.0,0,0,0,0,0.0,0.0,0.0,0,1.0,0.0,1,2,4,0.0,3,3,2,5,0,0,4,1,4,1,1,6,1,0.0,0.0,7,,1,,,,,,0.0,,,,,,0,0,2,2,0,1,1,2,0,1
141.0,1,1,4,6,2,3.0,2.0,3,5,3,5,0.0,7,4,6,2,4,0.079,0.0,4,4,1,3,2,1,0,1666.0,2,6,0.0,0.0,0.0,,,,,,0,3,0,2.0,0.0,1.0,5.0,0.0,1.0,1.0,0,96,3,1,0,0,0,1,1,5,3,0,2,4,1,1,3,4,3,3,3,5,0.0,0.0,2,2,2,1,1.0,0,3,5,1,1.0,0.0,0.0,3,1.0,0.0,1,1,5,0.0,3,3,3,5,0,0,4,6,4,1,0,6,1,0.0,0.0,7,0.0,0,,,,,,0.6666666666666666,,,,,,0,1,2,2,0,1,0,2,0,1
145.0,1,2,5,7,1,3.0,0.0,4,1,2,4,0.0,7,6,6,4,0,0.16,0.0,4,4,1,1,2,3,3,1632.0,2,6,0.0,0.0,0.0,,,,,0.0,2,3,0,1.0,1.0,0.0,5.0,0.0,1.0,2.0,1,72,3,2,3,1,2,1,1,5,2,1,2,2,3,1,3,3,4,2,2,2,0.0,0.0,2,3,3,1,0.0,0,0,0,0,0.0,0.0,0.0,0,1.0,0.0,1,2,4,0.0,1,2,2,5,0,0,4,1,4,2,2,6,1,0.0,0.0,7,0.0,2,6.42,,105.0,0.0,0.0,0.0,,,,,,0,0,2,2,0,1,1,2,1,1
147.0,1,4,5,7,4,3.0,0.0,4,1,1,4,0.0,4,6,6,4,4,0.01,0.0,4,4,1,1,3,3,4,1516.0,2,6,0.0,0.0,0.0,,,,,0.0,4,3,4,0.0,0.0,0.0,4.0,0.0,2.0,2.0,1,64,4,2,3,2,2,1,1,2,1,1,1,2,1,2,2,3,4,2,1,3,0.0,0.0,4,2,3,3,0.0,0,0,0,0,0.0,0.0,0.0,0,1.0,0.0,1,2,5,0.0,1,3,1,4,2,3,5,1,4,1,2,6,1,0.0,0.0,7,0.0,2,6.97,,183.0,0.0,1.0,0.0,,,,,,1,0,2,2,1,1,1,2,1,2
148.0,1,2,5,7,1,3.0,0.0,4,1,1,2,0.0,6,6,6,5,4,0.41,0.0,4,4,1,2,2,3,4,1348.0,1,6,0.0,0.0,0.0,,,,,0.0,4,3,4,0.0,0.0,0.0,4.0,0.0,2.0,2.0,1,64,4,2,4,1,2,1,1,2,2,1,1,2,1,1,1,4,3,2,1,3,0.0,0.0,3,3,3,1,0.0,0,0,0,0,0.0,0.0,0.0,0,1.0,0.0,1,2,4,0.0,2,2,1,4,1,3,5,1,4,2,2,2,1,0.0,0.0,7,0.0,0,7.89,,194.0,0.0,0.0,0.0,,,,,,0,1,2,2,0,1,1,2,0,2
153.0,1,2,6,6,1,3.0,0.0,3,3,3,5,0.0,7,5,6,4,4,0.42,0.0,4,4,2,1,3,1,4,1677.0,2,6,0.0,1.0,0.0,0.0,,,,0.0,4,4,3,0.0,0.0,1.0,1.0,1.0,2.0,4.0,1,0,3,4,1,3,1,1,1,2,4,1,2,1,1,1,2,3,1,2,3,4,0.0,0.0,2,2,1,2,0.0,0,0,0,0,0.0,0.0,0.0,0,1.0,0.0,1,1,2,0.0,2,3,1,5,0,0,5,1,4,1,1,6,1,0.0,0.0,7,0.0,0,,,,0.0,,0.5,,,,,,0,0,2,2,0,1,1,2,0,1
154.0,1,4,5,7,1,3.0,0.0,5,5,3,5,0.0,3,4,6,1,4,0.72,0.0,4,4,3,1,3,3,4,1455.0,0,5,0.0,0.0,0.0,1.0,,,,0.0,1,2,3,1.0,0.0,1.0,0.0,1.0,1.0,4.0,1,192,4,4,2,1,2,1,1,1,5,2,2,1,1,1,1,3,4,3,1,1,0.0,0.0,2,5,1,5,1.0,5,4,5,3,1.0,0.0,0.0,2,1.0,0.0,1,1,1,0.0,1,2,1,5,0,0,5,1,4,1,1,1,1,0.0,0.0,4,0.0,1,6.43,,80.0,0.0,0.0,0.0,0.0,,0.0,0.0,,0,0,2,0,1,1,1,2,1,0
155.0,1,4,5,7,1,3.0,0.0,4,4,3,3,0.0,7,6,6,4,4,0.31,1.0,4,4,2,1,3,3,4,1609.0,2,6,0.0,0.0,0.0,,,,,0.0,4,4,3,1.0,0.0,1.0,1.0,1.0,1.0,5.0,1,232,0,4,1,2,2,1,1,2,2,2,2,1,1,1,2,3,3,4,1,3,0.0,0.0,2,2,3,5,1.0,4,4,5,2,1.0,0.0,1.0,2,1.0,0.0,1,1,3,0.0,1,2,1,5,0,0,5,1,4,2,2,6,1,0.0,0.0,7,0.0,1,6.28,,160.0,1.0,0.0,0.0,,,,,,0,0,2,2,1,2,1,2,1,2
156.0,1,2,4,7,4,3.0,0.0,4,3,3,5,0.0,7,5,6,5,2,0.09,1.0,4,4,1,1,3,3,4,1516.0,2,6,0.0,0.0,0.0,,,,,0.0,4,4,3,0.0,0.0,0.0,0.0,0.0,2.0,5.0,1,72,4,4,2,4,1,1,1,2,1,1,1,1,1,1,1,3,2,4,1,5,0.0,0.0,2,2,1,4,1.0,3,4,3,1,1.0,0.0,0.0,2,1.0,0.0,1,1,3,0.0,1,3,1,4,2,2,4,1,4,1,0,6,1,0.0,0.0,7,0.0,1,6.02,,140.0,0.0,1.0,0.0,,,,,,0,0,2,2,0,2,1,2,1,2
160.0,1,1,5,7,2,3.0,0.0,4,2,2,3,0.0,7,4,6,5,4,0.57,1.0,4,4,2,2,2,3,5,1329.0,2,6,0.0,0.0,0.0,,,,,0.0,4,4,3,0.0,0.0,0.0,2.0,0.0,2.0,5.0,1,232,3,4,3,3,2,1,1,2,1,1,1,2,1,1,2,3,4,2,1,3,0.0,0.0,2,2,1,1,0.0,0,0,0,0,0.0,0.0,0.0,0,0.0,0.0,1,1,2,0.0,2,2,2,3,1,3,4,1,4,1,1,4,1,0.0,0.0,7,0.0,0,6.92,,176.0,0.0,0.0,0.3333333333333333,,,,,,0,2,2,2,0,2,1,2,1,2
163.0,1,5,5,7,1,0.0,0.0,4,5,3,5,0.0,3,2,6,5,4,0.54,0.0,4,4,2,1,3,1,4,1486.0,0,6,0.0,0.0,0.0,,,,,0.0,4,3,4,4.0,0.0,2.0,2.0,1.0,1.0,1.0,2,232,3,1,0,0,0,1,1,3,4,3,2,1,2,1,3,4,3,3,2,5,0.0,0.0,2,2,2,5,0.0,0,0,0,0,0.0,0.0,0.0,0,1.0,0.0,1,2,5,1.0,3,2,1,5,0,0,5,1,4,1,0,6,1,0.0,0.0,7,0.0,1,6.16,,134.0,0.0,0.0,0.0,,,,,,0,0,2,1,0,1,1,2,1,1
167.0,1,1,5,6,1,0.0,0.0,4,1,1,5,0.0,7,5,6,5,1,0.39,0.0,4,4,2,1,3,2,4,1538.0,2,6,0.0,0.0,0.0,,,,,0.0,4,3,0,2.0,3.0,0.0,2.0,0.0,0.0,0.0,3,94,4,1,0,0,0,1,1,3,3,3,1,1,2,1,2,5,2,1,6,0,0.0,0.0,0,0,0,0,0.0,0,0,0,0,0.0,0.0,0.0,0,0.0,0.0,1,2,4,0.0,3,1,2,4,2,2,5,1,4,1,1,6,0,0.0,0.0,7,0.0,0,6.62,,,,,0.0,,,,,,1,2,1,2,1,0,0,0,0,2
169.0,1,3,5,7,1,0.0,0.0,4,4,3,5,0.0,7,6,6,5,4,0.43,0.0,4,4,2,1,3,3,4,1342.0,0,6,0.0,0.0,0.0,,,,,0.0,4,3,0,5.0,2.0,1.0,1.0,1.0,1.0,0.0,2,63,3,1,0,0,0,1,1,2,2,3,2,4,2,1,2,3,4,2,3,5,0.0,0.0,2,2,2,2,0.0,0,0,0,0,0.0,0.0,0.0,0,1.0,1.0,1,2,5,0.0,2,3,2,5,0,0,5,1,4,1,1,6,1,0.0,0.0,7,0.0,0,7.35,,380.0,0.0,0.0,0.0,0.0,,0.0,0.0,,0,0,2,1,0,1,1,2,0,1
16.0,1,1,5,7,1,3.0,0.0,5,5,3,2,0.0,6,5,6,5,4,0.6,0.0,4,4,1,1,3,3,4,1418.0,0,6,0.0,0.0,0.0,,,,,0.0,2,4,3,1.0,0.0,1.0,0.0,1.0,2.0,4.0,1,232,3,4,2,2,2,1,1,2,3,3,2,1,1,1,2,3,4,2,1,2,0.0,0.0,2,2,1,1,0.0,0,0,0,0,0.0,0.0,0.0,0,1.0,0.0,1,2,2,0.0,2,3,1,5,0,0,5,1,4,1,1,6,1,0.0,0.0,7,0.0,1,6.17,,33.0,,,0.0,,,,,,0,0,2,1,0,1,1,2,1,1
174.0,1,1,5,7,4,3.0,1.0,4,4,3,5,0.0,7,4,6,2,4,0.0787,0.0,4,4,1,2,3,3,6,1670.0,2,6,0.0,0.0,0.0,,,,,,4,2,0,2.0,0.0,4.0,0.0,0.0,3.0,2.0,2,224,2,2,1,1,1,1,1,1,5,1,1,1,1,1,3,3,1,1,6,0,0.0,0.0,0,0,0,0,0.0,0,0,0,0,0.0,0.0,0.0,0,0.0,0.0,4,0,0,1.0,3,3,2,5,0,0,4,6,4,1,1,6,1,0.0,0.0,7,,0,,,,,,0.0,,,,,,1,0,0,0,0,0,2,0,2,0
175.0,1,4,5,7,4,2.0,1.0,4,2,3,5,0.0,6,4,6,2,3,0.1969,0.0,4,4,2,2,3,2,4,1697.0,2,6,0.0,0.0,0.0,,,,,0.0,2,2,4,1.0,0.0,0.0,1.0,0.0,4.0,3.0,1,224,4,3,4,2,1,1,1,3,3,1,1,3,1,1,3,2,2,4,3,2,0.0,0.0,1,3,2,3,1.0,5,4,5,3,1.0,0.0,0.0,1,1.0,0.0,1,2,4,0.0,3,3,1,4,2,1,5,1,4,1,1,6,1,0.0,0.0,7,,0,,,,0.0,1.0,0.0,0.0,,0.0,0.0,,0,1,2,2,0,1,1,2,0,1
177.0,1,4,5,7,2,3.0,0.0,4,5,3,2,0.0,4,4,6,5,4,0.77,0.0,4,4,3,1,3,3,4,1512.0,0,6,0.0,0.0,0.0,,,,,0.0,4,2,0,0.0,0.0,0.0,0.0,1.0,1.0,5.0,0,192,4,5,2,1,2,1,1,1,5,1,1,1,1,1,1,3,3,3,2,1,0.0,0.0,2,2,2,5,1.0,6,3,4,1,1.0,0.0,0.0,0,0.0,0.0,5,0,0,1.0,3,3,1,4,1,2,5,2,4,3,2,1,1,0.0,0.0,7,0.0,0,6.31,,63.0,0.0,0.0,0.6666666666666666,,,,,,2,1,0,0,2,0,2,0,2,0
178.0,1,1,5,7,1,3.0,0.0,4,5,3,5,0.0,7,5,6,1,4,0.58,0.0,4,4,4,1,3,3,4,1551.0,0,6,0.0,0.0,0.0,,,,,0.0,1,1,3,2.0,0.0,3.0,0.0,3.0,1.0,2.0,1,160,1,2,2,1,1,1,1,1,5,1,2,1,1,0,2,3,2,1,5,2,0.0,0.0,1,1,1,5,0.0,0,0,0,0,0.0,0.0,0.0,0,0.0,0.0,4,0,0,1.0,3,3,1,5,0,0,5,1,4,1,1,6,1,0.0,0.0,7,0.0,1,3.63,,58.0,,,0.0,,,,,,2,1,0,0,2,0,2,0,2,0
17.0,1,2,5,7,1,3.0,0.0,5,5,3,3,0.0,7,5,6,5,4,0.55,0.0,4,4,1,1,3,3,3,1407.0,0,6,0.0,0.0,0.0,,,,,0.0,2,4,3,1.0,0.0,1.0,1.0,1.0,2.0,4.0,2,232,4,4,2,1,1,1,1,2,2,2,2,3,1,2,2,4,4,3,1,2,0.0,0.0,2,2,2,4,0.0,0,0,0,0,0.0,0.0,0.0,0,1.0,0.0,2,1,3,0.0,1,3,1,5,0,0,5,1,4,1,1,6,1,0.0,0.0,7,0.0,1,6.35,,63.0,1.0,,0.0,,,,,,1,0,1,1,0,1,1,2,2,1
189.0,1,1,6,7,1,3.0,0.0,4,5,3,5,0.0,7,5,6,1,4,0.58,0.0,4,4,3,1,3,3,4,1551.0,0,6,0.0,0.0,0.0,,,,,0.0,2,1,3,1.0,0.0,1.0,0.0,3.0,0.0,3.0,2,128,4,3,1,1,1,1,1,1,5,1,1,1,1,1,2,3,2,1,5,1,0.0,0.0,1,1,1,5,0.0,0,0,0,0,0.0,0.0,0.0,0,0.0,0.0,5,0,0,1.0,3,3,1,5,0,0,5,1,4,1,1,6,1,0.0,0.0,7,0.0,1,3.53,,51.0,,,0.0,,,,,,2,0,0,0,2,0,2,0,2,0
18.0,1,3,6,7,1,3.0,0.0,5,5,3,5,1.0,3,5,6,5,4,0.01,0.0,4,4,2,1,3,2,4,1426.0,2,6,0.0,0.0,0.0,0.0,,,,0.0,2,4,3,0.0,0.0,0.0,0.0,0.0,3.0,4.0,3,168,4,4,3,1,2,1,1,2,2,2,2,2,2,1,2,4,3,3,2,3,0.0,0.0,2,2,2,5,0.0,0,0,0,0,0.0,0.0,0.0,0,0.0,0.0,2,1,3,0.0,1,3,1,5,0,0,5,1,4,1,1,6,1,0.0,0.0,7,,0,6.02,,,,,0.0,,,,,,1,0,1,1,0,0,1,0,1,0
191.0,1,3,5,6,2,3.0,0.0,3,4,3,5,0.0,4,3,6,4,4,0.47,0.0,4,4,3,1,3,3,4,1692.0,0,6,0.0,0.0,0.0,,,,,0.0,4,1,3,1.0,0.0,1.0,0.0,2.0,1.0,4.0,2,128,1,3,3,1,1,1,1,2,5,3,2,1,1,1,1,3,1,1,6,0,0.0,0.0,0,0,0,0,0.0,0,0,0,0,0.0,0.0,0.0,0,0.0,0.0,4,0,0,1.0,3,3,1,5,0,0,5,1,4,2,1,6,1,0.0,0.0,7,0.0,0,4.65,,52.0,,,0.0,,,,,,2,0,0,0,1,0,2,0,2,0
192.0,1,1,6,7,1,3.0,0.0,4,4,3,5,0.0,7,6,6,4,4,0.45,0.0,4,4,4,1,3,3,4,1358.0,0,6,0.0,0.0,1.0,1.0,,,,0.0,1,1,3,1.0,0.0,2.0,0.0,2.0,2.0,4.0,1,128,3,4,2,1,1,1,1,1,5,1,2,1,1,1,1,3,2,1,5,1,0.0,0.0,1,1,1,5,0.0,0,0,0,0,0.0,0.0,0.0,0,0.0,0.0,5,0,0,1.0,3,3,1,5,0,0,5,1,4,1,1,6,1,0.0,0.0,7,0.0,1,4.85,,64.0,,,0.0,,,,,,2,0,0,0,2,0,2,0,2,0
208.0,1,3,4,1,4,3.0,2.0,5,1,2,4,0.0,4,6,1,2,2,0.001,0.0,4,4,2,2,2,2,6,1945.0,2,6,0.0,0.0,0.0,,,,,,4,3,0,0.0,0.0,0.0,5.0,0.0,2.0,1.0,3,80,3,2,3,2,2,1,1,5,4,1,0,4,1,1,3,3,2,4,3,5,0.0,0.0,1,1,1,4,1.0,1,0,0,0,0.0,0.0,0.0,1,0.0,0.0,1,2,4,0.0,3,3,1,3,2,2,5,1,4,1,1,6,1,0.0,0.0,7,,0,,,,,,0.0,0.0,,0.0,0.0,,0,1,2,2,0,0,2,1,0,1
209.0,1,2,4,5,6,0.0,0.0,4,1,2,5,0.0,5,4,2,5,4,0.06,0.0,4,4,2,2,3,2,4,1950.0,2,6,0.0,1.0,0.0,0.0,,,,,4,3,0,2.0,1.0,1.0,4.0,1.0,2.0,0.0,1,224,1,3,3,1,1,2,2,4,2,1,1,2,1,1,2,2,0,2,5,5,0.0,0.0,2,2,2,3,0.0,0,0,0,0,0.0,0.0,0.0,0,0.0,0.0,1,1,1,0.0,2,1,1,3,1,3,4,1,4,3,2,5,1,0.0,0.0,7,,0,,,,,,0.5,,,,,,0,1,1,2,0,0,1,1,0,1
210.0,1,3,5,5,6,3.0,0.0,4,3,2,4,0.0,4,4,2,5,4,0.096,0.0,4,4,1,1,3,3,6,2092.0,0,6,1.0,1.0,0.0,0.0,,,,0.0,2,1,3,0.0,0.0,0.0,1.0,2.0,3.0,3.0,3,192,3,2,2,1,1,1,1,1,5,1,1,1,1,1,1,3,1,1,6,0,0.0,0.0,0,0,0,0,0.0,0,0,0,0,0.0,0.0,0.0,0,0.0,0.0,5,0,0,1.0,3,3,1,5,0,0,5,1,4,1,1,6,1,0.0,0.0,7,0.0,0,,,,,,0.0,,,,,,2,0,0,0,1,0,2,0,2,1
212.0,1,3,4,5,4,0.0,0.0,5,1,1,4,0.0,4,4,1,5,4,0.08,0.0,4,4,1,1,3,2,4,2254.0,2,6,0.0,0.0,0.0,0.0,,,0.0,,4,3,0,3.0,0.0,3.0,0.0,2.0,0.0,2.0,2,224,3,2,1,1,2,1,1,2,2,1,2,4,3,1,3,3,2,2,4,5,0.0,0.0,1,2,1,3,0.0,0,0,0,0,0.0,0.0,0.0,0,0.0,0.0,1,2,5,0.0,2,1,2,5,0,0,4,1,4,1,0,6,1,0.0,0.0,7,,0,,,,,1.0,0.5,,,,,,0,0,2,2,0,0,2,1,0,2
213.0,1,4,5,5,6,0.0,0.0,4,1,1,5,0.0,4,4,2,5,1,0.07,0.0,4,4,2,1,3,1,4,2272.0,1,6,0.0,1.0,0.0,1.0,,,,,4,3,0,0.0,2.0,0.0,4.0,0.0,2.0,2.0,2,80,1,3,0,0,0,1,2,3,1,1,2,4,1,1,3,1,2,4,5,4,0.0,0.0,2,1,2,1,0.0,0,0,0,0,0.0,0.0,0.0,0,1.0,0.0,1,1,1,0.0,2,1,1,5,0,0,5,1,4,1,1,3,3,0.0,0.0,5,,0,,,,,,0.3333333333333333,,,,,,0,2,1,2,0,1,1,2,1,2
214.0,1,3,4,6,2,0.0,0.0,3,4,3,1,0.0,5,3,3,5,2,0.01,0.0,4,2,2,1,2,1,4,2241.0,0,6,0.0,0.0,0.0,0.0,,,,,2,3,0,0.0,0.0,0.0,2.0,0.0,4.0,3.0,2,64,1,2,2,2,1,1,2,2,1,1,1,2,1,1,1,2,1,2,5,4,0.0,0.0,2,2,1,1,0.0,0,0,0,0,0.0,0.0,0.0,0,0.0,0.0,1,1,1,0.0,0,3,2,3,1,4,4,1,4,3,0,6,1,0.0,0.0,7,,0,,,,,,0.5,,,,,,0,1,2,2,0,1,1,2,0,2
215.0,1,4,5,7,1,0.0,0.0,4,1,1,5,0.0,4,5,4,5,4,0.19,0.0,4,4,2,1,2,2,4,2065.0,2,6,0.0,0.0,0.0,0.0,,,,,4,3,4,0.0,0.0,0.0,3.0,0.0,2.0,4.0,1,64,1,4,1,1,1,3,3,3,1,1,1,2,1,1,2,4,2,2,5,3,0.0,0.0,2,2,2,1,0.0,0,0,0,0,0.0,0.0,0.0,0,1.0,0.0,1,1,1,0.0,1,3,1,5,0,0,5,1,4,3,1,5,1,0.0,0.0,7,,0,,,,,1.0,0.0,,,,,,0,0,2,2,0,1,1,2,1,2
218.0,1,5,5,5,2,3.0,0.0,3,4,2,5,0.0,6,2,1,5,4,0.03,0.0,4,4,2,1,3,1,4,1893.0,2,6,0.0,1.0,0.0,0.0,,,,,4,4,0,0.0,0.0,0.0,2.0,1.0,2.0,4.0,1,64,1,4,1,3,1,5,3,2,1,1,1,1,1,1,1,2,2,4,3,4,0.0,0.0,2,2,2,4,1.0,4,2,2,2,1.0,0.0,0.0,2,1.0,0.0,1,1,2,0.0,1,1,2,5,0,0,5,1,4,2,2,5,1,0.0,0.0,7,,1,,,,,,0.5,,,,,,0,0,2,2,0,1,1,2,1,1
219.0,1,1,5,6,7,3.0,0.0,3,4,2,5,0.0,7,5,4,5,4,0.24,0.0,4,4,2,1,3,3,4,1955.0,2,6,0.0,0.0,1.0,0.0,0.0,0.0,0.0,,1,3,0,2.0,0.0,2.0,2.0,1.0,3.0,2.0,1,224,1,2,1,1,1,1,1,2,4,2,2,1,1,1,2,3,2,3,4,2,0.0,0.0,2,3,2,2,0.0,0,0,0,0,0.0,0.0,0.0,0,0.0,0.0,1,2,1,0.0,1,1,1,5,0,0,5,1,4,3,0,6,1,0.0,0.0,7,0.0,2,,,,,,0.0,,,,,,0,0,2,2,0,0,1,0,1,1
220.0,1,4,5,5,6,1.0,0.0,5,1,1,5,0.0,6,3,2,5,4,0.13,0.0,4,4,1,1,2,2,4,2314.0,2,6,0.0,1.0,0.0,1.0,1.0,,,,3,4,0,0.0,0.0,0.0,0.0,0.0,2.0,5.0,1,0,4,4,2,4,1,1,1,2,3,1,1,1,1,3,1,3,1,4,2,3,0.0,0.0,2,3,1,4,0.0,0,0,0,0,0.0,0.0,0.0,0,1.0,0.0,1,1,2,0.0,2,1,1,5,0,0,5,1,4,2,0,5,2,0.0,0.0,3,,0,,,,1.0,,0.5,,,,,,0,0,2,2,0,1,2,2,1,2
221.0,1,4,5,7,1,3.0,0.0,4,3,1,5,0.0,4,2,3,3,4,0.56,0.0,4,4,1,3,3,2,3,2254.0,0,6,0.0,0.0,0.0,0.0,,,,,0,4,3,0.0,0.0,0.0,0.0,1.0,2.0,5.0,2,0,3,4,1,3,1,1,1,2,1,2,1,1,1,1,1,2,1,4,2,4,0.0,0.0,2,3,2,4,1.0,4,4,1,3,1.0,0.0,1.0,1,1.0,0.0,1,1,3,0.0,1,3,1,4,2,2,5,1,4,3,0,6,1,0.0,0.0,7,0.0,2,,,,1.0,,0.3333333333333333,,,,,,0,1,2,2,0,1,1,2,0,2
223.0,1,4,5,6,4,3.0,0.0,4,2,2,4,0.0,3,4,3,5,4,0.19,0.0,4,4,2,1,3,2,3,2118.0,2,6,0.0,0.0,0.0,0.0,,,,0.0,2,4,3,0.0,0.0,0.0,1.0,0.0,1.0,6.0,0,0,4,5,1,1,1,1,3,1,1,3,1,1,1,1,2,4,4,2,2,4,0.0,0.0,1,1,1,1,0.0,0,0,0,0,0.0,0.0,0.0,0,0.0,0.0,1,2,2,1.0,1,3,1,5,0,0,1,1,4,3,1,6,1,0.0,0.0,7,0.0,2,,,,1.0,,0.3333333333333333,,,,,,0,0,2,2,0,0,1,0,1,1
226.0,1,2,4,5,4,0.0,0.0,4,2,2,4,0.0,6,4,2,5,4,0.04,0.0,4,4,2,1,3,3,3,1950.0,0,6,0.0,1.0,0.0,0.0,0.0,0.0,0.0,,4,3,0,4.0,0.0,2.0,0.0,1.0,0.0,3.0,0,168,1,2,1,1,2,1,1,1,4,1,2,2,1,1,3,3,2,1,5,5,0.0,0.0,1,1,2,4,0.0,0,0,0,0,0.0,0.0,0.0,0,0.0,0.0,1,1,5,0.0,3,1,1,4,2,2,5,1,4,1,0,5,1,0.0,0.0,7,,0,,,,,,0.5,,,,,,0,0,2,1,0,0,2,0,0,1
227.0,1,1,1,6,4,3.0,1.0,5,4,3,5,0.0,7,5,2,1,2,0.1,0.0,4,4,3,1,3,1,6,1945.0,2,6,0.0,0.0,0.0,,,,,,4,3,0,0.0,0.0,5.0,0.0,2.0,1.0,1.0,1,232,3,1,0,0,0,1,1,2,4,1,2,4,1,1,2,3,1,2,5,5,0.0,0.0,1,1,1,4,0.0,0,0,0,0,0.0,0.0,0.0,0,0.0,0.0,2,2,4,0.0,3,3,1,4,2,1,5,1,4,1,1,6,1,0.0,0.0,1,,1,,,,,,0.0,0.0,,0.0,0.0,,1,0,1,1,0,0,2,0,0,0
228.0,1,2,5,5,6,3.0,2.0,4,1,1,1,0.0,2,5,1,2,2,0.025,0.0,4,4,3,2,3,2,1,2017.0,2,6,1.0,0.0,0.0,0.0,,,,,4,3,0,5.0,0.0,2.0,0.0,0.0,1.0,0.0,2,232,3,1,0,0,0,1,1,1,4,3,2,1,1,1,3,4,1,2,5,5,0.0,0.0,1,1,2,1,0.0,0,0,0,0,0.0,0.0,0.0,0,0.0,0.0,1,2,4,0.0,3,3,2,5,0,0,5,1,4,1,1,6,1,0.0,0.0,7,,1,,,,,,0.3333333333333333,,,,,,0,0,2,2,0,0,1,0,0,2
229.0,1,4,5,7,1,0.0,0.0,5,3,2,4,0.0,3,3,3,5,4,0.14,0.0,4,4,2,1,3,1,6,2236.0,0,6,0.0,1.0,0.0,0.0,0.0,0.0,0.0,,4,3,0,3.0,2.0,2.0,2.0,2.0,2.0,2.0,2,186,2,2,2,1,1,1,1,1,3,3,2,1,1,1,2,3,2,2,4,4,0.0,0.0,1,1,2,3,0.0,0,0,0,0,0.0,0.0,0.0,0,0.0,0.0,1,2,1,0.0,2,1,1,5,0,0,5,1,4,1,0,5,1,0.0,0.0,7,,0,,,,,,0.0,,,,,,0,0,2,2,0,0,2,0,0,1
22.0,1,4,5,7,1,3.0,0.0,5,5,3,4,0.0,4,3,6,5,4,0.71,0.0,4,4,1,1,3,1,4,1523.0,0,0,0.0,0.0,0.0,,,,,0.0,2,4,3,1.0,1.0,1.0,2.0,0.0,2.0,4.0,1,64,3,4,2,1,2,1,1,2,2,3,2,2,1,1,1,4,4,2,2,2,0.0,0.0,2,2,2,2,0.0,0,0,0,0,0.0,0.0,0.0,0,1.0,0.0,2,1,3,0.0,2,3,1,5,0,0,5,1,4,1,1,6,1,0.0,0.0,7,0.0,1,6.31,,61.0,0.0,,0.0,,,,,,1,0,1,1,0,1,1,2,1,1
230.0,1,5,5,7,1,0.0,0.0,5,4,3,3,0.0,3,2,3,5,2,0.54,0.0,4,4,1,1,3,3,3,2272.0,0,6,0.0,1.0,0.0,,,,,,2,3,0,3.0,2.0,2.0,2.0,2.0,1.0,2.0,2,232,1,2,2,1,2,1,1,2,4,3,1,1,2,1,3,1,1,1,6,0,0.0,0.0,0,0,0,0,0.0,0,0,0,0,0.0,0.0,0.0,0,0.0,0.0,2,2,3,1.0,2,1,1,4,2,3,5,1,4,1,1,6,1,0.0,0.0,7,,0,,,,,,0.3333333333333333,,,,,,2,0,1,1,1,0,1,1,1,1
231.0,1,3,5,7,1,0.0,0.0,5,1,2,5,0.0,3,3,4,5,4,0.37,0.0,4,4,2,1,3,2,4,1971.0,0,6,0.0,0.0,0.0,0.0,,,,1.0,4,3,1,2.0,0.0,2.0,0.0,2.0,0.0,3.0,2,168,1,3,1,1,1,1,1,1,2,3,2,1,1,1,2,3,2,2,4,5,0.0,0.0,1,1,1,5,0.0,0,0,0,0,0.0,0.0,0.0,0,0.0,0.0,5,0,0,1.0,3,1,1,5,0,0,5,1,4,1,1,5,1,0.0,0.0,7,0.0,0,,,,,1.0,0.0,,,,,,1,0,0,0,2,0,2,0,2,1
232.0,1,1,4,7,2,0.0,0.0,5,1,2,5,0.0,7,0,5,5,4,2146.0,0.0,4,4,2,1,2,2,4,2146.0,2,6,1.0,0.0,0.0,,,,,,4,3,4,0.0,0.0,0.0,4.0,0.0,2.0,2.0,1,80,1,2,2,1,1,4,3,4,1,1,1,2,1,1,2,2,3,3,4,5,0.0,0.0,2,2,2,2,0.0,0,0,0,0,0.0,0.0,1.0,0,1.0,0.0,1,2,1,0.0,1,2,2,5,0,0,1,1,4,2,2,6,1,0.0,0.0,7,,2,,,,,,0.3333333333333333,,,,,,0,2,2,0,0,0,1,0,2,1
233.0,1,4,5,6,1,0.0,0.0,3,4,3,5,0.0,6,3,3,5,1,0.25,0.0,4,4,2,2,3,2,6,2141.0,0,6,0.0,2.0,0.0,0.0,,,,0.0,4,3,4,2.0,0.0,4.0,1.0,3.0,2.0,1.0,3,232,1,2,2,2,2,1,1,2,4,3,2,1,1,1,3,4,2,2,4,5,0.0,0.0,1,1,1,5,1.0,2,0,0,0,0.0,0.0,0.0,1,0.0,0.0,2,2,5,0.0,3,3,1,2,2,2,2,1,4,1,1,6,1,0.0,0.0,1,,1,,,,0.0,,0.0,,,,,,1,2,1,1,0,0,2,0,1,1
236.0,1,3,5,6,1,2.0,1.0,4,2,2,2,0.0,4,5,3,2,2,0.212,0.0,4,4,3,1,3,3,6,2039.0,2,6,0.0,0.0,0.0,,,,,,4,2,1,1.0,0.0,3.0,0.0,2.0,4.0,1.0,3,224,1,1,0,0,0,1,1,1,5,1,1,1,1,1,3,3,1,1,6,0,0.0,0.0,0,0,0,0,0.0,0,0,0,0,0.0,0.0,0.0,0,0.0,0.0,4,0,0,1.0,3,3,2,5,0,0,5,1,4,1,1,6,1,0.0,0.0,7,0.0,1,,,,,,0.3333333333333333,,,,,,2,0,0,0,1,0,2,0,2,1
237.0,1,3,5,6,2,0.0,0.0,5,5,3,4,0.0,6,4,2,4,4,0.12,0.0,4,4,1,1,3,2,6,2092.0,0,6,1.0,0.0,0.0,0.0,0.0,0.0,0.0,,2,1,3,0.0,0.0,2.0,0.0,2.0,3.0,2.0,2,128,3,1,0,0,0,1,1,2,3,1,1,1,1,1,1,3,1,1,6,0,0.0,0.0,0,0,0,0,0.0,0,0,0,0,0.0,0.0,0.0,0,0.0,0.0,4,0,0,0.0,3,1,1,4,2,2,5,1,4,1,1,6,1,0.0,0.0,7,,0,,,,,,0.5,,,,,,1,0,0,0,1,0,2,1,2,0
238.0,1,1,5,6,3,1.0,0.0,4,5,3,6,0.0,7,3,3,1,2,0.03,0.0,4,4,1,1,3,2,6,2026.0,2,6,0.0,0.0,0.0,0.0,0.0,0.0,0.0,,2,2,4,1.0,0.0,2.0,0.0,2.0,0.0,5.0,1,128,4,4,3,1,1,1,1,2,4,1,1,3,2,2,3,3,3,2,5,1,0.0,0.0,1,1,1,1,0.0,0,5,2,1,0.0,0.0,0.0,0,0.0,0.0,1,2,3,0.0,2,3,1,5,0,0,5,1,4,1,1,6,1,0.0,0.0,7,,0,,,,,1.0,0.3333333333333333,,,,,,0,0,2,2,0,0,2,0,0,0
239.0,1,5,6,6,6,3.0,0.0,4,4,3,5,0.0,3,3,3,5,4,0.26,0.0,4,4,2,1,3,3,6,2314.0,0,0,0.0,2.0,0.0,1.0,,,,,4,1,0,0.0,0.0,1.0,0.0,2.0,2.0,2.0,2,0,4,5,0,0,0,1,1,1,4,1,1,1,1,1,1,3,1,2,5,1,0.0,0.0,1,3,1,5,0.0,0,0,0,0,0.0,0.0,0.0,0,0.0,0.0,5,0,0,0.0,3,3,1,5,0,0,5,1,4,1,1,6,1,0.0,0.0,7,,0,,,,,,0.3333333333333333,,,,,,1,0,0,0,2,0,2,0,2,0
240.0,1,4,5,7,1,3.0,0.0,5,4,2,4,0.0,3,3,3,2,1,0.27,0.0,4,4,3,1,2,2,4,2140.0,2,6,0.0,0.0,0.0,0.0,,,,1.0,4,1,3,2.0,0.0,0.0,3.0,2.0,4.0,1.0,1,224,3,1,0,0,0,1,1,2,3,1,2,1,1,1,3,3,1,2,5,4,0.0,0.0,2,3,3,5,0.0,0,0,0,0,0.0,0.0,0.0,0,0.0,0.0,3,2,4,0.0,1,3,1,4,2,2,5,1,4,1,2,6,1,0.0,0.0,7,,2,,,,,1.0,0.3333333333333333,,,,,,1,2,1,1,0,0,2,0,0,1
241.0,1,4,5,4,6,0.0,0.0,2,4,3,4,0.0,6,3,3,2,2,0.25,0.0,4,4,2,3,3,3,6,2141.0,0,6,0.0,0.0,0.0,0.0,,,,,3,2,4,0.0,0.0,3.0,0.0,3.0,2.0,3.0,3,224,2,4,3,3,1,1,1,2,4,2,2,1,2,3,3,3,1,4,2,1,0.0,0.0,1,2,2,5,1.0,5,3,1,1,1.0,0.0,0.0,1,0.0,0.0,1,2,0,0.0,3,3,1,3,2,1,5,1,4,3,1,6,1,0.0,0.0,7,,0,,,,0.0,,0.6666666666666666,,,,,,0,1,2,2,0,0,2,0,0,0
242.0,1,2,5,7,1,3.0,0.0,5,2,2,4,0.0,4,4,3,5,4,0.2,0.0,4,4,2,1,3,1,3,1971.0,2,6,0.0,0.0,0.0,,,,,0.0,3,2,3,0.0,0.0,0.0,1.0,0.0,2.0,0.0,1,0,4,4,3,2,1,1,1,1,3,1,1,1,1,1,2,3,2,1,4,3,0.0,0.0,1,2,1,1,0.0,0,0,0,0,0.0,0.0,0.0,0,0.0,0.0,1,1,2,0.0,3,3,1,5,0,0,5,1,4,3,1,6,1,0.0,0.0,7,0.0,0,,,,,1.0,0.3333333333333333,,,,,,0,0,2,2,0,0,1,0,0,1
248.0,1,2,2,5,6,0.0,0.0,4,3,2,3,0.0,4,6,2,5,4,0.13,0.0,4,4,2,1,3,3,6,1903.0,0,6,0.0,1.0,0.0,1.0,1.0,0.0,,,3,1,3,0.0,0.0,1.0,0.0,3.0,4.0,1.0,3,160,1,1,0,0,0,1,1,2,3,1,1,1,1,1,1,3,2,1,6,0,0.0,0.0,0,0,0,0,0.0,0,0,0,0,0.0,0.0,0.0,0,0.0,0.0,5,0,0,1.0,3,3,1,5,0,0,5,1,4,1,1,6,1,0.0,0.0,7,,0,,,,,,0.0,,,,,,2,0,0,0,1,0,2,0,2,1
249.0,1,4,5,6,6,3.0,0.0,5,1,1,4,0.0,5,5,2,5,4,0.22,0.0,4,4,1,1,3,3,6,2192.0,0,6,1.0,1.0,0.0,0.0,,,,,4,1,3,0.0,0.0,0.0,0.0,2.0,3.0,3.0,3,192,3,2,2,1,1,1,1,1,5,1,1,1,1,1,1,3,1,1,6,0,0.0,0.0,0,0,0,0,0.0,0,0,0,0,0.0,0.0,0.0,0,0.0,0.0,5,0,0,1.0,3,3,1,5,0,0,5,1,4,1,1,6,1,0.0,0.0,7,,0,,,,,,0.0,,,,,,2,0,0,0,1,0,2,0,2,2
250.0,1,2,4,5,2,2.0,2.0,3,2,2,2,0.0,4,6,2,1,4,0.005,1.0,4,4,2,2,3,3,6,2039.0,0,6,0.0,0.0,0.0,,,,,,4,1,0,1.0,0.0,2.0,0.0,2.0,3.0,2.0,3,224,2,3,1,1,1,1,1,1,5,1,1,1,1,1,3,3,1,1,6,0,0.0,0.0,0,0,0,0,0.0,0,0,0,0,0.0,0.0,0.0,0,0.0,0.0,5,0,0,1.0,3,3,1,5,0,0,5,1,4,1,1,6,1,0.0,0.0,7,,1,,,,,1.0,0.0,,,,,,2,0,0,0,1,2,2,2,2,2
251.0,1,1,4,5,6,3.0,0.0,3,1,1,4,0.0,7,5,1,5,4,0.03,0.0,4,4,3,3,3,1,6,2181.0,0,6,1.0,0.0,0.0,0.0,0.0,0.0,0.0,0.0,4,1,0,0.0,0.0,2.0,0.0,2.0,4.0,2.0,2,160,1,2,1,1,1,1,1,1,4,1,1,1,1,1,3,3,1,1,6,0,0.0,0.0,0,0,0,0,0.0,0,0,0,0,0.0,0.0,0.0,0,0.0,0.0,5,0,0,1.0,3,3,1,5,0,0,5,1,4,1,0,5,1,0.0,0.0,7,,0,,,,,,0.3333333333333333,,,,,,2,0,0,0,2,0,2,0,2,2
252.0,1,4,5,4,4,0.0,0.0,4,4,3,5,0.0,6,5,2,4,4,0.12,0.0,4,4,2,1,3,3,6,2181.0,0,6,0.0,0.0,0.0,0.0,0.0,0.0,0.0,0.0,2,1,0,2.0,0.0,3.0,0.0,2.0,3.0,1.0,2,224,1,1,0,0,0,1,1,2,5,1,1,1,1,1,1,3,1,1,6,0,0.0,0.0,0,0,0,0,0.0,0,0,0,0,0.0,0.0,0.0,0,0.0,0.0,5,0,0,1.0,3,3,1,3,2,3,5,1,4,1,0,6,1,0.0,0.0,7,0.0,1,,,,,,0.5,,,,,,2,0,0,0,1,0,2,0,2,1
253.0,1,2,2,2,6,2.0,2.0,4,2,2,4,0.0,7,4,3,1,4,0.146,,0,1,1,2,3,3,6,2139.0,2,6,0.0,0.0,0.0,0.0,0.0,,0.0,0.0,3,1,0,1.0,0.0,3.0,0.0,4.0,0.0,5.0,2,128,3,1,0,0,0,1,1,1,4,1,1,1,1,1,3,3,1,1,6,0,0.0,0.0,0,0,0,0,0.0,0,0,0,0,0.0,0.0,0.0,0,0.0,0.0,4,0,0,1.0,3,3,1,4,1,2,2,1,4,3,1,5,1,0.0,0.0,7,0.0,1,,,,,,0.0,,,,,,2,1,0,0,1,2,2,2,2,2
254.0,1,1,6,7,1,3.0,0.0,4,4,3,5,0.0,7,0,3,5,4,0.38,1.0,4,4,1,2,3,3,6,2039.0,0,6,0.0,1.0,0.0,0.0,,,,0.0,2,1,3,0.0,0.0,2.0,1.0,3.0,3.0,1.0,1,128,3,2,0,0,0,1,1,2,4,1,1,1,1,1,3,3,1,1,6,0,0.0,0.0,0,0,0,0,0.0,0,0,0,0,0.0,0.0,0.0,0,0.0,0.0,5,0,0,1.0,3,3,1,5,0,0,5,1,4,1,1,6,1,0.0,0.0,0,0.0,0,,,,0.0,,0.0,,,,,,2,1,0,0,1,2,2,2,2,2
255.0,1,1,5,7,1,3.0,1.0,5,4,3,5,0.0,7,4,2,2,2,0.061,0.0,4,4,3,0,3,3,6,2038.0,2,6,1.0,0.0,0.0,,,,,,3,1,0,3.0,0.0,2.0,0.0,2.0,3.0,0.0,3,224,2,1,0,0,0,1,1,1,4,2,2,1,1,1,2,4,1,2,6,0,0.0,0.0,0,0,0,0,0.0,0,0,0,0,0.0,0.0,0.0,0,0.0,0.0,5,0,0,1.0,3,3,1,5,0,0,4,1,4,1,1,6,1,0.0,0.0,7,,1,,,,,,0.0,,,,,,2,0,0,0,2,0,2,0,2,0
258.0,1,4,5,5,4,3.0,0.0,4,4,3,1,0.0,5,2,3,5,1,0.22,0.0,4,4,2,1,3,3,4,2272.0,2,6,0.0,0.0,0.0,0.0,,,,1.0,4,4,3,0.0,0.0,0.0,0.0,2.0,0.0,5.0,1,0,4,4,1,2,2,2,2,1,1,2,2,2,1,1,1,2,1,4,3,1,1.0,0.0,2,3,2,5,1.0,5,2,1,3,1.0,0.0,1.0,3,0.0,0.0,1,2,0,0.0,1,1,2,4,2,4,5,1,4,3,2,3,2,0.0,0.0,5,0.0,2,,,,,,0.3333333333333333,,,,,,0,2,1,2,0,0,1,1,0,1
261.0,1,3,5,7,4,2.0,1.0,4,4,3,4,0.0,4,5,5,2,2,0.28,0.0,4,4,2,1,2,3,4,1974.0,1,6,0.0,0.0,0.0,,,,,,1,3,0,3.0,0.0,0.0,4.0,0.0,0.0,0.0,2,104,4,1,0,0,0,1,1,3,2,2,2,4,1,1,3,4,3,3,4,4,0.0,0.0,3,2,2,1,0.0,0,0,0,0,0.0,0.0,0.0,0,1.0,0.0,1,2,4,0.0,2,3,2,5,0,0,3,6,4,1,0,6,1,0.0,0.0,7,0.0,0,,,,,,0.5,,,,,,0,0,2,2,0,1,1,2,0,1
263.0,1,3,4,6,6,3.0,1.0,3,4,2,5,0.0,7,4,6,3,2,0.1837,0.0,4,4,2,3,3,3,4,1865.0,2,6,0.0,0.0,0.0,,,,,0.0,3,4,3,1.0,1.0,0.0,2.0,0.0,2.0,4.0,3,240,2,4,3,4,1,1,1,3,2,2,2,3,1,1,3,3,3,4,2,4,0.0,0.0,2,2,2,3,1.0,4,5,5,1,1.0,0.0,0.0,2,0.0,0.0,1,1,3,0.0,1,3,1,3,2,1,5,6,4,1,1,6,1,0.0,0.0,0,0.0,1,,,,,,0.3333333333333333,0.4444444444444444,,0.3333333333333333,0.0,,0,1,2,2,1,0,1,0,1,1
265.0,1,5,5,5,4,3.0,1.0,3,2,1,2,0.0,5,2,3,2,1,0.004,0.0,4,4,2,2,2,2,4,2034.0,0,6,0.0,0.0,0.0,,,,,0.0,4,4,3,0.0,0.0,0.0,2.0,0.0,1.0,5.0,1,64,1,1,0,0,0,1,1,2,1,1,1,3,1,1,3,2,3,4,2,4,0.0,0.0,2,2,2,3,1.0,4,2,5,1,1.0,0.0,1.0,3,1.0,0.0,1,1,3,0.0,3,3,2,5,0,0,3,6,4,1,0,6,1,0.0,0.0,7,0.0,0,,,,0.0,1.0,0.3333333333333333,,,,,,0,2,1,2,1,1,1,2,1,2
267.0,1,1,4,5,7,3.0,2.0,3,1,2,5,0.0,7,6,6,3,2,0.38,0.0,4,4,2,3,1,1,4,1904.0,2,6,0.0,0.0,0.0,,,,,,4,4,3,0.0,0.0,0.0,1.0,0.0,0.0,5.0,0,0,4,5,1,4,1,1,1,2,1,3,2,2,1,3,3,3,2,4,2,5,0.0,0.0,2,2,2,4,1.0,3,2,4,1,1.0,0.0,0.0,3,1.0,0.0,1,1,3,0.0,2,3,2,4,2,3,3,6,4,1,1,6,1,0.0,0.0,7,0.0,2,,,,,1.0,0.3333333333333333,,,,,,0,2,2,2,0,1,1,2,0,2
270.0,1,3,4,5,7,0.0,3.0,2,1,3,5,0.0,6,6,6,5,1,0.67,0.0,4,4,3,1,2,3,2,1706.0,2,6,0.0,0.0,0.0,,,,,0.0,4,3,4,0.0,1.0,0.0,3.0,0.0,2.0,3.0,1,64,1,3,3,3,2,1,1,1,1,1,1,1,1,1,1,2,5,2,1,5,0.0,0.0,2,2,1,5,0.0,0,0,0,0,0.0,0.0,0.0,0,1.0,0.0,2,1,3,1.0,3,3,1,3,2,2,5,1,4,1,1,5,1,0.0,0.0,7,0.0,0,7.2,,,1.0,,0.0,,,,,,1,2,1,1,1,1,1,2,1,1
273.0,1,1,5,6,2,3.0,1.0,4,3,3,3,0.0,7,4,6,2,2,0.469,0.0,4,4,3,1,2,2,5,2083.0,2,6,0.0,0.0,0.0,,,,,,4,3,0,0.0,0.0,0.0,5.0,0.0,1.0,0.0,0,64,3,1,0,0,0,1,1,5,1,1,2,4,1,1,3,3,3,4,2,5,0.0,0.0,1,1,1,3,0.0,0,0,0,0,0.0,0.0,0.0,0,0.0,0.0,1,1,4,0.0,3,3,2,5,0,0,5,1,4,1,1,6,1,0.0,0.0,7,,0,,,,,,0.3333333333333333,,,,,,0,1,2,2,0,0,2,0,0,1
274.0,1,2,5,6,2,3.0,2.0,4,5,3,5,0.0,6,4,6,4,4,0.3122,0.0,4,4,2,2,2,2,4,1846.0,0,6,0.0,0.0,0.0,,,,,,4,4,2,0.0,0.0,0.0,0.0,0.0,4.0,4.0,1,64,4,4,1,3,1,1,1,3,4,1,1,1,1,4,3,3,3,4,2,3,0.0,0.0,3,3,2,4,1.0,4,4,4,3,1.0,0.0,1.0,3,1.0,0.0,1,1,2,0.0,1,3,2,5,0,0,3,6,4,1,0,6,1,0.0,0.0,3,0.0,2,,,,,1.0,0.3333333333333333,,,,,,0,1,2,2,1,1,1,2,1,1
275.0,1,1,5,5,3,2.0,0.0,3,4,3,5,0.0,6,6,6,2,2,0.49,0.0,4,4,2,1,3,1,4,1846.0,2,6,0.0,0.0,0.0,,,,,,3,4,3,0.0,0.0,1.0,3.0,0.0,1.0,5.0,2,104,3,3,3,3,1,1,1,4,1,2,2,2,2,2,3,3,2,3,2,2,0.0,0.0,2,2,3,4,1.0,5,3,3,3,1.0,0.0,0.0,1,1.0,1.0,1,2,3,0.0,2,3,1,5,0,0,3,6,4,1,1,6,1,0.0,0.0,7,0.0,1,,,,,,0.0,,,,,,0,0,2,2,0,1,1,2,0,1
276.0,1,5,5,5,4,2.0,0.0,0,5,2,5,0.0,7,1,5,3,2,0.05,0.0,4,4,2,1,2,1,4,2041.0,2,6,0.0,0.0,0.0,,,,,0.0,3,3,4,1.0,0.0,0.0,3.0,0.0,4.0,3.0,3,96,4,4,4,3,1,1,1,3,3,3,2,4,1,3,3,3,3,4,2,4,0.0,0.0,1,2,3,3,1.0,4,3,5,2,1.0,0.0,0.0,1,1.0,0.0,1,2,1,0.0,2,3,1,4,2,1,4,1,4,2,1,6,1,0.0,0.0,7,,2,,,,,,0.0,,,,,,0,0,2,2,0,1,2,2,0,1
27.0,1,2,5,7,1,0.0,0.0,5,5,3,3,0.0,5,6,6,5,4,0.75,0.0,4,4,2,1,3,1,4,1363.0,0,6,0.0,0.0,0.0,,,,,0.0,2,3,0,5.0,0.0,5.0,0.0,1.0,1.0,1.0,3,168,3,1,0,0,0,1,1,1,4,1,2,1,2,1,2,4,2,1,5,5,0.0,0.0,1,1,1,5,0.0,0,0,0,0,0.0,0.0,0.0,0,0.0,0.0,5,0,0,1.0,3,3,1,5,0,0,5,1,4,1,1,1,1,0.0,0.0,7,,1,,,,,,0.0,,,,,,1,0,0,0,2,0,2,0,2,0
284.0,1,3,5,6,4,2.0,1.0,4,4,3,4,0.0,7,5,5,2,4,0.156,0.0,4,4,2,1,3,2,2,1947.0,2,6,0.0,0.0,0.0,,,,,,2,3,3,5.0,0.0,2.0,0.0,0.0,0.0,0.0,1,232,4,1,0,0,0,1,1,1,4,2,2,2,1,1,3,4,2,2,5,5,0.0,0.0,1,1,1,5,0.0,0,0,0,0,0.0,0.0,0.0,0,0.0,0.0,4,0,0,0.0,3,3,2,5,0,0,5,6,4,1,1,6,1,0.0,0.0,1,,0,,,,,,0.3333333333333333,,,,,,1,0,0,0,2,0,2,0,2,0
285.0,1,4,5,4,1,3.0,1.0,4,4,3,4,0.0,3,5,6,4,2,0.603,0.0,4,4,2,1,3,2,6,2077.0,2,6,0.0,0.0,0.0,,,,,,4,4,0,1.0,1.0,0.0,2.0,0.0,1.0,4.0,0,112,4,4,1,4,1,1,1,2,1,1,1,1,1,3,3,2,3,4,1,5,0.0,0.0,2,2,2,4,1.0,2,0,0,0,1.0,0.0,0.0,1,0.0,0.0,2,2,3,0.0,1,3,2,4,2,2,5,1,4,1,1,5,1,0.0,0.0,7,,1,,,,,,0.3333333333333333,,,,,,1,1,1,1,0,0,1,0,1,0
286.0,1,5,5,6,6,3.0,2.0,4,1,1,3,0.0,4,1,3,2,1,0.005,0.0,4,4,2,2,3,2,3,2024.0,2,6,0.0,0.0,0.0,,,,,,3,3,3,0.0,4.0,0.0,2.0,0.0,1.0,1.0,2,85,4,1,0,0,0,2,2,2,1,2,2,4,1,2,2,1,3,2,4,5,0.0,0.0,4,2,2,3,1.0,3,5,3,1,1.0,0.0,0.0,2,1.0,0.0,4,0,0,0.0,1,3,2,4,2,3,2,6,4,1,1,6,1,0.0,0.0,7,,2,,,,,,0.3333333333333333,,,,,,2,2,0,0,2,1,2,2,2,2
288.0,1,4,5,6,6,1.0,0.0,3,5,3,5,0.0,7,6,6,1,4,0.38,0.0,4,4,1,3,3,1,4,1833.0,2,6,0.0,0.0,0.0,,,,,,3,4,3,0.0,0.0,2.0,1.0,0.0,1.0,5.0,1,224,3,4,2,4,1,1,1,1,1,3,2,1,2,3,3,4,2,5,2,2,1.0,0.0,1,2,3,5,1.0,5,3,5,1,0.0,0.0,0.0,1,0.0,0.0,1,2,5,0.0,1,3,1,2,2,1,5,2,4,3,1,6,1,0.0,0.0,7,,1,,,,,,0.6666666666666666,,,,,,0,1,2,2,0,0,1,1,0,1
28.0,1,3,5,7,1,0.0,0.0,5,5,3,4,0.0,1,6,6,3,4,0.45,0.0,4,4,2,1,3,2,4,1428.0,0,6,0.0,0.0,0.0,,,,,0.0,2,3,0,4.0,0.0,2.0,3.0,1.0,1.0,0.0,1,232,3,1,0,0,0,1,1,3,3,2,2,2,2,1,3,4,4,2,2,5,0.0,0.0,2,2,2,2,0.0,0,0,0,0,0.0,0.0,0.0,0,1.0,0.0,2,1,5,0.0,1,3,2,5,0,0,5,1,4,1,0,6,1,0.0,0.0,7,0.0,1,6.57,,50.0,1.0,,0.0,,,,,,1,0,1,1,0,1,1,2,1,1
297.0,1,4,5,7,2,3.0,1.0,3,4,1,5,0.0,7,6,6,2,4,0.528,0.0,4,4,2,2,3,3,5,1835.0,0,6,0.0,0.0,0.0,,,,,,4,2,3,3.0,0.0,3.0,0.0,0.0,2.0,2.0,2,224,1,2,1,2,1,1,1,2,4,2,2,3,1,2,3,3,3,3,4,4,0.0,0.0,3,2,2,4,0.0,0,0,0,0,0.0,0.0,0.0,0,1.0,0.0,1,1,4,0.0,1,3,2,5,0,0,4,6,4,1,0,6,1,0.0,0.0,7,,2,,,,,,0.6666666666666666,,,,,,0,1,2,1,0,1,1,2,0,2
298.0,1,4,5,5,7,0.0,0.0,2,4,3,5,0.0,5,2,5,5,1,0.17,0.0,4,4,3,1,3,2,4,1911.0,0,6,0.0,0.0,0.0,0.0,,,,0.0,4,1,3,2.0,0.0,2.0,0.0,2.0,3.0,2.0,2,224,1,1,0,0,0,1,1,1,5,1,1,1,1,1,2,3,1,1,5,5,0.0,0.0,1,1,1,5,0.0,0,0,0,0,0.0,0.0,0.0,0,0.0,0.0,4,0,0,1.0,3,3,1,5,0,0,5,6,4,1,1,6,1,0.0,0.0,7,0.0,0,,,,,,0.0,,,,,,1,2,0,0,2,0,2,0,2,0
299.0,1,1,5,7,1,3.0,1.0,4,5,3,5,0.0,7,5,6,1,2,0.907,0.0,4,4,2,1,3,2,5,1669.0,1,6,0.0,0.0,0.0,,,,,,2,2,3,3.0,0.0,1.0,0.0,0.0,4.0,0.0,3,232,1,1,0,0,0,1,1,1,4,1,1,2,1,1,3,3,1,2,5,5,0.0,0.0,1,1,2,1,0.0,0,0,0,0,0.0,0.0,0.0,0,1.0,0.0,1,2,4,0.0,3,3,2,5,0,0,5,1,4,1,1,6,1,0.0,0.0,7,,1,,,,,1.0,0.0,,,,,,0,1,2,2,0,1,1,2,0,1
307.0,1,1,5,6,4,1.0,0.0,4,5,3,6,0.0,7,3,6,1,2,0.03,0.0,4,4,1,1,3,2,6,2026.0,2,6,0.0,0.0,0.0,,,,,,2,1,0,1.0,0.0,2.0,1.0,2.0,4.0,1.0,1,232,3,1,0,0,0,1,1,1,4,3,2,1,1,1,3,3,1,2,5,5,0.0,0.0,1,1,1,5,1.0,1,0,0,0,0.0,0.0,0.0,2,0.0,0.0,5,0,0,1.0,3,3,1,5,0,0,5,1,4,1,1,6,1,0.0,0.0,7,,1,,,,,,0.0,,,,,,1,0,0,0,2,0,2,0,2,0
308.0,1,1,5,7,4,2.0,2.0,4,5,3,5,0.0,6,6,6,1,2,0.47,0.0,4,4,1,1,3,2,6,2008.0,2,6,0.0,0.0,0.0,,,,,,4,2,0,0.0,0.0,3.0,0.0,1.0,4.0,1.0,2,232,3,1,0,0,0,1,1,1,5,3,1,1,1,1,3,3,1,3,3,5,0.0,0.0,1,1,1,5,1.0,1,0,0,0,0.0,0.0,0.0,2,0.0,0.0,2,2,4,0.0,3,3,1,5,0,0,5,1,4,1,1,6,1,0.0,0.0,7,,1,,,,,,0.0,0.0,,0.0,0.0,,1,0,1,2,0,0,2,0,1,0
310.0,1,2,6,7,2,3.0,1.0,4,1,3,5,0.0,5,5,6,1,3,0.28,0.0,4,4,3,1,3,3,6,1824.0,2,6,0.0,0.0,0.0,,,,,,2,1,0,1.0,0.0,3.0,0.0,0.0,4.0,2.0,2,224,1,2,1,1,1,1,1,1,5,1,1,1,1,1,3,3,1,2,6,0,0.0,0.0,0,0,0,0,0.0,0,0,0,0,0.0,0.0,0.0,0,0.0,0.0,4,0,0,1.0,3,3,1,5,0,0,5,6,4,1,3,6,1,0.0,0.0,7,,0,,,,,,0.0,,,,,,2,0,0,0,2,0,2,0,2,0
312.0,1,4,4,7,2,2.0,1.0,5,1,2,6,0.0,3,5,5,4,2,0.322,0.0,4,4,1,1,2,2,4,1991.0,2,6,0.0,0.0,0.0,,,,,,4,4,2,1.0,1.0,0.0,2.0,0.0,0.0,5.0,0,112,1,4,2,4,1,1,1,3,2,2,1,1,1,1,2,3,3,4,2,4,0.0,0.0,2,2,2,3,1.0,3,4,5,2,1.0,0.0,0.0,2,1.0,0.0,1,2,2,0.0,1,3,1,5,0,0,5,1,4,1,1,6,1,0.0,0.0,7,,2,,,,,,0.0,0.0,,0.4166666666666667,0.0,,0,1,2,2,1,1,1,2,1,1
31.0,1,1,5,7,1,3.0,0.0,4,5,3,3,0.0,7,6,6,3,4,0.56,0.0,4,4,1,1,3,3,4,1345.0,2,6,0.0,0.0,0.0,,,,,0.0,2,3,0,3.0,0.0,2.0,2.0,1.0,2.0,2.0,1,202,3,2,3,1,2,1,1,2,1,3,2,2,3,1,3,1,4,2,2,3,0.0,0.0,2,2,2,2,1.0,4,3,5,1,1.0,0.0,0.0,3,1.0,0.0,1,2,4,0.0,2,3,1,5,0,0,0,1,4,1,0,6,1,0.0,0.0,7,0.0,0,6.4,,68.0,0.0,,0.0,,,,,,0,0,2,2,1,1,1,2,1,1
342.0,1,4,5,7,1,3.0,0.0,4,4,3,3,0.0,3,5,3,5,4,0.34,0.0,4,4,2,1,2,0,4,2011.0,0,6,0.0,0.0,0.0,,,,,0.0,4,4,0,0.0,0.0,0.0,0.0,0.0,0.0,6.0,0,0,4,5,2,1,1,1,1,1,1,2,2,4,2,3,1,5,3,3,2,1,0.0,0.0,2,2,1,5,0.0,0,0,0,0,0.0,0.0,0.0,0,0.0,0.0,2,1,2,1.0,3,3,1,5,0,0,1,5,4,1,1,6,1,0.0,0.0,7,0.0,0,6.38,,,0.0,,0.0,,,,,,1,0,1,1,0,0,0,0,1,0
349.0,1,3,3,4,7,1.0,3.0,3,4,3,6,0.0,7,3,5,2,4,0.3008,0.0,4,4,3,1,2,1,4,1936.0,2,6,0.0,0.0,0.0,,,,,0.0,3,4,3,1.0,0.0,0.0,2.0,0.0,2.0,5.0,1,192,4,4,1,2,1,1,1,2,1,1,2,2,2,2,3,4,3,3,4,1,0.0,0.0,2,2,3,4,1.0,5,4,1,1,1.0,0.0,1.0,3,1.0,1.0,1,1,1,0.0,1,3,1,1,2,2,5,1,4,1,1,6,1,0.0,0.0,7,,1,6.83,,,,,0.5,,,,,,0,0,2,2,1,1,2,2,1,1
352.0,1,2,4,5,7,2.0,0.0,3,4,3,5,0.0,2,2,3,1,2,0.07,0.0,4,4,3,0,2,1,4,2188.0,2,6,0.0,0.0,0.0,,,,,,3,3,4,1.0,2.0,0.0,5.0,0.0,2.0,2.0,2,80,3,2,1,1,1,1,1,5,2,1,2,3,1,3,3,1,4,2,2,2,0.0,0.0,2,1,1,5,1.0,5,5,2,3,0.0,0.0,0.0,0,1.0,0.0,1,2,3,0.0,2,3,1,3,2,2,5,1,4,1,1,5,1,0.0,0.0,7,0.0,2,6.37,,,,,0.5,,,,,,1,1,1,2,1,1,0,2,1,1
355.0,1,1,4,5,6,3.0,3.0,4,5,3,6,0.0,7,4,6,2,2,0.51,0.0,4,4,2,1,2,2,4,1657.0,2,6,0.0,0.0,0.0,,,,,,3,3,0,0.0,0.0,0.0,4.0,0.0,2.0,3.0,0,64,3,3,1,1,1,1,1,5,2,1,1,4,1,1,1,3,2,3,4,5,0.0,0.0,2,2,2,1,0.0,0,0,0,0,0.0,0.0,0.0,0,1.0,1.0,1,2,2,0.0,3,3,1,5,0,0,5,1,4,1,1,6,1,0.0,0.0,7,,1,,,,,,0.0,,,,,,0,1,2,2,0,1,1,2,0,1
364.0,1,1,4,7,1,0.0,0.0,3,2,2,4,0.0,7,6,5,4,4,0.26,0.0,4,4,1,1,2,3,4,2003.0,1,6,0.0,0.0,0.0,,,,,0.0,1,3,0,1.0,1.0,0.0,5.0,0.0,1.0,0.0,1,76,4,1,0,0,0,1,1,5,1,3,2,2,3,1,2,1,4,2,2,5,0.0,0.0,2,2,1,5,0.0,0,0,0,0,0.0,0.0,0.0,0,1.0,0.0,1,2,4,0.0,1,3,1,5,0,0,5,1,4,1,2,6,1,0.0,0.0,7,0.0,2,6.41,,353.0,0.0,,0.0,0.0,,0.0,0.0,,0,0,2,2,0,1,0,2,1,1
367.0,1,1,5,6,2,0.0,0.0,3,3,2,2,0.0,7,6,1,5,4,0.01,0.0,4,4,2,2,3,3,4,2194.0,2,6,0.0,0.0,0.0,,,,,0.0,4,3,0,1.0,1.0,1.0,4.0,1.0,1.0,1.0,1,64,3,1,0,0,0,1,1,5,4,2,2,3,2,2,3,3,4,3,2,5,0.0,0.0,2,2,2,4,0.0,0,0,0,0,0.0,0.0,0.0,0,1.0,0.0,1,2,5,0.0,2,3,1,5,0,0,5,1,4,1,0,6,1,0.0,0.0,7,0.0,0,5.02,,230.0,0.0,1.0,0.0,,,,,,1,0,2,2,0,1,1,2,1,1
375.0,1,4,4,6,4,2.0,0.0,5,2,3,5,0.0,6,6,6,2,2,0.08,0.0,4,4,2,1,2,2,3,1757.0,2,6,0.0,0.0,0.0,,,,,,3,3,0,0.0,0.0,0.0,4.0,0.0,2.0,3.0,2,64,3,3,3,1,2,1,1,5,1,1,2,4,1,1,3,2,2,2,5,5,0.0,0.0,1,1,1,1,0.0,0,0,0,0,0.0,0.0,0.0,0,1.0,1.0,1,2,3,1.0,3,3,1,5,0,0,5,1,4,1,1,6,1,0.0,0.0,7,,1,,,,,,0.0,,,,,,0,0,1,2,0,1,1,2,0,1
376.0,1,1,5,7,4,2.0,1.0,4,4,3,4,0.0,7,6,6,1,2,0.0202,0.0,4,4,3,1,3,2,4,1883.0,2,6,0.0,0.0,0.0,,,,,,4,3,0,2.0,2.0,0.0,3.0,0.0,2.0,0.0,2,240,2,1,0,0,0,1,1,4,2,1,2,3,2,1,3,2,4,2,3,5,0.0,0.0,3,2,2,1,0.0,0,0,0,0,0.0,0.0,0.0,0,0.0,0.0,1,2,4,0.0,3,3,2,5,0,0,5,1,4,1,1,6,1,0.0,0.0,7,0.0,1,,,,,,0.0,,,,,,0,0,2,2,1,0,0,0,0,0
384.0,1,1,5,7,4,0.0,0.0,4,4,3,4,0.0,7,4,5,5,4,0.86,0.0,4,4,3,1,3,2,4,1911.0,0,6,0.0,0.0,0.0,,,,,0.0,4,3,0,4.0,2.0,2.0,2.0,1.0,1.0,1.0,3,254,3,1,0,0,0,1,1,3,3,3,2,2,2,1,3,2,3,1,4,1,0.0,0.0,1,1,1,5,0.0,0,0,0,0,0.0,0.0,0.0,0,0.0,0.0,5,0,0,1.0,3,3,1,5,0,0,5,1,4,1,1,6,1,0.0,0.0,7,0.0,1,5.49,,230.0,0.0,,0.0,,,,,,2,0,0,0,2,0,2,0,2,0
388.0,1,1,4,6,4,0.0,0.0,3,1,2,1,0.0,7,0,6,5,4,0.1,0.0,4,4,3,1,2,3,4,2217.0,0,6,0.0,0.0,0.0,,,,,0.0,2,3,0,3.0,2.0,2.0,3.0,1.0,1.0,1.0,3,124,3,1,0,0,0,1,1,3,4,3,2,2,2,1,3,3,4,2,2,5,0.0,0.0,1,1,1,5,0.0,0,0,0,0,0.0,0.0,0.0,0,0.0,0.0,5,0,0,1.0,3,3,1,4,1,2,5,1,4,1,0,6,1,0.0,0.0,7,0.0,0,6.43,,780.0,0.0,,0.3333333333333333,,,,,,2,1,0,0,2,0,2,0,2,1
394.0,1,4,5,7,3,1.0,1.0,4,3,3,5,0.0,6,5,5,3,2,0.3181,0.0,4,4,2,1,2,1,4,1853.0,2,6,0.0,0.0,0.0,,,,,0.0,4,2,0,1.0,1.0,0.0,3.0,0.0,4.0,2.0,1,80,2,2,4,2,1,1,1,1,4,1,1,1,1,1,3,3,2,4,2,4,0.0,0.0,1,2,2,2,1.0,3,5,5,1,1.0,0.0,0.0,1,0.0,0.0,2,1,2,0.0,3,3,1,4,2,3,2,1,4,1,1,6,1,0.0,0.0,7,0.0,0,,,,,,0.5,0.0,,0.0,0.0,,1,1,1,1,0,0,1,0,1,1
39.0,1,4,5,7,1,3.0,0.0,4,5,3,4,0.0,3,3,6,3,4,0.5,0.0,4,4,2,1,3,3,4,1380.0,0,6,0.0,0.0,0.0,1.0,,,,0.0,1,2,3,1.0,0.0,1.0,0.0,1.0,4.0,3.0,3,168,4,3,1,1,2,1,1,2,4,3,2,2,1,2,2,3,2,2,3,3,0.0,0.0,2,2,1,2,0.0,0,0,0,0,0.0,0.0,0.0,0,1.0,0.0,3,2,4,1.0,3,3,2,5,0,0,5,1,4,1,1,6,1,0.0,0.0,7,0.0,1,6.42,,22.0,0.0,,0.0,,,,,,1,0,1,0,0,1,1,2,0,1
404.0,1,2,5,7,1,3.0,0.0,4,5,3,5,0.0,7,6,4,5,4,0.4,0.0,4,4,2,1,3,1,4,1916.0,0,5,0.0,0.0,1.0,,,,,0.0,2,4,0,1.0,0.0,1.0,0.0,1.0,1.0,5.0,0,128,4,4,2,4,1,1,1,2,1,1,1,2,2,2,2,1,3,4,2,3,0.0,0.0,2,2,2,5,1.0,3,2,2,1,1.0,1.0,1.0,0,0.0,0.0,5,0,0,1.0,3,3,1,5,0,0,5,2,4,1,0,6,1,0.0,0.0,7,0.0,1,6 35,,245.0,1.0,,0.0,,,,,,2,0,0,0,2,0,2,0,2,0
405.0,1,1,5,6,7,2.0,1.0,3,4,2,5,0.0,5,6,3,3,3,0.1345,0.0,4,4,1,1,3,2,4,2009.0,0,6,0.0,0.0,0.0,0.0,,,,,4,4,3,1.0,1.0,1.0,2.0,0.0,2.0,3.0,2,76,4,4,2,2,2,1,1,2,1,2,2,2,2,3,2,2,3,3,2,2,0.0,0.0,2,3,3,5,1.0,5,3,2,3,1.0,0.0,1.0,0,1.0,0.0,2,1,2,0.0,1,3,1,5,0,0,5,1,4,1,1,1,1,0.0,0.0,7,0.0,1,5.3,,,0.0,,0.0,,,,,,1,0,1,1,1,1,1,2,1,1
406.0,1,3,4,7,1,3.0,0.0,4,1,2,5,0.0,7,5,2,5,4,0.1,0.0,4,4,2,1,2,3,4,2194.0,0,6,0.0,0.0,0.0,,,,,0.0,4,4,3,0.0,0.0,0.0,1.0,0.0,1.0,6.0,2,64,4,4,3,3,1,1,1,2,1,1,1,2,1,2,1,2,4,2,1,2,0.0,0.0,2,3,1,5,1.0,5,3,5,2,1.0,1.0,0.0,0,1.0,0.0,2,2,3,1.0,3,3,1,4,2,2,5,5,4,1,1,5,1,0.0,0.0,7,0.0,3,6.52,,199.0,0.0,1.0,0.5,,,,,,1,0,1,1,1,1,1,2,1,1
407.0,1,3,5,7,1,3.0,0.0,4,1,3,1,0.0,4,6,1,5,4,0.01,0.0,4,4,1,1,3,3,4,2224.0,2,6,0.0,0.0,0.0,,,,,0.0,4,4,0,0.0,0.0,0.0,0.0,0.0,1.0,6.0,0,0,4,5,2,1,2,1,1,2,1,1,1,1,1,1,1,3,4,2,2,2,0.0,0.0,2,2,2,2,0.0,3,3,4,2,0.0,0.0,0.0,0,0.0,0.0,1,1,0,,3,3,1,3,2,2,4,1,4,3,1,4,1,0.0,0.0,7,0.0,0,6.25,,,0.0,,0.0,,,,,,0,0,2,2,1,0,1,0,1,1
40.0,1,4,5,7,1,3.0,0.0,4,5,3,4,0.0,4,2,6,5,4,0.6,0.0,4,4,2,1,3,3,3,1380.0,0,6,0.0,0.0,0.0,1.0,,,,0.0,1,1,0,1.0,0.0,1.0,0.0,1.0,2.0,3.0,3,168,4,3,2,1,1,1,1,2,5,1,1,1,1,1,1,3,2,1,5,1,0.0,0.0,1,1,1,5,0.0,0,0,0,0,0.0,0.0,0.0,0,0.0,0.0,5,0,0,1.0,3,3,1,5,0,0,5,1,4,1,1,6,1,0.0,0.0,7,0.0,1,,,,,,0.0,,,,,,1,0,0,0,2,0,2,0,2,0
411.0,1,3,3,1,7,2.0,3.0,4,4,3,5,0.0,5,6,5,1,2,0.82,0.0,4,4,4,1,3,1,6,2183.0,2,6,0.0,0.0,1.0,,,,,,2,1,3,1.0,0.0,2.0,0.0,3.0,2.0,2.0,1,160,2,1,0,0,0,1,1,1,5,1,1,1,1,1,1,3,1,1,6,0,0.0,0.0,0,0,0,0,0.0,0,0,0,0,0.0,0.0,0.0,0,0.0,0.0,5,0,0,0.0,3,3,1,5,0,0,1,1,4,1,1,6,1,0.0,0.0,7,,1,5.57,,,,,0.0,,,,,,2,1,0,0,2,0,2,0,2,0
412.0,1,3,5,6,2,2.0,1.0,4,3,2,5,0.0,6,6,6,2,2,0.17204,0.0,4,4,2,2,3,2,6,1801.0,0,6,0.0,0.0,0.0,,,,,,2,2,0,2.0,0.0,2.0,0.0,1.0,3.0,2.0,2,224,4,2,4,1,1,1,1,1,5,1,1,1,1,1,3,3,1,1,6,0,0.0,0.0,0,0,0,0,0.0,0,0,0,0,0.0,0.0,0.0,0,0.0,0.0,5,0,0,1.0,3,3,1,5,0,0,5,1,4,1,1,6,1,0.0,0.0,7,0.0,1,,,,,,0.0,0.3333333333333333,,0.0,0.0,,2,1,0,0,1,0,2,0,2,1
413.0,1,1,4,6,6,0.0,3.0,4,5,3,5,0.0,1,6,6,1,2,0.29,0.0,4,4,2,1,2,3,6,1735.0,2,6,0.0,0.0,0.0,,,,,,2,2,4,0.0,0.0,0.0,2.0,0.0,4.0,3.0,1,64,3,1,0,0,0,1,1,1,4,2,2,1,1,1,2,2,2,2,6,0,0.0,0.0,0,0,0,0,0.0,0,0,0,0,0.0,0.0,0.0,0,0.0,0.0,2,2,1,1.0,3,3,1,5,0,0,5,1,4,3,1,6,1,0.0,0.0,7,,1,,,,,,0.0,,,,,,2,0,1,1,1,0,2,0,0,0
41.0,1,3,5,7,0,3.0,0.0,5,5,3,5,0.0,7,4,6,4,4,0.77,0.0,4,4,3,1,3,2,4,1337.0,2,6,0.0,0.0,0.0,,,,,0.0,2,2,3,1.0,0.0,1.0,0.0,1.0,1.0,4.0,2,192,4,4,2,1,2,1,1,1,5,1,2,3,1,2,1,3,4,2,2,1,0.0,0.0,2,2,2,5,1.0,5,5,5,1,1.0,0.0,0.0,1,1.0,0.0,1,2,4,0.0,3,3,1,5,0,0,5,1,4,1,1,5,1,0.0,0.0,4,0.0,1,4.45,,101.0,0.0,0.0,0.0,,,,,,1,0,2,2,1,1,1,2,0,0
423.0,1,3,5,7,1,3.0,0.0,4,4,3,5,0.0,4,6,5,5,4,0.47,0.0,4,4,3,1,3,2,4,1890.0,0,6,0.0,0.0,0.0,,,,,0.0,2,2,0,1.0,0.0,1.0,0.0,1.0,4.0,3.0,1,170,4,3,1,1,1,1,1,1,5,2,2,1,1,1,1,4,4,2,2,3,0.0,0.0,2,4,3,5,1.0,4,2,4,2,1.0,0.0,1.0,2,0.0,0.0,1,1,5,0.0,1,3,1,5,0,0,5,1,4,1,0,6,1,0.0,0.0,7,0.0,1,4.17,,,0.0,,0.0,,,,,,1,0,2,1,1,0,1,0,1,0
424.0,1,1,5,7,1,3.0,0.0,4,1,2,5,0.0,7,6,4,2,4,0.83,0.0,4,4,3,1,3,3,4,2043.0,0,5,0.0,0.0,0.0,,,,,0.0,4,2,0,2.0,1.0,2.0,2.0,2.0,3.0,2.0,3,224,1,2,2,1,2,1,1,3,5,1,2,1,1,1,2,4,3,3,2,4,0.0,0.0,2,2,2,3,0.0,0,0,0,0,0.0,0.0,0.0,0,0.0,0.0,2,2,5,1.0,3,3,1,5,0,0,5,1,4,1,0,6,1,0.0,0.0,7,0.0,1,4.41,,,0.0,,0.0,,,,,,1,0,1,0,0,0,1,0,1,1
425.0,1,1,5,6,6,2.0,2.0,4,5,3,5,0.0,4,5,5,3,4,0.111,0.0,4,4,1,1,3,2,4,1864.0,2,6,0.0,0.0,0.0,0.0,,,,,2,2,3,1.0,0.0,0.0,0.0,0.0,2.0,5.0,2,64,3,4,2,1,1,1,1,2,4,3,2,1,1,1,1,4,3,2,3,1,0.0,0.0,2,1,0,5,0.0,0,0,0,0,0.0,0.0,0.0,0,0.0,0.0,4,0,0,1.0,3,3,1,4,1,2,5,2,4,3,1,3,1,0.0,0.0,7,0.0,0,4.63,,163.0,0.0,,0.5,,,,,,2,0,0,0,2,0,2,0,2,1
426.0,1,2,5,7,4,2.0,1.0,3,4,3,5,0.0,6,3,5,2,2,0.006,0.0,4,4,1,1,3,0,6,2146.0,2,6,0.0,0.0,0.0,,,,,,4,1,0,0.0,0.0,0.0,0.0,1.0,5.0,2.0,1,192,4,4,4,1,1,1,1,1,5,1,1,1,1,1,3,3,1,2,5,1,0.0,0.0,1,1,1,5,0.0,0,0,0,0,0.0,0.0,0.0,0,0.0,0.0,5,0,0,1.0,3,3,1,5,0,0,5,1,4,1,1,6,1,0.0,0.0,7,,1,,,,,,0.0,,,,,,1,0,0,0,2,0,2,0,2,0
427.0,1,1,1,3,7,2.0,1.0,4,5,3,5,0.0,7,4,5,1,4,0.378,1.0,4,4,4,1,3,3,6,2175.0,0,6,0.0,0.0,0.0,,,,,0.0,3,1,3,1.0,0.0,2.0,0.0,3.0,0.0,2.0,3,160,3,2,1,1,1,1,1,1,5,1,2,1,2,1,1,3,1,1,6,0,0.0,0.0,0,0,0,0,0.0,0,0,0,0,0.0,0.0,0.0,0,0.0,0.0,5,0,0,1.0,3,3,1,5,0,0,5,1,4,1,1,6,1,0.0,0.0,7,0.0,1,4.47,,,,,0.0,,,,,,2,0,0,0,2,2,2,2,2,2
42.0,1,2,5,7,1,3.0,0.0,5,5,3,4,0.0,6,4,6,5,4,0.8,0.0,4,4,3,1,3,0,3,1363.0,0,6,0.0,0.0,0.0,,,,,0.0,2,1,3,1.0,0.0,2.0,0.0,2.0,2.0,3.0,3,192,2,3,1,1,1,0,1,1,5,1,2,1,1,1,1,3,2,1,4,5,0.0,0.0,2,1,1,5,0.0,0,0,0,0,0.0,0.0,0.0,0,0.0,0.0,4,0,0,1.0,3,3,1,5,0,0,5,1,4,1,0,6,1,0.0,0.0,7,0.0,0,3.77,,112.0,0.0,0.0,0.0,,,,,,2,0,0,0,2,0,2,0,2,0
430.0,1,1,1,6,6,3.0,1.0,4,4,3,5,0.0,6,6,4,1,4,0.9,0.0,4,1,1,1,3,1,6,2169.0,2,6,0.0,0.0,,0.0,,,,,3,1,0,1.0,0.0,2.0,0.0,2.0,5.0,2.0,2,128,3,2,1,1,1,5,1,1,5,1,2,1,1,1,1,3,1,1,6,0,0.0,0.0,0,0,0,0,0.0,0,0,0,0,0.0,0.0,0.0,0,0.0,0.0,4,0,0,1.0,3,3,1,5,0,0,5,1,4,1,1,6,1,0.0,0.0,7,,1,,,,,,0.0,,,,,,2,0,0,0,1,2,2,2,2,2
442.0,1,1,5,7,1,3.0,0.0,4,4,3,6,0.0,7,5,5,5,4,0.76,0.0,4,4,3,1,3,3,4,1973.0,0,6,0.0,0.0,0.0,,,,,0.0,2,1,3,0.0,0.0,1.0,0.0,2.0,4.0,2.0,3,128,4,2,2,1,1,1,1,1,5,1,1,1,1,1,1,3,3,1,4,4,0.0,0.0,1,1,1,5,0.0,1,0,0,0,0.0,0.0,0.0,0,0.0,0.0,5,0,0,1.0,3,3,1,5,0,0,5,1,4,1,1,6,1,0.0,0.0,7,0.0,1,3.7,,210.0,0.0,,0.0,,,,,,2,0,0,0,2,0,2,0,2,0
443.0,1,1,5,7,1,3.0,0.0,4,5,3,6,0.0,7,5,3,4,4,0.36,0.0,4,4,3,1,3,3,4,2166.0,0,6,0.0,0.0,0.0,,,,,0.0,4,1,3,1.0,0.0,2.0,2.0,3.0,3.0,3.0,3,168,1,2,3,1,2,1,1,2,5,1,2,1,1,1,1,3,1,1,6,0,0.0,0.0,0,0,0,0,0.0,0,0,0,0,0.0,0.0,0.0,0,0.0,0.0,4,0,0,1.0,3,3,1,5,0,0,5,1,4,1,1,6,1,0.0,0.0,7,0.0,1,4.03,,,0.0,,0.0,,,,,,2,0,0,0,1,0,2,0,2,0
444.0,1,1,6,7,1,3.0,0.0,4,4,3,5,0.0,7,6,3,2,4,0.47,0.0,4,4,4,1,3,3,4,2079.0,0,6,0.0,0.0,0.0,,,,,0.0,4,1,3,1.0,0.0,1.0,0.0,2.0,2.0,3.0,3,192,4,3,2,1,2,1,1,1,5,1,1,1,1,1,1,3,2,1,5,1,0.0,0.0,1,1,1,5,0.0,0,0,0,0,0.0,0.0,0.0,0,0.0,0.0,5,0,0,1.0,3,3,1,5,0,0,5,1,4,1,1,6,1,0.0,0.0,7,0.0,1,,,,,,0.0,,,,,,2,0,0,0,2,0,2,0,2,0
446.0,1,1,4,5,6,3.0,0.0,3,1,2,5,0.0,7,6,3,5,4,0.3,0.0,0,2,3,2,3,3,4,2283.0,0,6,0.0,0.0,0.0,,,,,0.0,4,1,0,1.0,0.0,1.0,0.0,2.0,3.0,3.0,3,128,3,2,4,2,1,1,1,1,5,1,2,1,1,1,1,3,2,1,5,1,0.0,0.0,1,0,1,1,0.0,0,5,0,0,0.0,0.0,0.0,0,0.0,0.0,5,0,0,1.0,3,3,1,4,2,1,4,1,4,1,1,5,1,0.0,0.0,7,0.0,0,4.43,,90.0,,,0.0,,,,,,1,1,0,0,2,2,2,2,2,2
448.0,1,4,4,7,2,3.0,3.0,4,4,3,5,0.0,5,5,6,3,2,0.252,0.0,4,4,2,1,3,1,4,2147.0,2,6,0.0,0.0,0.0,,,,,,4,4,0,0.0,0.0,0.0,2.0,0.0,1.0,5.0,2,64,4,4,1,3,1,1,1,2,1,2,1,1,1,2,3,4,2,4,2,4,0.0,0.0,2,2,2,4,1.0,5,3,5,1,1.0,0.0,0.0,2,1.0,0.0,1,2,3,0.0,3,3,2,5,0,0,5,1,4,1,1,6,1,0.0,0.0,7,,0,,,,,,0.3333333333333333,,,,,,0,0,2,2,0,1,1,2,0,1
449.0,1,3,5,6,3,3.0,2.0,4,2,2,5,0.0,3,4,6,1,2,0.25,0.0,4,4,2,1,2,3,3,2232.0,2,6,0.0,0.0,0.0,,,,,,3,2,4,0.0,0.0,0.0,1.0,0.0,3.0,4.0,1,80,3,4,4,2,1,1,1,2,4,2,2,1,1,1,3,3,2,3,3,4,0.0,0.0,1,1,1,5,1.0,3,4,5,2,0.0,0.0,0.0,1,0.0,0.0,2,2,2,0.0,3,3,1,4,2,1,5,1,4,2,1,6,1,0.0,0.0,7,,1,,,,,,0.0,,,,,,1,1,1,1,0,0,2,0,0,1
451.0,1,4,5,7,2,2.0,1.0,4,4,3,5,0.0,6,4,5,2,2,0.279,0.0,4,4,1,1,3,2,2,2073.0,0,6,0.0,0.0,0.0,,,,,,4,4,3,0.0,0.0,0.0,2.0,0.0,0.0,5.0,0,64,4,4,1,3,1,1,1,2,1,2,1,1,1,1,3,2,2,4,2,4,0.0,0.0,2,3,3,4,1.0,4,2,4,3,1.0,0.0,1.0,3,1.0,0.0,1,1,3,0.0,1,3,2,4,2,2,5,6,4,1,0,6,1,0.0,0.0,7,,2,,,,,1.0,0.6666666666666666,,,,,,0,0,2,2,0,1,1,2,1,1
452.0,1,4,5,6,4,2.0,2.0,3,4,3,4,0.0,6,0,6,2,2,0.016,0.0,4,4,1,3,2,2,2,2062.0,2,6,0.0,0.0,0.0,,,,,,4,4,0,0.0,0.0,0.0,2.0,0.0,2.0,5.0,1,64,3,4,3,4,1,2,1,3,1,2,1,5,1,1,3,3,2,4,1,4,0.0,0.0,1,2,2,3,1.0,3,3,4,1,0.0,0.0,0.0,2,1.0,0.0,1,2,3,0.0,1,3,2,5,0,0,5,1,4,3,1,6,1,0.0,0.0,7,,2,,,,0.0,1.0,0.3333333333333333,0.0,,0.0,0.0,,0,1,2,2,0,1,1,2,0,1
456.0,1,4,5,6,4,3.0,0.0,3,2,2,5,0.0,1,2,2,4,1,0.03,0.0,4,4,2,1,3,2,4,2082.0,2,6,0.0,3.0,0.0,1.0,,,,0.0,4,4,3,0.0,0.0,0.0,0.0,0.0,1.0,1.0,2,0,2,3,1,2,1,1,2,1,1,2,1,1,1,1,1,2,2,4,4,2,0.0,0.0,2,2,2,5,1.0,4,3,3,2,1.0,0.0,0.0,1,1.0,0.0,1,2,0,0.0,1,3,1,5,0,0,5,1,4,1,2,5,1,0.0,0.0,7,0.0,2,,,,1.0,,0.6666666666666666,,,,,,0,2,2,2,0,1,1,2,0,1
457.0,1,4,5,6,4,3.0,1.0,4,2,1,5,0.0,4,3,5,5,1,0.00085,0.0,4,4,1,2,3,2,4,1970.0,2,6,0.0,0.0,0.0,,,,,,4,4,3,0.0,3.0,0.0,0.0,0.0,2.0,4.0,0,20,4,4,1,2,1,1,1,1,1,1,2,4,1,2,3,2,3,4,3,2,0.0,0.0,3,3,3,1,0.0,0,0,0,0,0.0,0.0,0.0,0,1.0,0.0,1,1,2,0.0,1,3,3,5,0,0,3,6,4,2,0,6,1,0.0,0.0,7,,2,,,,,1.0,0.0,,,,,,0,2,2,2,0,1,1,2,1,2
458.0,1,4,5,6,4,3.0,1.0,3,4,3,5,0.0,4,5,5,3,2,0.086,0.0,4,4,1,1,3,2,2,2207.0,0,6,0.0,0.0,0.0,,,,,,2,3,3,6.0,0.0,0.0,0.0,1.0,1.0,0.0,0,40,3,1,0,0,0,1,1,1,4,1,1,4,1,1,3,2,2,3,5,5,0.0,0.0,1,2,2,3,0.0,0,0,0,0,0.0,0.0,0.0,0,1.0,0.0,1,1,4,0.0,3,3,2,5,0,0,5,1,4,1,1,6,1,0.0,0.0,7,0.0,1,,,,,,0.5,,,,,,0,0,2,2,0,1,1,2,0,1
459.0,1,4,5,6,4,1.0,1.0,3,4,3,4,0.0,3,4,5,2,1,0.75,0.0,4,4,1,3,1,2,4,2202.0,0,6,0.0,0.0,0.0,,,,,,4,3,2,5.0,0.0,2.0,0.0,2.0,0.0,0.0,0,224,3,1,0,0,0,1,1,3,4,3,1,3,1,1,3,3,2,3,4,5,0.0,0.0,2,2,2,5,0.0,0,0,0,0,0.0,0.0,0.0,0,0.0,0.0,2,1,5,0.0,3,3,2,5,0,0,4,2,4,1,0,6,1,0.0,0.0,7,0.0,0,,,,,,0.5,,,,,,1,2,1,1,0,0,1,1,0,1
45.0,1,4,5,7,1,3.0,0.0,4,5,3,5,0.0,6,3,3,4,4,0.4,0.0,4,4,2,1,3,3,4,1496.0,2,6,0.0,0.0,0.0,0.0,,,,0.0,2,2,3,1.0,0.0,1.0,0.0,1.0,2.0,5.0,1,64,4,4,1,1,1,1,1,2,4,2,2,1,1,1,2,3,2,4,1,3,0.0,0.0,2,2,3,5,1.0,4,4,5,2,1.0,0.0,0.0,2,1.0,0.0,1,1,3,0.0,1,3,1,5,0,0,5,1,4,1,1,6,1,0.0,0.0,7,,1,4.68,,,,,0.0,,,,,,0,0,2,1,1,1,2,2,1,1
462.0,1,2,5,5,4,3.0,2.0,4,0,3,5,0.0,3,5,6,4,2,0.1,0.0,4,4,2,1,1,3,4,2065.0,1,6,0.0,0.0,0.0,,,,,,3,3,0,3.0,0.0,0.0,1.0,0.0,4.0,0.0,1,232,4,1,0,0,0,5,4,2,3,3,2,4,3,1,2,1,2,2,4,4,0.0,0.0,1,3,2,1,0.0,0,0,0,0,0.0,0.0,0.0,0,1.0,0.0,1,2,4,0.0,2,3,3,4,2,3,3,1,4,1,1,6,1,0.0,0.0,7,,0,,,,,,0.0,0.0,,0.0,0.0,,0,1,2,2,0,1,1,2,0,2
463.0,1,3,4,5,4,0.0,0.0,3,3,3,4,0.0,3,4,3,5,4,0.2,0.0,4,4,2,1,3,3,6,2082.0,0,6,0.0,2.0,0.0,0.0,,,,0.0,4,1,0,2.0,0.0,2.0,2.0,0.0,3.0,1.0,2,160,1,1,0,0,0,1,1,1,5,1,2,1,1,1,3,3,1,1,6,0,0.0,0.0,0,0,0,0,0.0,0,0,0,0,0.0,0.0,0.0,0,0.0,0.0,5,0,0,1.0,3,3,1,4,1,3,5,1,4,1,1,6,1,0.0,0.0,7,0.0,0,,,,,,0.5,,,,,,2,0,0,0,2,0,2,0,2,1
465.0,1,1,4,6,4,3.0,1.0,3,4,3,4,0.0,7,4,3,2,1,0.634,0.0,4,4,1,2,3,3,6,2032.0,0,6,0.0,0.0,0.0,,,,,,4,3,0,3.0,0.0,4.0,0.0,0.0,2.0,0.0,1,224,3,1,0,0,0,1,1,1,5,3,2,1,1,1,3,3,1,1,6,0,0.0,0.0,0,0,0,0,0.0,0,0,0,0,0.0,0.0,0.0,0,0.0,0.0,5,0,0,1.0,3,3,2,5,0,0,5,6,4,1,1,6,1,0.0,0.0,7,0.0,0,,,,,,0.0,,,,,,1,2,0,0,1,0,2,0,2,0
468.0,1,1,5,6,2,3.0,1.0,4,2,1,3,0.0,4,6,6,2,2,0.0356,0.0,4,4,2,2,3,3,6,2180.0,0,6,0.0,0.0,0.0,,,,,,4,2,3,0.0,0.0,3.0,0.0,1.0,4.0,0.0,3,224,1,1,0,0,0,1,1,2,4,0,1,1,1,2,3,3,1,2,5,5,0.0,0.0,1,1,1,5,0.0,0,0,0,0,0.0,0.0,0.0,0,0.0,0.0,2,1,4,0.0,3,3,2,4,1,2,5,6,4,1,1,4,2,0.0,0.0,7,,1,,,,,,0.6666666666666666,,,,,,1,1,1,1,0,0,2,0,0,2
472.0,1,4,5,7,1,2.0,1.0,4,3,3,3,0.0,4,2,2,1,1,0.166,0.0,4,4,1,2,3,3,6,2111.0,2,6,0.0,0.0,0.0,,,,,,4,2,0,0.0,0.0,3.0,0.0,0.0,4.0,2.0,1,224,1,2,1,1,1,1,1,1,5,1,1,1,1,1,3,3,1,1,6,0,0.0,0.0,0,0,0,0,0.0,0,0,0,0,0.0,0.0,0.0,0,0.0,0.0,5,0,0,1.0,3,3,2,5,0,0,5,6,4,2,1,6,1,0.0,0.0,7,0.0,0,,,,,,0.0,,,,,,1,2,0,0,0,0,2,0,2,0
473.0,1,1,5,7,2,2.0,1.0,4,4,3,5,0.0,7,5,5,1,3,0.308,0.0,4,4,2,1,3,1,4,2079.0,2,0,0.0,0.0,0.0,,,,,,4,2,0,2.0,0.0,4.0,0.0,2.0,3.0,1.0,2,224,3,1,0,0,0,1,1,1,4,3,2,1,1,1,3,3,2,3,4,5,0.0,0.0,1,2,3,4,0.0,0,0,0,0,0.0,0.0,0.0,0,1.0,0.0,1,1,4,0.0,3,3,2,5,0,0,5,6,4,1,0,6,1,0.0,0.0,7,0.0,0,,,,,1.0,0.6666666666666666,,,,,,0,0,2,2,0,1,1,2,0,1
477.0,1,3,5,7,4,2.0,1.0,4,2,3,5,0.0,5,5,5,2,4,0.44,0.0,4,4,1,2,3,3,6,1943.0,0,6,0.0,0.0,0.0,,,,,,2,2,0,0.0,0.0,2.0,0.0,1.0,4.0,3.0,2,192,4,3,2,1,1,1,1,1,5,1,1,1,1,1,3,3,1,1,6,0,0.0,0.0,0,0,0,0,0.0,0,0,0,0,0.0,0.0,0.0,0,0.0,0.0,4,0,0,1.0,3,3,2,4,2,2,5,6,4,2,1,6,1,0.0,0.0,7,,0,,,,,,0.0,,,,,,1,1,0,0,0,0,2,0,2,0
478.0,1,1,5,7,2,2.0,1.0,4,2,3,5,0.0,7,4,5,2,1,0.2115,0.0,4,4,1,3,3,2,1,1888.0,2,6,0.0,0.0,0.0,,,,,,4,2,0,1.0,0.0,3.0,0.0,2.0,4.0,1.0,1,192,1,1,0,0,0,1,1,1,5,1,1,1,1,1,3,3,1,1,6,0,0.0,0.0,0,0,0,0,0.0,0,0,0,0,0.0,0.0,0.0,0,0.0,0.0,4,0,0,1.0,3,3,2,5,0,0,5,6,4,1,0,6,1,0.0,0.0,4,,1,,,,,,0.0,,,,,,1,2,0,0,1,0,2,0,2,0
479.0,1,1,5,6,1,3.0,1.0,4,4,3,5,0.0,7,4,5,1,2,0.127,0.0,4,4,3,1,3,3,6,2232.0,0,6,0.0,0.0,0.0,,,,,,4,2,0,1.0,0.0,4.0,0.0,0.0,3.0,0.0,2,224,1,1,0,0,0,1,1,2,4,1,1,1,1,2,3,3,1,3,4,5,0.0,0.0,1,2,2,5,0.0,0,0,0,0,0.0,0.0,0.0,0,0.0,0.0,2,2,5,0.0,3,3,2,5,0,0,5,6,4,1,1,1,1,0.0,0.0,7,0.0,1,,,,,,0.0,,,,,,1,0,1,1,0,0,1,0,0,0
480.0,1,1,5,6,1,3.0,1.0,4,4,3,5,0.0,6,4,5,1,2,0.106,0.0,4,4,3,1,3,3,6,2232.0,0,6,0.0,0.0,0.0,,,,,,4,2,3,0.0,0.0,3.0,2.0,0.0,3.0,1.0,2,224,1,1,0,0,0,1,1,3,3,1,1,1,1,3,3,3,1,4,2,4,0.0,0.0,2,2,2,4,0.0,0,0,0,0,0.0,0.0,0.0,0,0.0,0.0,2,2,5,0.0,3,3,2,5,0,0,5,6,4,1,1,1,1,0.0,0.0,7,,1,,,,,1.0,0.0,,,,,,1,0,1,1,0,0,1,0,0,0
481.0,1,1,2,6,2,0.0,3.0,4,4,3,5,0.0,1,5,6,2,2,0.49,0.0,4,4,2,1,3,3,6,2217.0,2,6,0.0,0.0,0.0,,,,,,3,1,3,2.0,0.0,2.0,0.0,3.0,4.0,0.0,2,232,3,1,0,0,0,1,1,1,4,2,2,1,1,1,1,3,1,1,6,0,0.0,0.0,0,0,0,0,0.0,0,0,0,0,0.0,0.0,0.0,0,0.0,0.0,4,0,0,1.0,3,3,1,5,0,0,4,1,4,1,1,6,1,0.0,0.0,7,,0,,,,,,0.0,,,,,,2,0,0,0,1,0,2,0,2,0
482.0,1,4,5,5,7,3.0,2.0,2,3,3,5,0.0,4,4,4,1,1,0.865,0.0,4,4,2,3,3,3,6,2099.0,0,6,0.0,0.0,0.0,,,,,,3,1,3,4.0,0.0,2.0,0.0,2.0,3.0,1.0,2,225,2,1,0,0,0,1,1,1,4,1,1,1,1,1,3,3,1,1,6,0,0.0,0.0,0,0,0,0,0.0,0,0,0,0,0.0,0.0,0.0,0,0.0,0.0,5,0,0,1.0,3,3,1,5,0,0,5,6,4,1,1,6,1,0.0,0.0,7,,1,,,,,,0.0,,,,,,2,2,0,0,2,0,2,0,2,0
485.0,1,4,5,7,4,1.0,1.0,4,3,3,5,0.0,6,5,4,1,1,0.29,0.0,4,4,2,3,3,0,6,1987.0,2,6,0.0,0.0,0.0,,,,,,1,1,0,1.0,0.0,4.0,0.0,3.0,3.0,1.0,2,160,1,1,0,0,0,1,1,1,5,1,1,1,1,1,3,3,1,2,6,0,0.0,0.0,0,0,0,0,0.0,0,0,0,0,0.0,0.0,0.0,0,0.0,0.0,5,0,0,1.0,3,3,1,4,2,2,5,6,4,1,0,6,1,0.0,0.0,7,,0,,,,,,0.0,,,,,,2,2,0,0,2,0,2,0,2,0
497.0,1,4,5,7,1,3.0,2.0,4,2,2,5,0.0,3,4,5,2,2,0.5,0.0,4,4,2,2,3,2,2,2221.0,0,0,0.0,0.0,0.0,,,,,,4,2,3,2.0,2.0,0.0,4.0,0.0,2.0,1.0,1,112,3,2,1,2,1,1,1,5,4,1,1,2,1,2,3,4,3,4,2,5,0.0,0.0,1,1,2,3,0.0,0,0,0,0,0.0,0.0,0.0,0,0.0,0.0,1,2,5,0.0,3,3,2,4,2,2,5,6,4,1,0,6,1,0.0,0.0,7,,0,,,,,,0.5,,,,,,0,1,2,2,0,0,1,0,0,1
4.0,1,4,4,7,1,3.0,0.0,5,5,3,2,0.0,4,5,6,5,4,0.66,1.0,4,4,2,1,3,3,5,1357.0,0,6,0.0,0.0,0.0,,,,,0.0,2,3,4,0.0,0.0,1.0,1.0,1.0,3.0,3.0,1,232,3,3,2,1,2,1,1,2,2,3,2,2,1,1,2,4,4,2,2,3,0.0,0.0,2,2,1,1,0.0,0,0,0,0,0.0,0.0,0.0,0,0.0,0.0,1,2,4,0.0,1,3,2,5,0,0,5,1,4,1,1,6,1,0.0,0.0,7,0.0,2,6.19,,29.0,0.0,,0.0,,,,,,0,0,2,1,0,2,1,2,1,2
500.0,1,3,4,6,4,3.0,2.0,3,3,2,4,0.0,6,4,3,5,4,0.412,0.0,4,4,1,3,2,1,4,2062.0,0,6,0.0,0.0,0.0,,,,,,4,3,0,0.0,0.0,0.0,5.0,0.0,0.0,3.0,0,64,3,4,1,2,1,1,1,5,1,1,0,4,2,3,3,2,3,3,4,4,0.0,0.0,2,3,2,1,0.0,0,0,0,0,0.0,0.0,0.0,0,0.0,0.0,1,1,4,0.0,1,3,2,4,1,4,2,6,4,3,0,6,1,0.0,0.0,7,,2,,,,,,0.5,,,,,,0,2,2,2,0,0,1,1,1,1
501.0,1,2,4,4,6,2.0,1.0,4,1,3,5,0.0,6,4,6,2,2,0.08,0.0,4,4,1,3,1,2,4,2062.0,2,6,0.0,0.0,0.0,,,,,,4,3,0,0.0,1.0,0.0,4.0,0.0,2.0,1.0,1,80,3,1,0,0,0,1,1,5,1,1,1,3,1,1,2,1,3,2,4,5,0.0,0.0,3,2,2,1,0.0,0,0,0,0,0.0,0.0,0.0,0,1.0,0.0,1,2,4,0.0,3,3,2,4,1,2,5,1,4,1,1,5,2,0.0,0.0,7,,0,,,,,,0.3333333333333333,,,,,,0,2,2,2,0,1,1,2,0,2
505.0,1,4,5,7,1,1.0,1.0,4,4,3,4,0.0,4,4,3,4,1,0.005,0.0,4,4,1,1,3,3,4,2109.0,2,6,0.0,0.0,0.0,,,,,,4,3,4,0.0,1.0,0.0,4.0,0.0,2.0,3.0,1,80,3,3,1,2,1,1,1,5,2,2,2,4,1,2,3,2,3,4,2,5,1.0,0.0,2,2,3,1,0.0,0,0,0,0,0.0,0.0,0.0,0,1.0,0.0,1,2,5,0.0,1,3,2,5,0,0,4,6,4,1,0,6,1,0.0,0.0,7,,2,,,,,,0.0,,,,,,0,2,2,2,0,1,1,2,1,1
507.0,1,3,4,7,2,3.0,1.0,4,1,3,4,0.0,1,4,4,5,1,0.279,0.0,4,4,1,2,2,2,4,1947.0,2,6,0.0,0.0,0.0,,,,,,4,3,0,0.0,2.0,0.0,5.0,0.0,0.0,0.0,0,80,3,1,0,0,0,1,1,5,1,1,2,4,2,1,3,2,3,3,3,5,0.0,0.0,3,2,2,1,0.0,0,0,0,0,0.0,0.0,0.0,0,1.0,0.0,1,1,5,0.0,3,3,2,4,2,3,3,6,4,1,0,6,1,0.0,0.0,7,0.0,0,,,,,,0.0,,,,,,0,2,1,2,0,1,1,2,1,2
508.0,1,1,1,3,7,1.0,1.0,4,1,1,3,0.0,4,6,4,1,4,0.36,0.0,4,4,2,2,3,2,6,2228.0,2,6,0.0,0.0,0.0,,,,,,3,2,0,5.0,1.0,0.0,0.0,0.0,0.0,2.0,2,184,3,1,0,0,0,1,1,1,5,1,1,1,1,1,1,3,1,1,6,0,0.0,0.0,0,0,0,0,0.0,0,0,0,0,0.0,0.0,0.0,0,0.0,0.0,2,2,5,0.0,3,3,1,4,1,2,5,1,4,1,1,6,1,0.0,0.0,7,,0,5.49,,,,,0.0,,,,,,2,1,1,2,1,0,2,0,0,2
509.0,1,3,4,0,7,2.0,3.0,4,4,3,5,0.0,4,6,4,1,4,0.25,0.0,4,4,2,1,3,3,6,2038.0,2,6,0.0,0.0,0.0,,,,,,3,3,0,0.0,0.0,0.0,1.0,0.0,5.0,2.0,1,64,3,2,1,1,1,1,1,5,4,1,1,1,1,1,2,2,2,1,5,5,0.0,0.0,1,1,1,5,1.0,1,0,0,0,0.0,0.0,0.0,0,0.0,0.0,3,2,2,0.0,3,3,1,5,0,0,5,1,4,1,1,6,1,0.0,0.0,7,,1,5.43,,,,,0.0,,,,,,1,0,1,1,0,0,2,0,0,0
510.0,1,4,4,4,7,2.0,3.0,4,2,2,5,0.0,3,6,4,1,3,0.37,0.0,4,4,3,2,2,1,4,2122.0,2,6,0.0,0.0,0.0,,,,,,3,3,4,2.0,1.0,1.0,5.0,0.0,2.0,2.0,1,88,3,3,2,2,1,0,1,1,1,2,2,2,1,2,2,2,2,2,5,4,0.0,0.0,3,2,2,1,0.0,0,0,0,0,0.0,0.0,0.0,0,1.0,0.0,1,2,4,0.0,1,3,1,5,0,0,5,1,4,1,1,6,1,0.0,0.0,7,,2,6.67,,,,,0.5,,,,,,0,1,2,2,1,1,1,2,0,1
511.0,1,1,4,6,7,2.0,1.0,3,4,3,4,,3,6,6,4,2,0.26,0.0,4,4,1,1,1,2,3,1767.0,2,6,0.0,0.0,0.0,,,,,,3,3,0,4.0,0.0,2.0,2.0,1.0,2.0,2.0,2,248,3,2,2,1,2,1,1,1,3,3,2,4,1,1,1,1,1,2,5,5,0.0,0.0,2,1,1,1,0.0,0,5,0,0,0.0,0.0,0.0,0,1.0,0.0,1,2,4,0.0,3,3,2,5,0,0,5,1,4,1,1,6,1,0.0,0.0,7,,1,,,,,,0.0,,,,,,0,1,2,2,0,1,1,2,0,2
512.0,1,1,5,6,4,1.0,0.0,4,5,3,5,0.0,7,4,6,2,2,0.3,0.0,4,4,1,1,3,2,4,2026.0,2,6,0.0,0.0,0.0,,,,,,2,3,0,2.0,2.0,1.0,3.0,0.0,3.0,1.0,2,125,4,2,2,1,2,1,1,4,3,3,2,4,1,1,1,2,2,2,5,5,0.0,0.0,1,1,1,4,0.0,0,0,0,0,0.0,0.0,0.0,0,0.0,0.0,2,2,4,0.0,3,3,1,5,0,0,5,1,4,1,1,6,1,0.0,0.0,7,,1,,,,,,0.0,,,,,,1,0,1,2,0,0,1,0,0,0
513.0,1,3,4,7,2,3.0,1.0,5,4,3,5,0.0,4,3,3,5,2,0.6162,0.0,4,4,2,2,3,3,6,2029.0,2,6,0.0,0.0,0.0,,,,,,4,1,0,1.0,0.0,3.0,1.0,1.0,3.0,2.0,2,224,1,2,3,1,1,1,1,1,5,1,1,1,1,1,3,3,1,2,4,5,0.0,0.0,1,1,1,2,0.0,0,0,0,0,0.0,0.0,0.0,0,0.0,0.0,5,0,0,1.0,3,3,2,5,0,0,4,1,4,1,1,6,1,0.0,0.0,7,,0,,,,,1.0,0.0,0.0,,0.3333333333333333,0.0,,1,1,0,0,2,0,2,0,2,0
514.0,1,1,5,6,2,1.0,0.0,5,2,2,5,0.0,7,5,1,1,2,0.005,0.0,4,4,1,2,3,2,6,2169.0,1,6,0.0,0.0,0.0,,,,,0.0,2,4,0,0.0,0.0,0.0,0.0,0.0,0.0,6.0,0,0,3,5,1,4,1,5,2,1,1,1,1,1,1,1,3,3,4,4,1,5,0.0,0.0,3,2,2,2,1.0,3,4,5,2,0.0,0.0,0.0,1,0.0,0.0,1,2,3,0.0,3,3,2,5,0,0,5,1,4,2,1,6,1,0.0,0.0,5,0.0,0,,,,,1.0,0.0,0.0,,0.0,0.6666666666666666,,0,0,2,2,1,0,1,0,1,1
515.0,1,1,5,6,4,1.0,3.0,4,2,2,5,0.0,7,5,6,3,1,0.01,0.0,4,4,1,2,3,2,4,1987.0,2,6,0.0,0.0,0.0,,,,,,3,3,0,0.0,3.0,0.0,3.0,0.0,1.0,2.0,3,80,3,4,2,1,1,1,1,4,1,1,2,3,1,1,3,1,4,2,5,5,0.0,0.0,3,2,2,2,0.0,0,0,0,0,0.0,0.0,0.0,0,0.0,0.0,1,2,4,0.0,3,3,2,5,0,0,4,1,4,1,1,6,1,0.0,0.0,7,,1,,,,,,0.0,0.0,,0.4166666666666667,0.0,,1,2,2,2,0,0,1,0,0,1
516.0,1,4,5,5,2,3.0,2.0,4,2,3,6,0.0,1,6,6,1,4,0.0129,0.0,4,4,2,1,3,3,6,2080.0,2,6,0.0,0.0,0.0,,,,,,3,3,0,0.0,4.0,0.0,2.0,0.0,2.0,1.0,3,84,3,1,0,0,0,1,1,1,1,2,1,4,1,1,3,5,4,1,6,0,0.0,0.0,0,0,0,0,0.0,0,0,0,0,0.0,0.0,0.0,0,0.0,0.0,5,0,0,1.0,1,3,1,5,0,0,5,1,4,1,1,5,1,0.0,0.0,3,,2,,,,,,0.0,,,,,,2,0,0,0,1,0,2,0,2,0
517.0,1,1,5,7,1,2.0,1.0,4,5,3,4,0.0,7,6,6,1,2,0.16,0.0,4,4,2,1,3,2,6,1968.0,0,6,0.0,0.0,0.0,,,,,,2,3,0,4.0,0.0,2.0,0.0,0.0,3.0,1.0,1,224,1,1,0,0,0,1,1,1,4,1,1,2,1,2,3,3,2,3,4,5,0.0,0.0,1,2,2,1,0.0,0,0,0,0,0.0,0.0,0.0,0,0.0,0.0,2,2,5,1.0,3,3,2,5,0,0,5,1,4,1,1,6,1,0.0,0.0,7,,1,,,,,1.0,0.3333333333333333,,,,,,1,0,1,1,0,0,2,0,0,0
518.0,1,4,5,7,2,3.0,1.0,5,4,3,5,0.0,3,4,6,4,3,0.52,0.0,4,4,1,1,3,1,5,1846.0,2,6,0.0,0.0,0.0,,,,,,2,2,4,1.0,0.0,2.0,0.0,0.0,4.0,3.0,3,192,4,3,2,2,1,1,1,3,4,2,1,2,1,1,3,3,2,3,4,2,0.0,0.0,1,3,3,3,1.0,5,4,5,3,1.0,0.0,0.0,3,1.0,0.0,1,2,2,0.0,3,3,2,5,0,0,4,6,4,1,1,6,1,0.0,0.0,7,,0,,,,,,0.0,,,,,,0,0,2,2,0,1,2,2,0,1
519.0,1,2,5,7,2,3.0,1.0,4,4,3,5,0.0,7,3,6,3,4,0.038,0.0,4,4,2,2,2,3,5,1670.0,0,6,0.0,0.0,0.0,,,,,,2,4,0,0.0,0.0,0.0,0.0,0.0,4.0,4.0,1,64,4,4,1,3,1,1,1,1,1,1,1,1,1,1,3,3,3,4,2,4,0.0,0.0,2,1,3,4,1.0,4,3,5,1,1.0,0.0,0.0,3,1.0,0.0,1,1,2,0.0,3,3,2,5,0,0,4,6,4,3,0,6,1,0.0,0.0,7,0.0,0,,,,,,0.6666666666666666,,,,,,0,1,2,1,1,1,1,2,1,1
520.0,1,4,5,7,1,0.0,0.0,4,4,3,5,0.0,3,6,6,3,4,0.72,0.0,4,4,2,1,3,3,4,1329.0,2,6,0.0,0.0,0.0,1.0,,,,0.0,1,3,1,1.0,0.0,1.0,0.0,1.0,0.0,0.0,2,170,4,1,0,0,0,1,1,1,4,3,2,3,2,1,2,3,2,2,5,5,0.0,0.0,1,1,1,5,0.0,0,0,0,0,0.0,0.0,0.0,0,0.0,0.0,4,0,0,1.0,3,3,1,5,0,0,5,1,4,1,0,6,1,0.0,0.0,7,0.0,1,6.57,,104.0,0.0,0.0,0.0,,,,,,1,0,0,0,2,0,2,0,2,0
521.0,1,4,5,7,1,0.0,0.0,4,4,3,5,0.0,3,6,6,1,4,0.72,0.0,4,4,2,1,3,3,4,1329.0,0,6,0.0,0.0,0.0,1.0,,,,0.0,1,1,3,2.0,0.0,2.0,0.0,2.0,3.0,1.0,1,160,1,1,0,0,0,1,1,1,5,1,2,1,1,1,2,3,2,1,5,5,0.0,0.0,1,1,1,5,0.0,0,0,0,0,0.0,0.0,0.0,0,0.0,0.0,4,0,0,1.0,3,3,1,5,0,0,5,1,4,1,1,6,1,0.0,0.0,7,0.0,1,,,,,,0.0,,,,,,1,0,0,0,2,0,2,0,2,0
522.0,1,4,4,6,6,0.0,0.0,3,3,3,6,0.0,6,6,6,4,4,0.41,0.0,4,4,3,1,2,3,4,1342.0,0,6,0.0,0.0,0.0,,,,,0.0,4,3,1,5.0,0.0,1.0,0.0,1.0,1.0,0.0,1,168,3,1,0,0,0,1,1,1,5,3,2,1,2,1,2,4,1,1,5,5,0.0,0.0,1,1,1,5,0.0,0,0,0,0,0.0,0.0,0.0,0,0.0,0.0,4,0,0,1.0,3,3,1,5,0,0,5,1,4,1,1,6,1,0.0,0.0,7,0.0,0,4.01,,75.0,0.0,0.0,0.0,,,,,,1,0,0,0,2,0,2,0,2,0
523.0,1,4,4,6,6,0.0,0.0,3,3,3,6,0.0,6,6,6,4,4,0.41,0.0,4,4,3,1,2,3,4,1342.0,0,6,0.0,0.0,0.0,,,,,0.0,4,1,3,3.0,0.0,3.0,0.0,3.0,2.0,1.0,3,160,1,1,0,0,0,1,1,1,5,1,1,1,1,1,1,3,1,1,5,1,0.0,0.0,1,1,1,5,0.0,0,0,0,0,0.0,0.0,0.0,0,0.0,0.0,5,0,0,1.0,3,3,1,5,0,0,5,1,4,1,1,6,1,0.0,0.0,7,0.0,1,,,,,,0.0,,,,,,1,0,0,0,2,0,2,0,2,0
524.0,1,3,5,7,1,3.0,0.0,4,5,3,5,0.0,7,4,6,5,4,0.07,0.0,4,4,2,1,3,1,4,1426.0,0,6,0.0,0.0,1.0,1.0,,,,0.0,1,4,0,1.0,0.0,0.0,1.0,0.0,3.0,3.0,1,40,4,3,1,2,1,1,1,1,2,2,2,4,1,2,2,3,4,3,1,2,0.0,0.0,3,2,2,4,1.0,4,5,5,2,1.0,0.0,1.0,3,1.0,0.0,1,1,3,0.0,1,3,1,5,0,0,5,1,4,1,1,6,1,0.0,0.0,7,0.0,1,6.43,,80.0,0.0,0.0,0.0,0.0,,0.0,0.0,,1,0,2,1,1,1,1,2,1,1
525.0,1,3,6,7,1,3.0,0.0,4,5,3,5,0.0,6,4,6,5,4,0.76,0.0,4,4,3,1,3,3,4,1363.0,0,6,0.0,0.0,0.0,1.0,,,,0.0,1,1,3,0.0,0.0,1.0,0.0,3.0,3.0,2.0,2,160,4,2,1,1,1,1,1,1,5,1,1,1,1,1,1,3,2,2,5,2,0.0,0.0,1,5,2,5,1.0,5,5,5,3,1.0,0.0,0.0,2,0.0,0.0,5,0,0,1.0,3,3,1,5,0,0,5,1,4,1,0,6,1,0.0,0.0,7,0.0,1,3.66,,65.0,0.0,0.0,0.0,,,,,,2,0,0,0,2,0,2,0,2,0
526.0,1,4,5,7,1,0.0,0.0,4,3,2,6,0.0,3,2,3,5,4,0.24,0.0,4,4,1,1,3,3,2,1907.0,2,6,0.0,0.0,0.0,,1.0,,,0.0,3,3,0,1.0,1.0,0.0,4.0,0.0,2.0,1.0,1,124,3,1,0,0,0,1,1,5,2,1,2,2,1,1,2,2,4,3,1,5,0.0,0.0,2,2,2,1,0.0,0,0,0,0,0.0,0.0,0.0,0,0.0,0.0,1,2,4,0.0,2,3,2,5,0,0,5,1,4,1,0,6,1,0.0,0.0,7,0.0,0,6.39,,90.0,0.0,0.0,0.0,,,,,,0,0,2,2,0,0,0,0,1,1
527.0,1,4,5,7,1,3.0,0.0,4,4,3,6,0.0,3,5,3,3,4,0.24,0.0,4,4,3,1,3,3,4,1907.0,0,6,0.0,0.0,0.0,,1.0,,,0.0,3,2,1,2.0,0.0,3.0,0.0,2.0,2.0,3.0,1,160,1,3,2,1,1,1,1,1,5,2,2,1,1,1,1,3,3,2,3,5,0.0,0.0,1,1,2,5,0.0,0,0,0,0,0.0,0.0,0.0,0,0.0,0.0,4,0,0,1.0,3,3,1,5,0,0,5,2,4,1,1,6,1,0.0,0.0,7,0.0,1,4.1,,61.0,0.0,0.0,0.0,,,,,,2,0,0,0,2,0,2,0,2,0
528.0,1,1,5,7,1,0.0,0.0,4,5,3,5,0.0,7,4,6,5,4,0.56,0.0,4,4,2,1,3,2,4,1479.0,2,6,0.0,0.0,0.0,,,,,0.0,2,3,0,5.0,2.0,2.0,2.0,1.0,1.0,0.0,2,62,4,1,0,0,0,1,1,2,4,3,2,2,2,1,3,3,2,2,5,5,0.0,0.0,1,1,1,4,0.0,0,0,0,0,0.0,0.0,0.0,0,0.0,0.0,2,2,5,1.0,3,2,1,5,0,0,5,1,4,1,0,6,1,0.0,0.0,7,0.0,1,6.51,,190.0,0.0,0.0,0.0,,,,,,1,0,2,1,0,0,1,0,0,0
529.0,1,3,5,7,1,3.0,0.0,4,5,3,5,0.0,7,4,6,5,4,0.08,0.0,4,4,2,1,3,2,4,1523.0,0,6,0.0,0.0,0.0,,,,,0.0,2,2,0,1.0,0.0,0.0,0.0,0.0,3.0,4.0,1,40,4,4,1,2,1,1,1,2,3,2,2,1,2,1,1,3,3,4,2,3,0.0,0.0,2,2,2,5,1.0,4,3,3,2,1.0,0.0,1.0,2,0.0,0.0,1,1,5,0.0,1,2,1,5,0,0,5,1,4,1,0,5,1,0.0,0.0,4,0.0,1,5.89,,98.0,0.0,0.0,0.0,,,,,,0,0,2,2,1,0,1,0,1,0
530.0,1,4,5,7,1,3.0,0.0,4,5,3,5,0.0,3,0,3,5,4,0.62,0.0,4,4,1,1,3,3,4,1523.0,0,6,0.0,0.0,0.0,,,,,0.0,2,3,4,1.0,0.0,1.0,1.0,0.0,4.0,2.0,3,192,1,2,2,1,1,1,1,3,1,2,1,2,2,1,2,4,4,3,1,3,0.0,0.0,2,2,2,2,1.0,3,3,5,2,1.0,0.0,0.0,2,1.0,0.0,1,1,4,0.0,1,3,1,5,0,0,5,1,4,1,1,6,1,0.0,0.0,7,0.0,1,,,,0.0,1.0,0.0,,,,,,0,0,2,1,1,1,1,2,2,1
531.0,1,5,5,7,2,3.0,0.0,4,2,2,5,0.0,4,2,5,4,4,0.53,0.0,4,4,2,1,3,3,5,1909.0,2,6,0.0,0.0,0.0,,,,,0.0,4,4,3,0.0,0.0,1.0,1.0,1.0,1.0,5.0,1,64,4,4,2,2,1,1,1,2,1,2,1,1,1,1,2,5,2,4,1,4,0.0,0.0,2,2,2,3,1.0,3,4,5,2,1.0,0.0,0.0,2,1.0,0.0,1,2,3,0.0,2,3,1,5,0,0,5,1,4,1,0,6,1,0.0,0.0,7,0.0,0,4.24,,48.0,0.0,0.0,0.0,,,,,,0,0,2,2,1,1,0,2,1,1
532.0,1,1,5,7,1,0.0,0.0,3,4,3,6,0.0,7,6,3,4,4,0.6,0.0,4,4,3,1,3,3,4,2195.0,0,6,0.0,0.0,0.0,,,,,0.0,4,3,1,4.0,1.0,2.0,2.0,1.0,2.0,0.0,2,168,4,1,0,0,0,1,1,1,4,3,2,1,1,1,1,3,2,1,5,5,0.0,0.0,1,1,1,5,0.0,0,0,0,0,0.0,0.0,0.0,0,0.0,0.0,5,0,0,0.0,3,3,1,5,0,0,5,1,4,1,0,6,1,0.0,0.0,0,0.0,0,,,,,,0.0,,,,,,2,0,0,0,2,0,2,0,2,0
533.0,1,1,5,7,1,0.0,0.0,3,4,3,6,0.0,7,6,3,4,4,0.6,0.0,4,4,3,1,3,3,4,2195.0,0,6,0.0,0.0,0.0,,,,,0.0,4,1,3,1.0,0.0,2.0,0.0,2.0,2.0,2.0,2,160,3,2,2,1,1,1,1,1,5,1,1,1,1,1,1,3,0,1,6,0,0.0,0.0,0,0,0,0,0.0,0,0,0,0,0.0,0.0,0.0,0,0.0,0.0,5,0,0,1.0,3,3,1,5,0,0,5,1,4,1,1,6,1,0.0,0.0,7,0.0,0,,,,,,0.0,,,,,,2,0,0,0,1,0,2,0,2,0
535.0,1,1,5,7,1,0.0,0.0,3,5,3,5,0.0,7,6,4,5,4,0.39,0.0,4,4,3,1,2,3,4,2009.0,0,6,0.0,0.0,0.0,1.0,,,,0.0,1,1,0,0.0,0.0,3.0,0.0,1.0,4.0,0.0,3,128,1,1,0,0,0,1,1,1,3,3,2,3,1,1,1,3,2,2,5,5,0.0,0.0,1,1,1,5,0.0,0,0,0,0,0.0,0.0,0.0,0,0.0,0.0,4,0,0,1.0,3,3,1,5,0,0,5,1,4,1,1,6,1,0.0,0.0,7,0.0,0,3.45,,80.0,0.0,,0.0,,,,,,2,0,0,0,2,0,2,0,2,0
536.0,1,3,5,7,1,3.0,0.0,4,5,3,5,0.0,3,5,4,4,4,0.35,0.0,4,4,2,1,3,1,4,2166.0,0,6,0.0,0.0,0.0,,,,,0.0,4,3,0,0.0,1.0,1.0,2.0,1.0,4.0,2.0,1,80,3,2,3,1,2,1,1,3,2,1,2,2,2,1,2,2,4,2,2,3,0.0,0.0,2,2,2,3,1.0,4,4,5,2,1.0,0.0,0.0,2,1.0,0.0,2,1,5,0.0,1,3,1,5,0,0,5,1,4,1,0,6,1,0.0,0.0,7,0.0,1,6.46,,57.0,1.0,,0.0,,,,,,1,0,1,1,1,1,1,2,1,1
537.0,1,1,6,7,1,0.0,0.0,4,1,1,5,0.0,7,5,2,2,4,0.31,0.0,4,4,3,1,2,3,4,2241.0,0,6,0.0,0.0,0.0,,,,,0.0,4,1,3,1.0,0.0,2.0,0.0,3.0,4.0,1.0,3,224,3,1,0,0,0,1,1,1,4,1,1,1,1,1,1,3,2,1,6,0,0.0,0.0,0,0,0,0,0.0,0,0,0,0,0.0,0.0,0.0,0,0.0,0.0,5,0,0,1.0,3,3,1,5,0,0,4,1,4,1,1,4,1,0.0,0.0,7,0.0,0,,,,,,0.0,,,,,,2,0,0,0,2,0,2,0,2,2
538.0,1,3,6,7,1,0.0,0.0,4,2,1,5,0.0,4,4,2,3,4,0.15,0.0,4,4,3,1,3,3,4,2241.0,0,6,0.0,0.0,0.0,,,,,0.0,4,1,3,2.0,0.0,2.0,1.0,2.0,4.0,1.0,3,160,1,1,0,0,0,1,1,1,5,1,1,1,1,1,1,4,2,2,5,5,0.0,0.0,1,1,1,5,0.0,0,0,0,0,0.0,0.0,0.0,0,0.0,0.0,5,0,0,1.0,3,3,1,4,2,1,5,1,4,1,1,4,1,0.0,0.0,7,0.0,0,3.53,,,0.0,0.0,0.0,,,,,,2,0,0,0,2,0,2,0,2,2
539.0,1,3,5,7,1,0.0,0.0,4,1,3,6,0.0,5,6,3,4,4,0.12,0.0,4,4,2,1,3,3,4,2341.0,2,6,0.0,0.0,0.0,1.0,,,,0.0,3,3,0,0.0,3.0,0.0,3.0,0.0,3.0,0.0,2,80,4,1,0,0,0,1,1,3,4,3,2,1,1,1,2,5,4,1,2,5,0.0,0.0,2,1,2,5,0.0,0,0,0,0,0.0,0.0,0.0,0,0.0,0.0,4,0,0,1.0,3,3,1,5,0,0,5,1,4,1,0,6,1,0.0,0.0,7,0.0,0,5.13,,85.0,0.0,0.0,0.0,,,,,,2,0,0,0,2,0,2,0,2,0
540.0,1,3,5,7,1,0.0,0.0,4,1,3,6,0.0,5,6,3,5,4,0.18,0.0,4,4,0,1,3,3,4,2341.0,0,6,0.0,0.0,0.0,1.0,,,,0.0,0,3,0,4.0,2.0,1.0,1.0,1.0,2.0,0.0,3,232,4,1,0,0,0,1,1,2,4,1,2,1,1,1,2,4,2,2,4,5,0.0,0.0,2,2,2,5,0.0,0,0,0,0,0.0,0.0,0.0,0,0.0,0.0,5,0,0,1.0,3,3,1,5,0,0,5,1,4,2,1,5,1,0.0,0.0,7,0.0,0,4.01,,88.0,0.0,0.0,0.0,,,,,,2,0,0,0,2,0,2,0,2,0
541.0,1,1,4,7,1,0.0,0.0,4,2,1,4,0.0,7,6,3,5,4,0.26,0.0,4,4,1,1,3,3,2,2292.0,2,6,0.0,0.0,0.0,1.0,,,,0.0,1,3,0,1.0,1.0,0.0,5.0,0.0,1.0,0.0,1,64,4,1,0,0,0,1,1,5,1,3,2,3,1,1,2,2,4,2,1,4,0.0,0.0,2,2,1,1,0.0,0,0,0,0,0.0,0.0,0.0,0,1.0,0.0,1,2,4,0.0,2,3,1,5,0,0,4,1,4,1,1,6,1,0.0,0.0,7,0.0,0,6.32,,90.0,,,0.0,,,,,,0,0,2,2,0,1,0,2,1,2
542.0,1,3,4,6,4,0.0,0.0,4,1,2,3,0.0,6,6,2,5,4,0.16,0.0,4,4,3,1,3,3,4,2075.0,0,6,0.0,0.0,0.0,1.0,,,,0.0,4,3,2,5.0,0.0,2.0,0.0,0.0,0.0,0.0,1,168,4,1,0,0,0,1,1,1,2,3,2,4,1,1,2,3,1,1,6,0,0.0,0.0,0,0,0,0,0.0,0,0,0,0,0.0,0.0,0.0,0,0.0,0.0,4,0,0,1.0,3,3,1,4,2,2,4,1,4,1,3,4,1,0.0,0.0,7,0.0,0,,,,,,0.0,0.0,,0.0,0.0,0.0,2,0,0,0,1,0,2,0,2,1
54.0,1,2,5,5,1,3.0,0.0,4,5,3,1,0.0,5,5,6,1,4,0.49,0.0,4,4,2,1,3,2,4,1421.0,0,6,0.0,0.0,0.0,1.0,,,,0.0,1,1,3,2.0,0.0,2.0,0.0,3.0,3.0,2.0,2,160,1,2,1,1,1,1,1,1,5,1,1,1,1,1,1,3,2,1,5,1,0.0,0.0,1,1,1,5,0.0,0,0,0,0,0.0,0.0,0.0,0,0.0,0.0,1,3,5,1.0,3,3,1,4,2,2,5,1,4,1,1,6,1,0.0,0.0,7,0.0,1,4.5,,55.0,,,0.0,,,,,,0,0,2,2,0,0,1,0,0,0
55.0,1,4,5,7,1,3.0,0.0,4,5,3,4,0.0,3,2,6,5,4,0.59,0.0,4,4,3,1,3,3,4,1437.0,2,6,0.0,0.0,0.0,,,,,0.0,2,1,3,2.0,0.0,2.0,0.0,2.0,4.0,2.0,3,168,3,2,2,1,1,1,1,1,5,3,2,1,1,1,2,3,2,1,5,3,0.0,0.0,1,1,1,5,0.0,0,0,0,0,0.0,0.0,0.0,0,0.0,0.0,4,0,0,1.0,3,3,1,5,0,0,5,1,4,1,1,6,1,0.0,0.0,7,0.0,1,3.65,,53.0,0.0,,0.0,,,,,,2,0,0,0,2,0,2,0,2,0
57.0,1,1,5,7,1,0.0,3.0,4,5,3,5,0.0,7,4,6,5,4,0.77,0.0,4,4,3,1,3,3,4,1493.0,2,6,0.0,0.0,0.0,,,,,0.0,2,1,3,2.0,0.0,2.0,0.0,2.0,3.0,2.0,3,160,1,2,1,1,1,1,1,2,5,3,1,2,1,1,2,3,2,2,4,4,0.0,0.0,2,2,2,5,0.0,0,0,0,0,0.0,0.0,0.0,0,0.0,0.0,4,0,0,1.0,3,3,1,5,0,0,5,1,4,1,1,6,1,0.0,0.0,7,0.0,1,3.69,,96.0,0.0,,0.0,,,,,,2,0,0,0,2,0,2,0,2,0
5.0,1,2,5,7,1,0.0,0.0,5,5,3,2,0.0,3,5,6,4,4,0.75,0.0,4,4,2,1,3,3,4,1337.0,0,6,0.0,0.0,0.0,,,,,0.0,2,3,0,1.0,0.0,1.0,5.0,1.0,1.0,1.0,1,72,4,1,0,0,0,1,1,5,2,3,2,3,2,1,2,4,3,1,4,1,0.0,0.0,2,1,1,5,0.0,0,0,0,0,0.0,0.0,0.0,0,0.0,0.0,3,2,5,1.0,3,3,1,5,0,0,5,1,4,1,1,6,1,0.0,0.0,7,0.0,1,,,101.0,,,0.0,,,,,,1,0,1,0,0,0,1,0,0,0
69.0,1,4,4,7,1,3.0,0.0,4,3,2,1,0.0,4,2,3,5,4,0.286,0.0,4,4,2,1,2,1,3,1881.0,2,6,1.0,0.0,0.0,0.0,,,,0.0,4,3,4,1.0,1.0,0.0,4.0,1.0,2.0,3.0,1,192,4,3,2,3,1,1,1,4,1,2,2,3,1,1,1,3,3,4,1,3,1.0,0.0,2,2,3,5,1.0,4,3,4,3,1.0,1.0,0.0,3,1.0,0.0,2,1,4,0.0,1,2,1,4,1,2,5,1,4,2,2,6,1,0.0,0.0,7,0.0,2,7.09,,360.0,1.0,,0.3333333333333333,,,,,,1,1,1,1,1,1,1,2,1,1
6.0,1,1,5,7,1,0.0,0.0,5,5,3,3,0.0,7,6,6,5,4,0.73,0.0,4,4,1,1,3,2,4,1418.0,0,6,0.0,0.0,0.0,,,,,0.0,2,3,0,2.0,1.0,1.0,4.0,1.0,2.0,0.0,1,232,4,1,0,0,0,1,1,4,2,1,2,2,2,1,2,4,4,2,1,5,0.0,0.0,2,2,2,1,0.0,0,0,0,0,0.0,0.0,0.0,0,0.0,0.0,1,2,5,1.0,2,3,2,5,0,0,5,1,4,1,0,6,1,0.0,0.0,7,0.0,0,5.82,,20.0,1.0,,0.0,,,,,,0,0,2,1,0,0,1,0,0,0
72.0,1,3,5,7,1,3.0,0.0,4,5,3,4,0.0,3,5,5,5,4,0.42,0.0,4,4,3,1,3,3,4,1854.0,2,5,0.0,0.0,0.0,0.0,,,,0.0,2,3,0,1.0,1.0,2.0,2.0,2.0,2.0,2.0,3,192,3,2,2,1,2,1,1,3,4,3,2,1,2,1,3,3,3,2,4,5,0.0,0.0,2,2,1,5,0.0,0,0,0,0,0.0,0.0,0.0,0,0.0,0.0,4,0,0,1.0,3,3,1,5,0,0,5,1,4,1,0,6,1,0.0,0.0,7,,0,4.52,,,,,0.0,,,,,,2,0,0,0,2,0,2,0,2,0
73.0,1,4,5,7,1,3.0,0.0,4,5,3,1,0.0,1,5,5,5,4,0.46,0.0,4,4,2,1,3,3,4,1730.0,2,6,0.0,0.0,0.0,0.0,,,,0.0,2,3,4,2.0,1.0,1.0,3.0,0.0,2.0,3.0,1,96,2,3,2,3,2,1,1,3,1,2,2,2,1,1,2,3,3,4,1,3,0.0,0.0,2,2,2,5,1.0,3,2,5,2,1.0,1.0,1.0,3,1.0,0.0,2,1,5,0.0,1,3,1,4,2,2,5,1,4,1,2,6,1,0.0,0.0,7,0.0,2,7.03,,404.0,0.0,0.0,0.0,,,,,,1,0,1,1,1,1,1,2,2,1
74.0,1,3,5,7,1,3.0,0.0,4,4,3,5,0.0,7,3,5,4,4,0.7,1.0,4,4,3,1,3,3,4,1730.0,2,6,0.0,0.0,0.0,0.0,,,,0.0,1,3,4,1.0,1.0,1.0,5.0,1.0,1.0,1.0,1,64,4,2,3,1,2,1,1,5,1,2,1,1,1,1,1,4,4,2,2,5,0.0,0.0,2,2,1,3,1.0,4,5,5,3,1.0,0.0,0.0,2,0.0,0.0,1,1,5,0.0,1,3,1,5,0,0,5,1,4,1,1,6,1,0.0,0.0,7,0.0,1,6.5,,108.0,0.0,0.0,0.0,,,,,,1,0,2,1,1,2,1,2,1,2
75.0,1,4,5,6,1,3.0,0.0,4,5,3,1,0.0,5,4,3,5,4,0.29,0.0,4,4,2,1,3,1,4,2078.0,2,6,0.0,0.0,0.0,0.0,,,,0.0,4,3,3,1.0,1.0,1.0,1.0,1.0,2.0,4.0,3,252,3,4,2,3,2,1,1,2,1,3,2,3,1,1,2,5,2,4,1,3,0.0,0.0,2,2,2,4,1.0,3,3,5,2,1.0,0.0,0.0,3,1.0,0.0,1,1,3,0.0,1,3,1,5,0,0,4,1,4,1,1,6,1,0.0,0.0,7,0.0,2,6.33,,98.0,1.0,0.0,0.0,,,,,,0,0,2,2,1,1,0,2,1,1
76.0,1,4,6,6,1,3.0,0.0,4,4,3,1,0.0,7,5,1,3,4,0.01,0.0,4,4,2,2,2,1,4,1933.0,0,6,0.0,0.0,0.0,0.0,,,,0.0,2,4,3,0.0,0.0,0.0,1.0,0.0,1.0,6.0,2,64,4,5,2,4,1,1,1,2,1,2,2,3,2,3,2,4,2,4,1,3,0.0,0.0,2,2,3,5,1.0,4,4,3,2,1.0,1.0,1.0,2,1.0,0.0,1,1,3,0.0,1,3,1,4,1,2,5,2,4,3,2,6,1,0.0,0.0,7,0.0,2,7.22,,670.0,1.0,0.0,0.0,,,,,,0,1,2,2,1,1,1,2,0,1
7.0,1,1,5,7,1,3.0,0.0,4,1,1,5,0.0,7,6,6,5,4,0.42,0.0,4,4,1,1,3,3,4,1340.0,0,6,0.0,0.0,0.0,,,,,0.0,2,3,0,2.0,0.0,0.0,3.0,0.0,3.0,2.0,1,72,3,2,3,1,2,1,1,4,1,3,2,3,2,1,3,3,4,2,2,2,0.0,0.0,2,2,1,1,0.0,0,0,0,0,0.0,0.0,0.0,0,1.0,0.0,1,2,4,0.0,1,3,1,5,0,0,4,1,4,1,0,6,1,0.0,0.0,7,0.0,2,7.13,,85.0,0.0,,0.0,,,,,,0,0,2,1,0,1,1,2,1,2
80.0,1,4,5,6,4,3.0,0.0,4,1,1,1,0.0,4,6,4,4,4,0.17,0.0,4,4,2,1,2,1,4,1933.0,2,6,0.0,0.0,0.0,0.0,,,,0.0,4,4,3,0.0,0.0,0.0,2.0,0.0,2.0,4.0,3,64,4,4,2,2,2,1,1,2,1,2,2,1,2,1,2,3,2,5,1,3,0.0,0.0,2,3,3,5,1.0,4,2,5,2,1.0,1.0,1.0,3,1.0,0.0,2,1,3,0.0,1,2,1,3,2,2,5,1,4,3,2,5,1,0.0,0.0,7,0.0,2,7.03,,242.0,1.0,0.0,0.3333333333333333,,,,,,1,0,1,2,1,1,1,2,1,2
84.0,1,4,5,7,1,3.0,0.0,4,5,3,1,0.0,3,5,5,5,4,0.48,0.0,4,4,2,1,3,3,2,1854.0,2,6,0.0,0.0,0.0,0.0,,,,0.0,2,4,3,0.0,1.0,0.0,1.0,0.0,2.0,5.0,1,80,4,4,2,2,1,1,1,1,2,2,1,2,2,1,2,4,4,2,2,2,0.0,0.0,2,2,1,2,1.0,5,3,4,3,1.0,0.0,0.0,2,1.0,0.0,1,1,2,0.0,1,3,1,5,0,0,5,1,4,3,1,5,1,0.0,0.0,7,,1,5.18,,,,,0.0,,,,,,0,0,2,2,1,1,1,2,1,1
86.0,1,3,5,5,4,3.0,0.0,4,4,3,1,0.0,7,4,5,0,4,0.16,0.0,4,4,1,1,3,3,3,1865.0,2,6,0.0,0.0,0.0,1.0,,,,0.0,1,4,2,0.0,0.0,0.0,0.0,0.0,2.0,4.0,1,64,4,4,1,1,1,1,1,2,2,2,2,2,1,2,2,5,4,3,1,3,0.0,0.0,2,2,2,4,1.0,5,5,3,2,1.0,0.0,0.0,1,1.0,0.0,1,1,2,0.0,1,3,1,4,1,2,4,1,4,3,2,5,1,0.0,0.0,7,,2,4.18,,,,,0.0,,,,,,1,0,2,2,1,1,0,2,1,1
87.0,1,4,5,7,1,3.0,0.0,4,3,2,5,0.0,5,4,5,4,4,0.23,1.0,4,4,2,1,3,3,4,1815.0,1,0,0.0,0.0,0.0,,,,,0.0,2,4,0,0.0,0.0,0.0,2.0,0.0,2.0,5.0,1,64,3,4,2,1,1,1,1,2,3,3,2,1,1,1,2,2,2,4,1,3,0.0,0.0,2,2,2,5,1.0,3,5,5,2,1.0,0.0,1.0,2,1.0,0.0,1,1,3,0.0,1,3,1,5,0,0,5,1,4,1,1,6,1,0.0,0.0,7,0.0,2,5.19,,,1.0,0.0,0.0,,,,,,0,0,2,2,1,2,1,2,1,2
89.0,1,4,5,7,1,2.0,0.0,4,2,2,1,0.0,2,6,4,5,4,0.11,1.0,4,4,3,1,3,3,4,1954.0,2,6,0.0,0.0,0.0,0.0,,,,0.0,4,4,3,0.0,0.0,0.0,1.0,0.0,2.0,5.0,1,68,4,4,2,2,1,1,1,2,1,1,1,1,1,1,2,4,4,2,1,3,0.0,0.0,2,2,2,4,0.0,0,0,0,0,0.0,0.0,0.0,0,1.0,0.0,2,1,3,0.0,2,3,1,5,0,0,5,1,4,2,1,5,1,0.0,0.0,7,0.0,0,6.33,,156.0,1.0,0.0,0.0,,,,,,1,0,1,1,1,2,1,2,1,2
90.0,1,1,4,7,1,0.0,0.0,3,5,3,1,0.0,7,5,6,4,4,0.52,0.0,0,0,3,1,3,3,4,1339.0,2,6,0.0,0.0,0.0,,,,,0.0,2,3,4,5.0,2.0,1.0,1.0,0.0,0.0,0.0,3,127,4,1,0,0,0,1,1,2,3,3,2,3,2,1,3,4,3,1,3,5,0.0,0.0,1,1,1,5,0.0,0,0,0,0,0.0,0.0,0.0,0,0.0,0.0,4,0,0,1.0,2,2,1,5,0,0,5,1,4,1,1,6,1,0.0,0.0,7,0.0,1,6.49,,134.0,0.0,0.0,0.0,,,,,,2,0,0,0,2,2,2,2,2,2
93.0,1,3,4,7,1,0.0,0.0,5,1,1,1,0.0,4,6,5,5,4,0.3,0.0,0,0,1,1,2,1,4,1608.0,2,6,0.0,0.0,0.0,0.0,,0.0,0.0,0.0,4,3,0,6.0,1.0,1.0,0.0,0.0,0.0,0.0,1,42,4,1,0,0,0,1,1,1,4,3,2,1,1,1,2,4,2,2,5,5,0.0,0.0,2,0,1,1,0.0,0,0,0,0,0.0,0.0,0.0,0,1.0,0.0,1,1,4,0.0,3,1,2,4,1,3,5,1,4,3,2,4,1,0.0,0.0,1,0.0,0,6.951,,,0.0,0.0,0.0,,,,,,0,1,2,2,0,2,1,2,0,2
