id,OF2,OF3,OF4,OF5,OF6,OF7,OF8,OF9,OF10,OF11,OF13,OF14,OF15,OF16,OF17,OF18,OF19,OF20,OF21,OF22,OF23,OF24,OF25,OF26,OF27,OF28,OF29,OF31,OF33,OF34,OF37,OF38,F1,F2,F3_a,F3_b,F3_c,F3_d,F3_e,F3_f,F3_g,F4,F5,F6,F7,F8,F9,F10,F11,F13,F14,F15,F16,F17,F18,F19,F20,F21,F22,F23,F24,F25,F28,F29,F30,F31,F32,F33,F34,F35,F36,F37,F38,F39,F40,F41,F42,F43,F44,F45,F46,F47,F48,F49,F50,F51,F52,F53,F54,F55,F56,F57,F58,F59,F62,F63,F64,F66b,F67,F68,S1,S2,S4,S5,WS,WS_Benefit,SFST,SFST_Benefit,SR,SR_Benefit,PR,PR_Benefit,NR,NR_Benefit,Provincial_Class,Federal_Class,Regime,Vegetation_Type,Vegetation_Cover,Woody_Canopy_Cover,Moss_Cover,Phragmites,Soil_Type,Surface_Water_Present,Saturation_Depth,Living_Moss_Depth,Organic_Depth,Hydrogeomorphic_Class,F65
100,2,5,7,1,0,0,5,1,2,1,4,3,5,5,4,0.54,0,4,4,3,1,2,1,4,1887,0,6,0,0,0,0,4,3,0,5,2,1,1,1,1,0,2,42,4,1,0,0,0,1,1,1,3,2,4,2,1,2,3,4,2,3,5,2,2,1,4,0,0,0,0,0,0,0,0,0,1,0,2,2,4,0,3,3,1,5,0,0,5,1,4,1,1,5,1,1,0,0,186,0,0,0,0,0.138888889,0,1,0,1,1,0,1,1,2,1,1,3,1,1,2,1,1,0,0,2,0,0,0,42.3,4,6.67
102,4,5,7,1,0,0,5,4,3,1,5,2,4,5,4,0.52,0,4,4,2,1,3,3,4,1985,0,6,0,0,0,0,2,3,0,4,3,1,1,1,1,0,3,63,3,1,0,0,0,1,1,2,2,2,3,2,1,2,1,3,2,3,5,2,2,1,2,0,0,0,0,0,0,0,0,0,1,1,2,2,4,1,3,3,2,4,2,2,5,1,4,1,1,6,1,7,0,1,81,0,0,0,0,0.138888889,0,1,0,1,1,0,1,0,2,0,1,3,0,1,2,1,1,0,0,1,0,2,0,18.3,7,6.56
105,3,5,7,1,3,0,5,5,3,5,3,6,5,5,4,0.82,0,4,4,3,1,3,3,4,1408,2,6,0,1,0.333333333,0,2,2,3,1,0,1,0,2,2,3,3,192,4,3,2,1,1,1,1,5,1,1,1,1,1,1,3,2,1,5,1,1,1,1,5,0,0,0,0,0,0,0,0,0,0,0,4,0,0,1,3,3,1,5,0,0,5,1,4,1,1,3,1,4,0,1,52,0,0,0,0,0,0,2,0,0,0,2,0,2,0,2,0,1,2,0,1,1,0,4,0,2,1,2,4.7,75.3,4,0
110,3,5,7,1,3,0,4,5,3,2,4,5,6,5,4,0.23,0,4,4,2,1,3,1,4,1624,0,6,0,0,0.333333333,0,2,2,4,2,1,0,1,0,3,4,1,72,3,1,0,0,0,1,2,3,3,2,2,2,1,3,4,3,3,2,5,2,2,2,5,0,0,0,0,0,0,0,0,0,0,0,4,2,3,1,2,3,1,4,1,2,5,2,4,3,2,3,1,7,0,0,83.66666667,0,0,0,0,0,0,2,0,0,0,2,0,2,0,2,0,1,5,2,1,0,0,3,0,0,2,2,3.3,33,4,5.48
111,3,4,6,4,3,0,4,1,2,3,6,6,2,5,4,0.16,0,4,4,3,1,3,3,4,2075,0,6,0,1,0,0,1,2,3,1,0,3,0,3,2,2,2,160,1,2,3,1,2,1,2,4,3,1,1,1,1,2,3,2,1,5,5,1,1,1,5,0,0,0,0,0,0,0,0,0,0,0,4,0,0,1,3,2,1,5,0,0,4,1,4,1,1,0,1,7,1,0,74.66666667,0,0,0,0,0,0,1,0,0,0,2,0,2,0,2,1,1,5,0,2,0,0,2,0,2,1,2,4.3,124.3,5,7.12
113,3,5,7,1,3,0,4,5,3,5,5,4,6,5,4,0.7,0,4,4,2,1,3,3,4,1579,2,6,0,0,0.333333333,0,2,4,0,1,1,1,1,0,3,3,3,64,4,3,2,2,2,1,2,3,2,2,3,1,1,2,4,3,3,1,2,3,3,3,5,1,4,3,5,3,1,0,0,2,0,0,2,2,2,1,2,3,1,4,2,2,5,1,4,1,1,4,1,3,0,1,105,0,0,0,0,0,0,1,0,1,1,1,0,1,0,1,0,2,4,1,1,0,0,3,0,0,4,2,1.1,20,4,5.95
114,4,5,7,1,3,0,5,5,3,5,3,6,6,3,4,0.51,0,4,4,3,1,3,3,4,1698,0,6,0,0,0.333333333,0,2,2,3,1,0,2,2,2,3,3,3,224,1,3,2,1,1,1,2,5,2,2,1,1,1,3,3,2,1,4,4,2,2,2,5,0,0,0,0,0,0,0,0,0,0,0,2,2,4,0,3,3,1,5,0,0,5,1,4,1,0,6,1,7,0,1,90,0,0,0,0.148148148,0.111111111,0,1,0,1,0,0,0,1,0,0,0,1,2,0,1,0,0,4,0,2,0,2,5.666666667,55,5,3.9
127,4,5,7,1,3,0,4,5,3,4,3,4,6,4,4,0.51,0,4,4,2,1,3,3,3,1624,2,6,0,0,0.333333333,0,2,2,4,0,0,0,0,0,4,2,1,0,4,3,1,2,2,1,2,4,2,2,3,1,1,1,3,2,3,2,2,2,3,2,5,1,3,1,1,2,1,0,0,2,0,0,2,1,4,0,1,3,1,5,0,0,5,1,3,1,0,6,1,7,0,2,41,0,0,0,0,0,0,1,0,1,1,0,0,1,0,1,0,1,5,2,3,0,0,2,0,2,2,2,7.7,40.16666667,4,6.07
128,4,5,7,1,0,0,4,5,3,4,5,3,6,5,4,0.76,0,4,4,3,1,3,3,4,1579,0,6,0,0,0.333333333,0,2,1,3,1,0,1,0,1,4,2,1,192,3,1,0,0,0,1,1,4,2,2,1,1,2,3,3,2,2,4,2,2,2,2,5,1,5,4,5,3,1,0,0,2,0,0,5,0,0,1,3,3,1,5,0,0,5,1,4,1,1,6,1,7,0,1,230,0,0,0,0,0,0,2,0,0,0,2,0,2,0,2,0,4,6,0,3,0,3,2,0,2,0,2,1.1,58.3,4,3.96
12,4,5,7,1,3,0,4,5,3,4,6,4,6,5,4,0.66,0,0,0,2,1,3,2,4,1357,0,6,0,1,0.333333333,0,2,2,3,1,0,2,1,2,3,3,2,128,4,3,1,1,1,1,2,4,2,2,1,1,2,1,3,2,2,2,2,2,5,2,5,1,5,3,5,2,1,0,1,2,1,0,2,1,2,0,1,3,1,5,0,0,5,1,4,1,0,6,1,7,0,1,52,1,0,0,0,0,0,1,0,1,1,1,2,1,2,1,2,1,2,2,1,0,0,2,0,2,2,2,9,399,0,4.16
131,2,5,7,1,3,0,4,5,3,5,5,5,5,3,4,0.46,0,4,4,3,1,0,3,5,1859,2,6,0,0.333333333,0.333333333,0,2,2,0,1,0,1,0,1,2,5,1,0,4,4,1,1,1,1,2,4,3,2,1,1,1,2,3,2,4,1,3,2,2,2,5,1,3,5,5,2,1,0,0,3,1,0,2,1,3,0,3,3,1,5,0,0,5,2,4,1,1,6,1,7,0,0,366,0.666666667,0,0.5,0,0,0,1,0,1,1,1,1,1,2,1,0,1,2,2,1,2,0,2,0,2,2,2,10,52.7,5,3.6
133,4,5,7,1,3,0,4,5,3,5,3,6,5,3,4,0.53,1,4,4,3,1,3,3,5,1677,2,6,0,0,0.333333333,0,2,1,3,1,0,1,1,3,3,2,3,160,3,2,2,1,1,1,1,5,1,1,1,1,1,1,3,2,2,4,3,1,1,1,5,0,0,0,0,0,0,0,0,0,0,0,4,0,0,1,3,3,1,5,0,0,5,1,4,1,1,6,1,7,0,1,55,0,0,0,0,0,0,2,0,0,0,2,2,2,2,2,2,4,6,0,3,0,0,4,0,2,0,2,10,52.7,5,3.89
134,4,5,7,1,3,0,5,5,3,4,3,6,6,3,4,0.81,0,4,4,3,1,3,3,4,1464,0,6,0,0.666666667,0.333333333,0,2,1,3,1,0,1,0,2,3,2,3,192,4,2,1,1,1,1,1,5,1,1,1,1,1,1,3,2,1,5,1,1,1,1,5,0,0,0,0,0,0,0,0,0,0,0,4,0,0,1,3,0,1,5,0,0,5,1,4,1,1,6,1,7,0,1,48,0,0,0,0,0,0,1,0,0,0,2,0,2,0,2,0,4,6,0,1,0,0,4,0,2,0,2,5,102.9666667,5,4.04
136,5,5,7,1,3,0,4,4,3,4,1,1,4,2,4,0.59,0,4,4,2,1,3,3,4,1985,0,6,0,1,0,0,1,2,3,1,0,1,0,1,4,2,2,160,4,2,2,1,2,1,2,4,1,2,1,1,1,1,4,4,2,1,5,2,2,2,2,1,4,5,5,3,1,1,0,2,1,0,1,2,5,0,1,3,1,5,0,0,5,1,4,1,2,6,1,7,0,1,45,0,0,0,0,0.138888889,0,0,0,2,1,1,1,1,2,0,1,1,5,1,1,0,0,2,0,2,5,2,2.666666667,42.7,8,6.85
137,1,5,7,2,1,1,5,4,3,6,7,5,5,3,2,0.04,0,4,4,2,1,2,2,5,1799,2,6,0,0.333333333,0.333333333,0,4,3,0,1,1,0,4,0,2,2,1,112,4,1,0,0,0,1,5,3,1,1,2,1,1,2,4,2,3,4,5,1,2,2,1,0,0,0,0,0,0,0,0,0,1,0,1,2,4,0,3,3,2,5,0,0,4,1,4,1,1,6,1,7,0,1,115.3333333,0.333333333,0,0,0,0,0,0,0,2,2,0,1,1,2,0,1,0,0,0,0,1,3,3,0,0,2,2,6.3,25.4,4,0
141,1,4,6,2,3,2,3,5,3,5,7,4,6,2,4,0.079,0,4,4,1,3,2,1,0,1666,2,6,0,0,0.333333333,0,0,3,0,2,0,1,5,0,1,1,0,96,3,1,0,0,0,1,5,3,0,2,4,1,1,3,4,3,3,3,5,2,2,2,1,1,0,3,5,1,1,0,0,3,1,0,1,1,5,0,3,3,3,5,0,0,4,6,4,1,0,6,1,7,0,0,70.66666667,0,0,0.666666667,0,0,0,0,1,2,2,0,1,0,2,0,1,0,0,2,0,1,3,3,0,0,2,2,3,24,9,0
145,2,5,7,1,3,0,4,1,2,4,7,6,6,4,0,0.16,0,4,4,1,1,2,3,3,1632,2,6,0,0,0.333333333,0,2,3,0,1,1,0,5,0,1,2,1,72,3,2,3,1,2,1,5,2,1,2,2,3,1,3,3,4,2,2,2,2,3,3,1,0,0,0,0,0,0,0,0,0,1,0,1,2,4,0,1,2,2,5,0,0,4,1,4,2,2,6,1,7,0,2,105,0,0,0,0,0,0,0,0,2,2,0,1,1,2,1,1,0,1,1,0,2,0,1,0,2,0,2,0,46,10,6.42
147,4,5,7,4,3,0,4,1,1,4,4,6,6,4,4,0.01,0,4,4,1,1,3,3,4,1516,2,6,0,0.333333333,0.333333333,0,4,3,4,0,0,0,4,0,2,2,1,64,4,2,3,2,2,1,2,1,1,1,2,1,2,2,3,4,2,1,3,4,2,3,3,0,0,0,0,0,0,0,0,0,1,0,1,2,5,0,1,3,1,4,2,3,5,1,4,1,2,6,1,7,0,2,183,0,1,0,0,0,0,1,0,2,2,1,1,1,2,1,2,0,1,0,3,1,0,1,0,2,0,0,0,95,10,6.97
148,2,5,7,1,3,0,4,1,1,2,6,6,6,5,4,0.41,0,4,4,1,2,2,3,4,1348,1,6,0,0.666666667,0.333333333,0,4,3,4,0,0,0,4,0,2,2,1,64,4,2,4,1,2,1,2,2,1,1,2,1,1,1,4,3,2,1,3,3,3,3,1,0,0,0,0,0,0,0,0,0,1,0,1,2,4,0,2,2,1,4,1,3,5,1,4,2,2,2,1,7,0,0,194,0,0,0,0,0,0,0,1,2,2,0,1,1,2,0,2,0,0,1,3,0.666666667,0,0,0,0,0,2,0,31.3,10,7.89
153,2,6,6,1,3,0,3,3,3,5,7,5,6,4,4,0.42,0,4,4,2,1,3,1,4,1677,2,6,1,0,0.333333333,0,4,4,3,0,0,1,1,1,2,4,1,0,3,4,1,3,1,1,2,4,1,2,1,1,1,2,3,1,2,3,4,2,2,1,2,0,0,0,0,0,0,0,0,0,1,0,1,1,2,0,2,3,1,5,0,0,5,1,4,1,1,6,1,7,0,0,84.66666667,0,0,0.5,0,0,0,0,0,2,2,0,1,1,2,0,1,1,5,0,1,0,0,2,0,2,0,2,7.7,55.8,2,0
154,4,5,7,1,3,0,5,5,3,5,3,4,6,1,4,0.72,0,4,4,3,1,3,3,4,1455,0,5,0,1,0.333333333,0,1,2,3,1,0,1,0,1,1,4,1,192,4,4,2,1,2,1,1,5,2,2,1,1,1,1,3,4,3,1,1,2,5,1,5,1,5,4,5,3,1,0,0,2,1,0,1,1,1,0,1,2,1,5,0,0,5,1,4,1,1,1,1,4,0,1,80,0,0,0,0,0,0,0,0,2,0,1,1,1,2,1,0,1,5,0,1,1,0,4,0,2,2,2,8.3,109.8666667,2,6.43
155,4,5,7,1,3,0,4,4,3,3,7,6,6,4,4,0.31,1,4,4,2,1,3,3,4,1609,2,6,0,0.333333333,0.333333333,0,4,4,3,1,0,1,1,1,1,5,1,232,0,4,1,2,2,1,2,2,2,2,1,1,1,2,3,3,4,1,3,2,2,3,5,1,4,4,5,2,1,0,1,2,1,0,1,1,3,0,1,2,1,5,0,0,5,1,4,2,2,6,1,7,0,1,160,1,0,0,0,0,0,0,0,2,2,1,2,1,2,1,2,2,3,2,1,0,0,0,0,2,2,2,0,158,2,6.28
156,2,4,7,4,3,0,4,3,3,5,7,5,6,5,2,0.09,1,4,4,1,1,3,3,4,1516,2,6,0,0.333333333,0.333333333,0,4,4,3,0,0,0,0,0,2,5,1,72,4,4,2,4,1,1,2,1,1,1,1,1,1,1,3,2,4,1,5,2,2,1,4,1,3,4,3,1,1,0,0,2,1,0,1,1,3,0,1,3,1,4,2,2,4,1,4,1,0,6,1,7,0,1,140,0,1,0,0,0,0,0,0,2,2,0,2,1,2,1,2,2,3,2,1,1,0,1,0,2,5,2,0,100,2,6.02
160,1,5,7,2,3,0,4,2,2,3,7,4,6,5,4,0.57,1,4,4,2,2,2,3,5,1329,2,6,0,1,0.333333333,0,4,4,3,0,0,0,2,0,2,5,1,232,3,4,3,3,2,1,2,1,1,1,2,1,1,2,3,4,2,1,3,2,2,1,1,0,0,0,0,0,0,0,0,0,0,0,1,1,2,0,2,2,2,3,1,3,4,1,4,1,1,4,1,7,0,0,176,0,0,0.333333333,0,0,0,0,2,2,2,0,2,1,2,1,2,2,3,1,1,1,0,1,0,2,0,0,0,48.7,2,6.92
163,5,5,7,1,0,0,4,5,3,5,3,2,6,5,4,0.54,0,4,4,2,1,3,1,4,1486,0,6,0,0.666666667,0.333333333,0,4,3,4,4,0,2,2,1,1,1,2,232,3,1,0,0,0,1,3,4,3,2,1,2,1,3,4,3,3,2,5,2,2,2,5,0,0,0,0,0,0,0,0,0,1,0,1,2,5,1,3,2,1,5,0,0,5,1,4,1,0,6,1,7,0,1,134,0,0,0,0,0,0,0,0,2,1,0,1,1,2,1,1,3,0,2,2,0,1,2,0,0,2,2,1,28.7,2,6.16
167,1,5,6,1,0,0,4,1,1,5,7,5,6,5,1,0.39,0,4,4,2,1,3,2,4,1538,2,6,0,0.333333333,0.333333333,0,4,3,0,2,3,0,2,0,0,0,3,94,4,1,0,0,0,1,3,3,3,1,1,2,1,2,5,2,1,6,0,0,0,0,0,0,0,0,0,0,0,0,0,0,0,0,1,2,4,0,3,1,2,4,2,2,5,1,4,1,1,6,0,7,0,0,142.6666667,0,0.666666667,0,0,0,0,1,2,1,2,1,0,0,0,0,2,3,0,0,4,0,2,3,0,1,0,2,0,12.3,7,6.62
169,3,5,7,1,0,0,4,4,3,5,7,6,6,5,4,0.43,0,4,4,2,1,3,3,4,1342,0,6,0,0.333333333,0.333333333,0,4,3,0,5,2,1,1,1,1,0,2,63,3,1,0,0,0,1,2,2,3,2,4,2,1,2,3,4,2,3,5,2,2,2,2,0,0,0,0,0,0,0,0,0,1,1,1,2,5,0,2,3,2,5,0,0,5,1,4,1,1,6,1,7,0,0,380,0,0,0,0,0,0,0,0,2,1,0,1,1,2,0,1,3,1,1,2,1,1,0,0,2,0,2,0.3,40,2,7.35
16,1,5,7,1,3,0,5,5,3,2,6,5,6,5,4,0.6,0,4,4,1,1,3,3,4,1418,0,6,0,0.666666667,0.333333333,0,2,4,3,1,0,1,0,1,2,4,1,232,3,4,2,2,2,1,2,3,3,2,1,1,1,2,3,4,2,1,2,2,2,1,1,0,0,0,0,0,0,0,0,0,1,0,1,2,2,0,2,3,1,5,0,0,5,1,4,1,1,6,1,7,0,1,33,1,0,0,0,0,0,0,0,2,1,0,1,1,2,1,1,2,3,0,1,1,0,3,0,2,0,2,1.7,60.3,2,6.17
174,1,5,7,4,3,1,4,4,3,5,7,4,6,2,4,0.0787,0,4,4,1,2,3,3,6,1670,2,6,0,0.333333333,0.333333333,0,4,2,0,2,0,4,0,0,3,2,2,224,2,2,1,1,1,1,1,5,1,1,1,1,1,3,3,1,1,6,0,0,0,0,0,0,0,0,0,0,0,0,0,0,0,0,4,0,0,1,3,3,2,5,0,0,4,6,4,1,1,6,1,7,0,0,89.66666667,0.333333333,0.333333333,0,0,0,0,1,0,0,0,0,0,2,0,2,0,1,2,0,2,2,3,4,0,2,1,2,5.7,237.3,4,0
175,4,5,7,4,2,1,4,2,3,5,6,4,6,2,3,0.1969,0,4,4,2,2,3,2,4,1697,2,6,0,0,0.333333333,0,2,2,4,1,0,0,1,0,4,3,1,224,4,3,4,2,1,1,3,3,1,1,3,1,1,3,2,2,4,3,2,1,3,2,3,1,5,4,5,3,1,0,0,1,1,0,1,2,4,0,3,3,1,4,2,1,5,1,4,1,1,6,1,7,0,0,65.66666667,0,1,0,0,0,0,0,1,2,2,0,1,1,2,0,1,2,4,2,3,0,0,3,0,1,3,2,2,32,4,0
177,4,5,7,2,3,0,4,5,3,2,4,4,6,5,4,0.77,0,4,4,3,1,3,3,4,1512,0,6,0,1,0.333333333,0,4,2,0,0,0,0,0,1,1,5,0,192,4,5,2,1,2,1,1,5,1,1,1,1,1,1,3,3,3,2,1,2,2,2,5,1,6,3,4,1,1,0,0,0,0,0,5,0,0,1,3,3,1,4,1,2,5,2,4,3,2,1,1,7,0,0,63,0,0,0.666666667,0,0,0,2,1,0,0,2,0,2,0,2,0,1,2,0,1,1,0,2,0,2,0,2,2.7,140.6,4,6.31
178,1,5,7,1,3,0,4,5,3,5,7,5,6,1,4,0.58,0,4,4,4,1,3,3,4,1551,0,6,0,0.666666667,0.333333333,0,1,1,3,2,0,3,0,3,1,2,1,160,1,2,2,1,1,1,1,5,1,2,1,1,0,2,3,2,1,5,2,1,1,1,5,0,0,0,0,0,0,0,0,0,0,0,4,0,0,1,3,3,1,5,0,0,5,1,4,1,1,6,1,7,0,1,58,0,0,0,0,0,0,2,1,0,0,2,0,2,0,2,0,4,6,0,2,0,3,4,0,2,0,2,4.7,160.3,4,3.63
17,2,5,7,1,3,0,5,5,3,3,7,5,6,5,4,0.55,0,4,4,1,1,3,3,3,1407,0,6,0,0.666666667,0.333333333,0,2,4,3,1,0,1,1,1,2,4,2,232,4,4,2,1,1,1,2,2,2,2,3,1,2,2,4,4,3,1,2,2,2,2,4,0,0,0,0,0,0,0,0,0,1,0,2,1,3,0,1,3,1,5,0,0,5,1,4,1,1,6,1,7,0,1,63,1,0,0,0,0,0,1,0,1,1,0,1,1,2,2,1,2,4,2,1,0,0,0,0,0,2,2,0,28.7,0,6.35
189,1,6,7,1,3,0,4,5,3,5,7,5,6,1,4,0.58,0,4,4,3,1,3,3,4,1551,0,6,0,0.666666667,0.333333333,0,2,1,3,1,0,1,0,3,0,3,2,128,4,3,1,1,1,1,1,5,1,1,1,1,1,2,3,2,1,5,1,1,1,1,5,0,0,0,0,0,0,0,0,0,0,0,5,0,0,1,3,3,1,5,0,0,5,1,4,1,1,6,1,7,0,1,51,0,0.333333333,0,0,0,0,2,0,0,0,2,0,2,0,2,0,4,6,0,1,0,0,4,0,2,0,2,7.7,222,4,3.53
18,3,6,7,1,3,0,5,5,3,5,3,5,6,5,4,0.01,0,4,4,2,1,3,2,4,1426,2,6,0,0,0.333333333,0,2,4,3,0,0,0,0,0,3,4,3,168,4,4,3,1,2,1,2,2,2,2,2,2,1,2,4,3,3,2,3,2,2,2,5,0,0,0,0,0,0,0,0,0,0,0,2,1,3,0,1,3,1,5,0,0,5,1,4,1,1,6,1,7,0,0,45,0.666666667,0,0,0,0,0,1,0,1,1,0,0,1,0,1,0,2,4,2,1,0,0,0,0,0,3,2,0,25,0,6.02
191,3,5,6,2,3,0,3,4,3,5,4,3,6,4,4,0.47,0,4,4,3,1,3,3,4,1692,0,6,0,0,0.333333333,0,4,1,3,1,0,1,0,2,1,4,2,128,1,3,3,1,1,1,2,5,3,2,1,1,1,1,3,1,1,6,0,0,0,0,0,0,0,0,0,0,0,0,0,0,0,0,4,0,0,1,3,3,1,5,0,0,5,1,4,2,1,6,1,7,0,0,52,0.333333333,0.333333333,0,0,0,0,2,0,0,0,1,0,2,0,2,0,4,7,0,1,0,0,4,0,2,0,2,5,46.7,5,4.65
192,1,6,7,1,3,0,4,4,3,5,7,6,6,4,4,0.45,0,4,4,4,1,3,3,4,1358,0,6,0,1,0.333333333,0,1,1,3,1,0,2,0,2,2,4,1,128,3,4,2,1,1,1,1,5,1,2,1,1,1,1,3,2,1,5,1,1,1,1,5,0,0,0,0,0,0,0,0,0,0,0,5,0,0,1,3,3,1,5,0,0,5,1,4,1,1,6,1,7,0,1,64,0,0,0,0,0,0,2,0,0,0,2,0,2,0,2,0,4,7,0,1,0,0,4,0,2,0,2,6.7,108.6,5,4.85
208,3,4,1,4,3,2,5,1,2,4,4,6,1,2,2,0.001,0,4,4,2,2,2,2,6,1945,2,6,0,0,0.333333333,0.333333333,4,3,0,0,0,0,5,0,2,1,3,80,3,2,3,2,2,1,5,4,1,0,4,1,1,3,3,2,4,3,5,1,1,1,4,1,1,0,0,0,0,0,0,1,0,0,1,2,4,0,3,3,1,3,2,2,5,1,4,1,1,6,1,7,0,0,94,0,1,0,0,0,0,0,1,2,2,0,0,2,1,0,1,0,0,2,0,1,0,2,1,2,3,2,2,36.7,4,0
209,2,4,5,6,0,0,4,1,2,5,5,4,2,5,4,0.06,0,4,4,2,2,3,2,4,1950,2,6,1,0,0.333333333,0.333333333,4,3,0,2,1,1,4,1,2,0,1,224,1,3,3,1,1,2,4,2,1,1,2,1,1,2,2,0,2,5,5,2,2,2,3,0,0,0,0,0,0,0,0,0,0,0,1,1,1,0,2,1,1,3,1,3,4,1,4,3,2,5,1,7,0,0,211.6666667,0.333333333,0.666666667,0.5,0.148148148,0.111111111,0,0,1,1,2,0,0,1,1,0,1,0,0,0,2,1,3,0,0,1,0,2,0,0,4,0
210,3,5,5,6,3,0,4,3,2,4,4,4,2,5,4,0.096,0,4,4,1,1,3,3,6,2092,0,6,1,0,0,0,2,1,3,0,0,0,1,2,3,3,3,192,3,2,2,1,1,1,1,5,1,1,1,1,1,1,3,1,1,6,0,0,0,0,0,0,0,0,0,0,0,0,0,0,0,0,5,0,0,1,3,3,1,5,0,0,5,1,4,1,1,6,1,7,0,0,74.66666667,0,1,0,0,0.138888889,0,2,0,0,0,1,0,2,0,2,1,0,1,0.666666667,3.333333333,1,0,4,0,2,1,2,11.7,55.3,4.333333333,0
212,3,4,5,4,0,0,5,1,1,4,4,4,1,5,4,0.08,0,4,4,1,1,3,2,4,2254,2,6,0,0,0,0.333333333,4,3,0,3,0,3,0,2,0,2,2,224,3,2,1,1,2,1,2,2,1,2,4,3,1,3,3,2,2,4,5,1,2,1,3,0,0,0,0,0,0,0,0,0,0,0,1,2,5,0,2,1,2,5,0,0,4,1,4,1,0,6,1,7,0,0,369.3333333,0,1,0.5,0,0.138888889,0,0,0,2,2,0,0,2,1,0,2,0,1,0.666666667,3.333333333,1,1,0,0,2,0,2,0,59.7,4.333333333,0
213,4,5,5,6,0,0,4,1,1,5,4,4,2,5,1,0.07,0,4,4,2,1,3,1,4,2272,1,6,1,1,0.333333333,0.333333333,4,3,0,0,2,0,4,0,2,2,2,80,1,3,0,0,0,1,3,1,1,2,4,1,1,3,1,2,4,5,4,2,1,2,1,0,0,0,0,0,0,0,0,0,1,0,1,1,1,0,2,1,1,5,0,0,5,1,4,1,1,3,3,5,0,0,403,1,1,0.333333333,0,0.138888889,0,0,2,1,2,0,1,1,2,1,2,0,0,0.333333333,1,0.666666667,3,1,0,1,4,2,0,0,3.666666667,0
214,3,4,6,2,0,0,3,4,3,1,5,3,3,5,2,0.01,0,4,2,2,1,2,1,4,2241,0,6,0,0,0.333333333,0.333333333,2,3,0,0,0,0,2,0,4,3,2,64,1,2,2,2,1,1,2,1,1,1,2,1,1,1,2,1,2,5,4,2,2,1,1,0,0,0,0,0,0,0,0,0,0,0,1,1,1,0,0,3,2,3,1,4,4,1,4,3,0,6,1,7,0,0,403,1,1,0.5,0,0.138888889,0,0,1,2,2,0,1,1,2,0,2,0,1,0.333333333,1,0.666666667,3,1,0,2,0,2,0,85.3,3.666666667,0
215,4,5,7,1,0,0,4,1,1,5,4,5,4,5,4,0.19,0,4,4,2,1,2,2,4,2065,2,6,0,0,0,0,4,3,4,0,0,0,3,0,2,4,1,64,1,4,1,1,1,3,3,1,1,1,2,1,1,2,4,2,2,5,3,2,2,2,1,0,0,0,0,0,0,0,0,0,1,0,1,1,1,0,1,3,1,5,0,0,5,1,4,3,1,5,1,7,0,0,159.6666667,0.333333333,1,0,0,0.138888889,0,0,0,2,2,0,1,1,2,1,2,0,0,2,0.666666667,1,2,1,0,0,0,2,0,18,5.666666667,0
218,5,5,5,2,3,0,3,4,2,5,6,2,1,5,4,0.03,0,4,4,2,1,3,1,4,1893,2,6,1,0,0.333333333,0,4,4,0,0,0,0,2,1,2,4,1,64,1,4,1,3,1,5,2,1,1,1,1,1,1,1,2,2,4,3,4,2,2,2,4,1,4,2,2,2,1,0,0,2,1,0,1,1,2,0,1,1,2,5,0,0,5,1,4,2,2,5,1,7,0,1,337.3333333,0.666666667,1,0.5,0,0.138888889,0,0,0,2,2,0,1,1,2,1,1,2,4,2,1.333333333,1,0,1,0.333333333,1,4,2,0,1,5.666666667,0
219,1,5,6,7,3,0,3,4,2,5,7,5,4,5,4,0.24,0,4,4,2,1,3,3,4,1955,2,6,0,0,0,0.333333333,1,3,0,2,0,2,2,1,3,2,1,224,1,2,1,1,1,1,2,4,2,2,1,1,1,2,3,2,3,4,2,2,3,2,2,0,0,0,0,0,0,0,0,0,0,0,1,2,1,0,1,1,1,5,0,0,5,1,4,3,0,6,1,7,0,2,211.6666667,0.333333333,0.666666667,0,0.148148148,0.111111111,0,0,0,2,2,0,0,1,0,1,1,2,3,0,2,1,2,2,0,2,2,2,11.7,78.3,4,0
220,4,5,5,6,1,0,5,1,1,5,6,3,2,5,4,0.13,0,4,4,1,1,2,2,4,2314,2,6,1,1,1,0.333333333,3,4,0,0,0,0,0,0,2,5,1,0,4,4,2,4,1,1,2,3,1,1,1,1,3,1,3,1,4,2,3,2,3,1,4,0,0,0,0,0,0,0,0,0,1,0,1,1,2,0,2,1,1,5,0,0,5,1,4,2,0,5,2,3,0,0,403,1,1,0.5,0,0.138888889,0.222222222,0,0,2,2,0,1,2,2,1,2,2,3,0.666666667,1.333333333,1,0,3,0,2,4,2,4,126,6,0
221,4,5,7,1,3,0,4,3,1,5,4,2,3,3,4,0.56,0,4,4,1,3,3,2,3,2254,0,6,0,0,0.333333333,0.333333333,0,4,3,0,0,0,0,1,2,5,2,0,3,4,1,3,1,1,2,1,2,1,1,1,1,1,2,1,4,2,4,2,3,2,4,1,4,4,1,3,1,0,1,1,1,0,1,1,3,0,1,3,1,4,2,2,5,1,4,3,0,6,1,7,0,2,403,1,1,0.333333333,0,0.138888889,0.222222222,0,1,2,2,0,1,1,2,0,2,2,4,0.333333333,1,0.666666667,0,1,0,1,4,2,4.6,138.8333333,3.666666667,0
223,4,5,6,4,3,0,4,2,2,4,3,4,3,5,4,0.19,0,4,4,2,1,3,2,3,2118,2,6,0,0,0,0,2,4,3,0,0,0,1,0,1,6,0,0,4,5,1,1,1,1,1,1,3,1,1,1,1,2,4,4,2,2,4,1,1,1,1,0,0,0,0,0,0,0,0,0,0,0,1,2,2,1,1,3,1,5,0,0,1,1,4,3,1,6,1,7,0,2,221.3333333,1,1,0.333333333,0,0.138888889,0,0,0,2,2,0,0,1,0,1,1,2,4,1.333333333,1.333333333,1,0,1,0,0,0,2,0,17.7,6,0
226,2,4,5,4,0,0,4,2,2,4,6,4,2,5,4,0.04,0,4,4,2,1,3,3,3,1950,0,6,1,0,0,0.333333333,4,3,0,4,0,2,0,1,0,3,0,168,1,2,1,1,2,1,1,4,1,2,2,1,1,3,3,2,1,5,5,1,1,2,4,0,0,0,0,0,0,0,0,0,0,0,1,1,5,0,3,1,1,4,2,2,5,1,4,1,0,5,1,7,0,0,162,0.333333333,0.666666667,0.5,0,0.138888889,0,0,0,2,1,0,0,2,0,0,1,3,1,0.666666667,2.666666667,1,1,2,0,2,1,2,4,76.3,6,0
227,1,1,6,4,3,1,5,4,3,5,7,5,2,1,2,0.1,0,4,4,3,1,3,1,6,1945,2,6,0,0,0.333333333,0.333333333,4,3,0,0,0,5,0,2,1,1,1,232,3,1,0,0,0,1,2,4,1,2,4,1,1,2,3,1,2,5,5,1,1,1,4,0,0,0,0,0,0,0,0,0,0,0,2,2,4,0,3,3,1,4,2,1,5,1,4,1,1,6,1,1,0,1,211.6666667,0.333333333,0.666666667,0,0,0,0,1,0,1,1,0,0,2,0,0,0,3,1,0,2,1,0,2,0,2,0,2,2.7,96,4,0
228,2,5,5,6,3,2,4,1,1,1,2,5,1,2,2,0.025,0,4,4,3,2,3,2,1,2017,2,6,0,0,0,0.333333333,4,3,0,5,0,2,0,0,1,0,2,232,3,1,0,0,0,1,1,4,3,2,1,1,1,3,4,1,2,5,5,1,1,2,1,0,0,0,0,0,0,0,0,0,0,0,1,2,4,0,3,3,2,5,0,0,5,1,4,1,1,6,1,7,0,1,124.3333333,0,1,0.333333333,0,0.138888889,0,0,0,2,2,0,0,1,0,0,2,3,0,0,2,1,1,2,0,0,0,2,5,24,4,0
229,4,5,7,1,0,0,5,3,2,4,3,3,3,5,4,0.14,0,4,4,2,1,3,1,6,2236,0,6,1,0,0,0.333333333,4,3,0,3,2,2,2,2,2,2,2,186,2,2,2,1,1,1,1,3,3,2,1,1,1,2,3,2,2,4,4,1,1,2,3,0,0,0,0,0,0,0,0,0,0,0,1,2,1,0,2,1,1,5,0,0,5,1,4,1,0,5,1,7,0,0,403,0,1,0,0,0.138888889,0,0,0,2,2,0,0,2,0,0,1,3,1,0.666666667,3.333333333,1,1,3,0,2,0,2,12.2,68.5,4.333333333,0
22,4,5,7,1,3,0,5,5,3,4,4,3,6,5,4,0.71,0,4,4,1,1,3,1,4,1523,0,0,0,0,0.333333333,0,2,4,3,1,1,1,2,0,2,4,1,64,3,4,2,1,2,1,2,2,3,2,2,1,1,1,4,4,2,2,2,2,2,2,2,0,0,0,0,0,0,0,0,0,1,0,2,1,3,0,2,3,1,5,0,0,5,1,4,1,1,6,1,7,0,1,61,0,0,0,0,0,0,1,0,1,1,0,1,1,2,1,1,2,4,0,1,0,0,0,0,0,0,2,0,21.3,0,6.31
230,5,5,7,1,0,0,5,4,3,3,3,2,3,5,2,0.54,0,4,4,1,1,3,3,3,2272,0,6,1,0,0,0.333333333,2,3,0,3,2,2,2,2,1,2,2,232,1,2,2,1,2,1,2,4,3,1,1,2,1,3,1,1,1,6,0,0,0,0,0,0,0,0,0,0,0,0,0,0,0,0,2,2,3,1,2,1,1,4,2,3,5,1,4,1,1,6,1,7,0,0,366.6666667,0,1,0.333333333,0,0.138888889,0,2,0,1,1,1,0,1,1,1,1,3,1,0.666666667,3.333333333,1,1,2,0,2,1,2,9,64.8,4.333333333,0
231,3,5,7,1,0,0,5,1,2,5,3,3,4,5,4,0.37,0,4,4,2,1,3,2,4,1971,0,6,0,0,0,1,4,3,1,2,0,2,0,2,0,3,2,168,1,3,1,1,1,1,1,2,3,2,1,1,1,2,3,2,2,4,5,1,1,1,5,0,0,0,0,0,0,0,0,0,0,0,5,0,0,1,3,1,1,5,0,0,5,1,4,1,1,5,1,7,0,0,159.6666667,0,1,0,0,0.138888889,0,1,0,0,0,2,0,2,0,2,1,3,0,0,2.666666667,1,2,0,0,2,0,2,4,76,4.666666667,0
232,1,4,7,2,0,0,5,1,2,5,7,0,5,5,4,2146,0,4,4,2,1,2,2,4,2146,2,6,0,0,0,0,4,3,4,0,0,0,4,0,2,2,1,80,1,2,2,1,1,4,4,1,1,1,2,1,1,2,2,3,3,4,5,2,2,2,2,0,0,0,0,0,0,0,1,0,1,0,1,2,1,0,1,2,2,5,0,0,1,1,4,2,2,6,1,7,0,2,403,0.333333333,1,0.333333333,0,0.138888889,0,0,2,2,0,0,0,1,0,2,1,3,0,1.666666667,1.666666667,1,1,1,0,1,2,2,0,0,7.333333333,0
233,4,5,6,1,0,0,3,4,3,5,6,3,3,5,1,0.25,0,4,4,2,2,3,2,6,2141,0,6,2,0,0,0,4,3,4,2,0,4,1,3,2,1,3,232,1,2,2,2,2,1,2,4,3,2,1,1,1,3,4,2,2,4,5,1,1,1,5,1,2,0,0,0,0,0,0,1,0,0,2,2,5,0,3,3,1,2,2,2,2,1,4,1,1,6,1,1,0,1,307.6666667,0,1,0,0,0.138888889,0,1,2,1,1,0,0,2,0,1,1,3,0,0,2,1,1,2,0,0,0,2,6.666666667,32.7,4,0
236,3,5,6,1,2,1,4,2,2,2,4,5,3,2,2,0.212,0,4,4,3,1,3,3,6,2039,2,6,0,0,0,0.666666667,4,2,1,1,0,3,0,2,4,1,3,224,1,1,0,0,0,1,1,5,1,1,1,1,1,3,3,1,1,6,0,0,0,0,0,0,0,0,0,0,0,0,0,0,0,0,4,0,0,1,3,3,2,5,0,0,5,1,4,1,1,6,1,7,0,1,124.3333333,0,1,0.333333333,0,0.138888889,0,2,0,0,0,1,0,2,0,2,1,1,2,0,3,1,2,4,0,2,1,2,8.3,71,5,0
237,3,5,6,2,0,0,5,5,3,4,6,4,2,4,4,0.12,0,4,4,1,1,3,2,6,2092,0,6,0,0,0,0,2,1,3,0,0,2,0,2,3,2,2,128,3,1,0,0,0,1,2,3,1,1,1,1,1,1,3,1,1,6,0,0,0,0,0,0,0,0,0,0,0,0,0,0,0,0,4,0,0,0,3,1,1,4,2,2,5,1,4,1,1,6,1,7,0,0,209.3333333,0,1,0.5,0,0.138888889,0,1,0,0,0,1,0,2,1,2,0,4,8,0.666666667,2.333333333,1,3,3,0,2,1,2,6.2,29.1,4.666666667,0
238,1,5,6,3,1,0,4,5,3,6,7,3,3,1,2,0.03,0,4,4,1,1,3,2,6,2026,2,6,0,0,0,0.333333333,2,2,4,1,0,2,0,2,0,5,1,128,4,4,3,1,1,1,2,4,1,1,3,2,2,3,3,3,2,5,1,1,1,1,1,0,0,5,2,1,0,0,0,0,0,0,1,2,3,0,2,3,1,5,0,0,5,1,4,1,1,6,1,7,0,0,159.6666667,0,1,0.333333333,0,0.138888889,0,0,0,2,2,0,0,2,0,0,0,1,2,0,3,1,0,4,0,2,2,2,7,63,5,0
239,5,6,6,6,3,0,4,4,3,5,3,3,3,5,4,0.26,0,4,4,2,1,3,3,6,2314,0,0,2,1,0.333333333,0.333333333,4,1,0,0,0,1,0,2,2,2,2,0,4,5,0,0,0,1,1,4,1,1,1,1,1,1,3,1,2,5,1,1,3,1,5,0,0,0,0,0,0,0,0,0,0,0,5,0,0,0,3,3,1,5,0,0,5,1,4,1,1,6,1,7,0,0,366.6666667,0.666666667,1,0.333333333,0,0.138888889,0.222222222,1,0,0,0,2,0,2,0,2,0,1,5,0.666666667,1.333333333,0.666666667,0,2,0,2,0,2,9.8,290.5,3.666666667,0
240,4,5,7,1,3,0,5,4,2,4,3,3,3,2,1,0.27,0,4,4,3,1,2,2,4,2140,2,6,0,0,0,1,4,1,3,2,0,0,3,2,4,1,1,224,3,1,0,0,0,1,2,3,1,2,1,1,1,3,3,1,2,5,4,2,3,3,5,0,0,0,0,0,0,0,0,0,0,0,3,2,4,0,1,3,1,4,2,2,5,1,4,1,2,6,1,7,0,2,307.6666667,0,1,0.333333333,0,0.138888889,0,1,2,1,1,0,0,2,0,0,1,1,2,0.666666667,3.333333333,1,2,3,0,2,0,2,0,70.8,4.333333333,0
241,4,5,4,6,0,0,2,4,3,4,6,3,3,2,2,0.25,0,4,4,2,3,3,3,6,2141,0,6,0,0,0,0.333333333,3,2,4,0,0,3,0,3,2,3,3,224,2,4,3,3,1,1,2,4,2,2,1,2,3,3,3,1,4,2,1,1,2,2,5,1,5,3,1,1,1,0,0,1,0,0,1,2,0,0,3,3,1,3,2,1,5,1,4,3,1,6,1,7,0,0,307.6666667,0,1,0.666666667,0,0.138888889,0,0,1,2,2,0,0,2,0,0,0,1,2,2,5,1,0,2,0,2,4,2,6.666666667,80.7,4,0
242,2,5,7,1,3,0,5,2,2,4,4,4,3,5,4,0.2,0,4,4,2,1,3,1,3,1971,2,6,0,0,0,0,3,2,3,0,0,0,1,0,2,0,1,0,4,4,3,2,1,1,1,3,1,1,1,1,1,2,3,2,1,4,3,1,2,1,1,0,0,0,0,0,0,0,0,0,0,0,1,1,2,0,3,3,1,5,0,0,5,1,4,3,1,6,1,7,0,0,196.6666667,0.333333333,1,0.333333333,0,0.138888889,0,0,0,2,2,0,0,1,0,0,1,1,2,2,0.666666667,0.666666667,0,3,0.333333333,2,1,2,5.5,39.5,5.666666667,0
248,2,2,5,6,0,0,4,3,2,3,4,6,2,5,4,0.13,0,4,4,2,1,3,3,6,1903,0,6,1,1,1,0.333333333,3,1,3,0,0,1,0,3,4,1,3,160,1,1,0,0,0,1,2,3,1,1,1,1,1,1,3,2,1,6,0,0,0,0,0,0,0,0,0,0,0,0,0,0,0,0,5,0,0,1,3,3,1,5,0,0,5,1,4,1,1,6,1,7,0,0,173.3333333,0.333333333,1,0,0.148148148,0.111111111,0,2,0,0,0,1,0,2,0,2,1,4,8,1.333333333,1.333333333,0.666666667,0,3,0.333333333,2,1,2,7.7,90,4,0
249,4,5,6,6,3,0,5,1,1,4,5,5,2,5,4,0.22,0,4,4,1,1,3,3,6,2192,0,6,1,0,0,0.333333333,4,1,3,0,0,0,0,2,3,3,3,192,3,2,2,1,1,1,1,5,1,1,1,1,1,1,3,1,1,6,0,0,0,0,0,0,0,0,0,0,0,0,0,0,0,0,5,0,0,1,3,3,1,5,0,0,5,1,4,1,1,6,1,7,0,0,366.6666667,0,1,0,0,0.138888889,0,2,0,0,0,1,0,2,0,2,2,4,8,0.666666667,3.333333333,1,0,4,0,2,1,2,7.8,120.9,4.333333333,0
250,2,4,5,2,2,2,3,2,2,2,4,6,2,1,4,0.005,1,4,4,2,2,3,3,6,2039,0,6,0,0,0,0.666666667,4,1,0,1,0,2,0,2,3,2,3,224,2,3,1,1,1,1,1,5,1,1,1,1,1,3,3,1,1,6,0,0,0,0,0,0,0,0,0,0,0,0,0,0,0,0,5,0,0,1,3,3,1,5,0,0,5,1,4,1,1,6,1,7,0,1,124.3333333,0,1,0,0,0.138888889,0,2,0,0,0,1,2,2,2,2,2,4,8,0,3,1,0,4,0,2,1,2,4.3,87,5,0
251,1,4,5,6,3,0,3,1,1,4,7,5,1,5,4,0.03,0,4,4,3,3,3,1,6,2181,0,6,0,0,0,0,4,1,0,0,0,2,0,2,4,2,2,160,1,2,1,1,1,1,1,4,1,1,1,1,1,3,3,1,1,6,0,0,0,0,0,0,0,0,0,0,0,0,0,0,0,0,5,0,0,1,3,3,1,5,0,0,5,1,4,1,0,5,1,7,0,0,403,0,1,0.333333333,0,0.138888889,0,2,0,0,0,2,0,2,0,2,2,4,8,1.333333333,3,1,0,2,0,2,1,2,9.3,126.7,4.333333333,0
252,4,5,4,4,0,0,4,4,3,5,6,5,2,4,4,0.12,0,4,4,2,1,3,3,6,2181,0,6,0,0,0,0,2,1,0,2,0,3,0,2,3,1,2,224,1,1,0,0,0,1,2,5,1,1,1,1,1,1,3,1,1,6,0,0,0,0,0,0,0,0,0,0,0,0,0,0,0,0,5,0,0,1,3,3,1,3,2,3,5,1,4,1,0,6,1,7,0,1,369.3333333,0,1,0.5,0,0.138888889,0,2,0,0,0,1,0,2,0,2,1,4,8,0.666666667,3.333333333,1,2,4,0,2,1,2,8.3,99,4.333333333,0
253,2,2,2,6,2,2,4,2,2,4,7,4,3,1,4,0.146,0,0,1,1,2,3,3,6,2139,2,6,0,0,0,0,3,1,0,1,0,3,0,4,0,5,2,128,3,1,0,0,0,1,1,4,1,1,1,1,1,3,3,1,1,6,0,0,0,0,0,0,0,0,0,0,0,0,0,0,0,0,4,0,0,1,3,3,1,4,1,2,2,1,4,3,1,5,1,7,0,1,403,0,1,0,0,0.138888889,0,2,1,0,0,1,2,2,2,2,2,4,7,0,3,1,2,4,0,2,1.666666667,2,7.766666667,92.23333333,5,0
254,1,6,7,1,3,0,4,4,3,5,7,0,3,5,4,0.38,1,4,4,1,2,3,3,6,2039,0,6,1,0,0,0,2,1,3,0,0,2,1,3,3,1,1,128,3,2,0,0,0,1,2,4,1,1,1,1,1,3,3,1,1,6,0,0,0,0,0,0,0,0,0,0,0,0,0,0,0,0,5,0,0,1,3,3,1,5,0,0,5,1,4,1,1,6,1,0,0,0,205,0,0.666666667,0,0,0.138888889,0,2,1,0,0,1,2,2,2,2,2,4,8,1.333333333,1.333333333,0.666666667,3,2,0,2,1,2,0,270.7,6,0
255,1,5,7,1,3,1,5,4,3,5,7,4,2,2,2,0.061,0,4,4,3,0,3,3,6,2038,2,6,0,0,0,0.666666667,3,1,0,3,0,2,0,2,3,0,3,224,2,1,0,0,0,1,1,4,2,2,1,1,1,2,4,1,2,6,0,0,0,0,0,0,0,0,0,0,0,0,0,0,0,0,5,0,0,1,3,3,1,5,0,0,4,1,4,1,1,6,1,7,0,1,124.3333333,0,1,0,0,0.138888889,0,2,0,0,0,2,0,2,0,2,0,4,7,0,2,1,1,2,0,0,0,2,1.7,26,5,0
258,4,5,5,4,3,0,4,4,3,1,5,2,3,5,1,0.22,0,4,4,2,1,3,3,4,2272,2,6,0,0,0.333333333,1,4,4,3,0,0,0,0,2,0,5,1,0,4,4,1,2,2,2,1,1,2,2,2,1,1,1,2,1,4,3,1,2,3,2,5,1,5,2,1,3,1,0,1,3,0,0,1,2,0,0,1,1,2,4,2,4,5,1,4,3,2,3,2,5,0,2,403,1,1,0.333333333,0,0.138888889,0.222222222,0,2,1,2,0,0,1,1,0,1,5,9,1,0.333333333,1,0,1,0,1,4,2,0,0,5.666666667,0
261,3,5,7,4,2,1,4,4,3,4,4,5,5,2,2,0.28,0,4,4,2,1,2,3,4,1974,1,6,0,0,0.333333333,0.333333333,1,3,0,3,0,0,4,0,0,0,2,104,4,1,0,0,0,1,3,2,2,2,4,1,1,3,4,3,3,4,4,3,2,2,1,0,0,0,0,0,0,0,0,0,1,0,1,2,4,0,2,3,2,5,0,0,3,6,4,1,0,6,1,7,0,0,214.3333333,0,1,0.5,0,0.138888889,0,0,0,2,2,0,1,1,2,0,1,0,0,2,3,1,2,0,0,0,2,2,0.3,23.4,9,0
263,3,4,6,6,3,1,3,4,2,5,7,4,6,3,2,0.1837,0,4,4,2,3,3,3,4,1865,2,6,0,0.333333333,0.333333333,0,3,4,3,1,1,0,2,0,2,4,3,240,2,4,3,4,1,1,3,2,2,2,3,1,1,3,3,3,4,2,4,2,2,2,3,1,4,5,5,1,1,0,0,2,0,0,1,1,3,0,1,3,1,3,2,1,5,6,4,1,1,6,1,0,0,1,173.3333333,0,1,0.333333333,0.444444444,0.333333333,0,0,1,2,2,1,0,1,0,1,1,2,3,2,1,1,3,0,0,2,3,2,0,64,4,0
265,5,5,5,4,3,1,3,2,1,2,5,2,3,2,1,0.004,0,4,4,2,2,2,2,4,2034,0,6,0,0,0,0,4,4,3,0,0,0,2,0,1,5,1,64,1,1,0,0,0,1,2,1,1,1,3,1,1,3,2,3,4,2,4,2,2,2,3,1,4,2,5,1,1,0,1,3,1,0,1,1,3,0,3,3,2,5,0,0,3,6,4,1,0,6,1,7,0,0,159.6666667,0,1,0.333333333,0,0.138888889,0,0,2,1,2,1,1,1,2,1,2,2,4,2,1,0,0,1,0,1,3,2,0,15,9,0
267,1,4,5,7,3,2,3,1,2,5,7,6,6,3,2,0.38,0,4,4,2,3,1,1,4,1904,2,6,0,0.333333333,0.333333333,0,4,4,3,0,0,0,1,0,0,5,0,0,4,5,1,4,1,1,2,1,3,2,2,1,3,3,3,2,4,2,5,2,2,2,4,1,3,2,4,1,1,0,0,3,1,0,1,1,3,0,2,3,2,4,2,3,3,6,4,1,1,6,1,7,0,2,234,0,1,0.333333333,0,0.138888889,0,0,2,2,2,0,1,1,2,0,2,2,3,2,1,1,0,1,0,2,3,2,0,40.3,4,0
270,3,4,5,7,0,3,2,1,3,5,6,6,6,5,1,0.67,0,4,4,3,1,2,3,2,1706,2,6,0,0,0.333333333,0,4,3,4,0,1,0,3,0,2,3,1,64,1,3,3,3,2,1,1,1,1,1,1,1,1,1,2,5,2,1,5,2,2,1,5,0,0,0,0,0,0,0,0,0,1,0,2,1,3,1,3,3,1,3,2,2,5,1,4,1,1,5,1,7,0,0,70.66666667,1,0.333333333,0,0,0,0,1,2,1,1,1,1,1,2,1,1,0,0,1,3,0,0,1,0,1,2,2,0,16.7,4,7.2
273,1,5,6,2,3,1,4,3,3,3,7,4,6,2,2,0.469,0,4,4,3,1,2,2,5,2083,2,6,0,0,0,0,4,3,0,0,0,0,5,0,1,0,0,64,3,1,0,0,0,1,5,1,1,2,4,1,1,3,3,3,4,2,5,1,1,1,3,0,0,0,0,0,0,0,0,0,0,0,1,1,4,0,3,3,2,5,0,0,5,1,4,1,1,6,1,7,0,0,260.6666667,0.333333333,1,0.333333333,0,0.138888889,0,0,1,2,2,0,0,2,0,0,1,0,1,2,0,2,0,1,0,2,3,2,0,63.3,4,0
274,2,5,6,2,3,2,4,5,3,5,6,4,6,4,4,0.3122,0,4,4,2,2,2,2,4,1846,0,6,0,0.333333333,0.333333333,0,4,4,2,0,0,0,0,0,4,4,1,64,4,4,1,3,1,1,3,4,1,1,1,1,4,3,3,3,4,2,3,3,3,2,4,1,4,4,4,3,1,0,1,3,1,0,1,1,2,0,1,3,2,5,0,0,3,6,4,1,0,6,1,3,0,2,198,0.666666667,1,0.333333333,0,0.138888889,0,0,1,2,2,1,1,1,2,1,1,2,3,2,3,1,0,2,0,2,3,2,5.3,95.4,9,0
275,1,5,5,3,2,0,3,4,3,5,6,6,6,2,2,0.49,0,4,4,2,1,3,1,4,1846,2,6,0,0.333333333,0.333333333,0,3,4,3,0,0,1,3,0,1,5,2,104,3,3,3,3,1,1,4,1,2,2,2,2,2,3,3,2,3,2,2,2,2,3,4,1,5,3,3,3,1,0,0,1,1,1,1,2,3,0,2,3,1,5,0,0,3,6,4,1,1,6,1,7,0,1,153.3333333,0.666666667,1,0,0.148148148,0.111111111,0,0,0,2,2,0,1,1,2,0,1,2,3,2,1,0,0,1,1,0,2,2,0,61.7,4,0
276,5,5,5,4,2,0,0,5,2,5,7,1,5,3,2,0.05,0,4,4,2,1,2,1,4,2041,2,6,0,0,0,0,3,3,4,1,0,0,3,0,4,3,3,96,4,4,4,3,1,1,3,3,3,2,4,1,3,3,3,3,4,2,4,1,2,3,3,1,4,3,5,2,1,0,0,1,1,0,1,2,1,0,2,3,1,4,2,1,4,1,4,2,1,6,1,7,0,2,209.3333333,0,1,0,0,0.138888889,0,0,0,2,2,0,1,2,2,0,1,2,3,2,0,0,0,3,0,2,3,2,5,71,9,0
27,2,5,7,1,0,0,5,5,3,3,5,6,6,5,4,0.75,0,4,4,2,1,3,1,4,1363,0,6,0,0.666666667,0.333333333,0,2,3,0,5,0,5,0,1,1,1,3,168,3,1,0,0,0,1,1,4,1,2,1,2,1,2,4,2,1,5,5,1,1,1,5,0,0,0,0,0,0,0,0,0,0,0,5,0,0,1,3,3,1,5,0,0,5,1,4,1,1,1,1,7,0,1,67.33333333,0,0,0,0,0,0,1,0,0,0,2,0,2,0,2,0,3,0,0,2,1,1,2,0,0,1,2,2.3,21,3,0
284,3,5,6,4,2,1,4,4,3,4,7,5,5,2,4,0.156,0,4,4,2,1,3,2,2,1947,2,6,0,0,0.333333333,0,2,3,3,5,0,2,0,0,0,0,1,232,4,1,0,0,0,1,1,4,2,2,2,1,1,3,4,2,2,5,5,1,1,1,5,0,0,0,0,0,0,0,0,0,0,0,4,0,0,0,3,3,2,5,0,0,5,6,4,1,1,6,1,1,0,0,173.3333333,0.333333333,1,0.333333333,0.148148148,0.111111111,0,1,0,0,0,2,0,2,0,2,0,3,0,0,2,1,1,2,0,0,0,2,3.7,25.6,4,0
285,4,5,4,1,3,1,4,4,3,4,3,5,6,4,2,0.603,0,4,4,2,1,3,2,6,2077,2,6,0,0,0,0,4,4,0,1,1,0,2,0,1,4,0,112,4,4,1,4,1,1,2,1,1,1,1,1,3,3,2,3,4,1,5,2,2,2,4,1,2,0,0,0,1,0,0,1,0,0,2,2,3,0,1,3,2,4,2,2,5,1,4,1,1,5,1,7,0,1,454.3333333,0,1,0.333333333,0,0.138888889,0,1,1,1,1,0,0,1,0,1,0,2,4,2,1,1,0,1,0,1,3,2,1.666666667,135,4,0
286,5,5,6,6,3,2,4,1,1,3,4,1,3,2,1,0.005,0,4,4,2,2,3,2,3,2024,2,6,0,0,0,0,3,3,3,0,4,0,2,0,1,1,2,85,4,1,0,0,0,2,2,1,2,2,4,1,2,2,1,3,2,4,5,4,2,2,3,1,3,5,3,1,1,0,0,2,1,0,4,0,0,0,1,3,2,4,2,3,2,6,4,1,1,6,1,7,0,2,214.3333333,0,1,0.333333333,0,0.138888889,0,2,2,0,0,2,1,2,2,2,2,3,0,1,4,1,1,1,0,1,0,2,0,0,9,0
288,4,5,6,6,1,0,3,5,3,5,7,6,6,1,4,0.38,0,4,4,1,3,3,1,4,1833,2,6,0,0.333333333,0.333333333,0,3,4,3,0,0,2,1,0,1,5,1,224,3,4,2,4,1,1,1,1,3,2,1,2,3,3,4,2,5,2,2,1,2,3,5,1,5,3,5,1,0,0,0,1,0,0,1,2,5,0,1,3,1,2,2,1,5,2,4,3,1,6,1,7,0,1,175.6666667,0.333333333,1,0.666666667,0.259259259,0.111111111,0,0,1,2,2,0,0,1,1,0,1,2,3,2,1,1,0,1,1,0,3,2,4.1,21,4,0
28,3,5,7,1,0,0,5,5,3,4,1,6,6,3,4,0.45,0,4,4,2,1,3,2,4,1428,0,6,0,0.666666667,0.333333333,0,2,3,0,4,0,2,3,1,1,0,1,232,3,1,0,0,0,1,3,3,2,2,2,2,1,3,4,4,2,2,5,2,2,2,2,0,0,0,0,0,0,0,0,0,1,0,2,1,5,0,1,3,2,5,0,0,5,1,4,1,0,6,1,7,0,1,50,1,0,0,0,0,0,1,0,1,1,0,1,1,2,1,1,3,0,1,2,0,1,3,0,0,0,2,0.3,25.7,0,6.57
297,4,5,7,2,3,1,3,4,1,5,7,6,6,2,4,0.528,0,4,4,2,2,3,3,5,1835,0,6,0,0.333333333,0.333333333,0,4,2,3,3,0,3,0,0,2,2,2,224,1,2,1,2,1,1,2,4,2,2,3,1,2,3,3,3,3,4,4,3,2,2,4,0,0,0,0,0,0,0,0,0,1,0,1,1,4,0,1,3,2,5,0,0,4,6,4,1,0,6,1,7,0,2,175.6666667,0.333333333,1,0.666666667,0.259259259,0.111111111,0,0,1,2,1,0,1,1,2,0,2,1,2,2,2,1,2,2,0,2,2,2,2,101.7,4,0
298,4,5,5,7,0,0,2,4,3,5,5,2,5,5,1,0.17,0,4,4,3,1,3,2,4,1911,0,6,0,0,0.333333333,0,4,1,3,2,0,2,0,2,3,2,2,224,1,1,0,0,0,1,1,5,1,1,1,1,1,2,3,1,1,5,5,1,1,1,5,0,0,0,0,0,0,0,0,0,0,0,4,0,0,1,3,3,1,5,0,0,5,6,4,1,1,6,1,7,0,0,173.3333333,0.333333333,1,0,0.148148148,0.111111111,0,1,2,0,0,2,0,2,0,2,0,1,2,1.333333333,1.333333333,1,2,4,0,2,1,2,10.3,51,5.666666667,0
299,1,5,7,1,3,1,4,5,3,5,7,5,6,1,2,0.907,0,4,4,2,1,3,2,5,1669,1,6,0,0.666666667,0.333333333,0,2,2,3,3,0,1,0,0,4,0,3,232,1,1,0,0,0,1,1,4,1,1,2,1,1,3,3,1,2,5,5,1,1,2,1,0,0,0,0,0,0,0,0,0,1,0,1,2,4,0,3,3,2,5,0,0,5,1,4,1,1,6,1,7,0,1,89.66666667,0.333333333,1,0,0.111111111,0,0,0,1,2,2,0,1,1,2,0,1,1,5,0,3,1,1,2,0,2,2,2,5.3,226.7,4,0
307,1,5,6,4,1,0,4,5,3,6,7,3,6,1,2,0.03,0,4,4,1,1,3,2,6,2026,2,6,0,0,0,0.333333333,2,1,0,1,0,2,1,2,4,1,1,232,3,1,0,0,0,1,1,4,3,2,1,1,1,3,3,1,2,5,5,1,1,1,5,1,1,0,0,0,0,0,0,2,0,0,5,0,0,1,3,3,1,5,0,0,5,1,4,1,1,6,1,7,0,1,276,0,1,0,0,0.138888889,0,1,0,0,0,2,0,2,0,2,0,4,7,0,3,1,3,2,0,2,0,2,6,51,5,0
308,1,5,7,4,2,2,4,5,3,5,6,6,6,1,2,0.47,0,4,4,1,1,3,2,6,2008,2,6,0,0,0,0.333333333,4,2,0,0,0,3,0,1,4,1,2,232,3,1,0,0,0,1,1,5,3,1,1,1,1,3,3,1,3,3,5,1,1,1,5,1,1,0,0,0,0,0,0,2,0,0,2,2,4,0,3,3,1,5,0,0,5,1,4,1,1,6,1,7,0,1,276,0,1,0,0,0,0,1,0,1,2,0,0,2,0,1,0,4,8,0,3,0,0,4,0,2,2,2,8,56,5,0
310,2,6,7,2,3,1,4,1,3,5,5,5,6,1,3,0.28,0,4,4,3,1,3,3,6,1824,2,6,0,0.333333333,0.333333333,0,2,1,0,1,0,3,0,0,4,2,2,224,1,2,1,1,1,1,1,5,1,1,1,1,1,3,3,1,2,6,0,0,0,0,0,0,0,0,0,0,0,0,0,0,0,0,4,0,0,1,3,3,1,5,0,0,5,6,4,1,3,6,1,7,0,0,266.6666667,0.333333333,1,0,0.259259259,0.111111111,0,2,0,0,0,2,0,2,0,2,0,4,8,0,3,2,0,4,0,2,0,2,4.7,250,5,0
312,4,4,7,2,2,1,5,1,2,6,3,5,5,4,2,0.322,0,4,4,1,1,2,2,4,1991,2,6,0,0,0.333333333,0,4,4,2,1,1,0,2,0,0,5,0,112,1,4,2,4,1,1,3,2,2,1,1,1,1,2,3,3,4,2,4,2,2,2,3,1,3,4,5,2,1,0,0,2,1,0,1,2,2,0,1,3,1,5,0,0,5,1,4,1,1,6,1,7,0,2,269.3333333,0,1,0,0,0.416666667,0,0,1,2,2,1,1,1,2,1,1,2,3,0,1,1,0,0,0,2,3,2,1,44,9,0
31,1,5,7,1,3,0,4,5,3,3,7,6,6,3,4,0.56,0,4,4,1,1,3,3,4,1345,2,6,0,0.666666667,0.333333333,0,2,3,0,3,0,2,2,1,2,2,1,202,3,2,3,1,2,1,2,1,3,2,2,3,1,3,1,4,2,2,3,2,2,2,2,1,4,3,5,1,1,0,0,3,1,0,1,2,4,0,2,3,1,5,0,0,0,1,4,1,0,6,1,7,0,0,68,0,0,0,0,0,0,0,0,2,2,1,1,1,2,1,1,3,0,0,2,0,2,1,0,1,0,1,0,16.7,1,6.4
342,4,5,7,1,3,0,4,4,3,3,3,5,3,5,4,0.34,0,4,4,2,1,2,0,4,2011,0,6,0,0.333333333,0,0,4,4,0,0,0,0,0,0,0,6,0,0,4,5,2,1,1,1,1,1,2,2,4,2,3,1,5,3,3,2,1,2,2,1,5,0,0,0,0,0,0,0,0,0,0,0,2,1,2,1,3,3,1,5,0,0,1,5,4,1,1,6,1,7,0,0,253.6666667,0,1,0,0,0.138888889,0,1,0,1,1,0,0,0,0,1,0,2,4,1,1,0,0,1,0,1,4,2,0,4,4,6.38
349,3,3,4,7,1,3,3,4,3,6,7,3,5,2,4,0.3008,0,4,4,3,1,2,1,4,1936,2,6,0,0.333333333,0.333333333,0,3,4,3,1,0,0,2,0,2,5,1,192,4,4,1,2,1,1,2,1,1,2,2,2,2,3,4,3,3,4,1,2,2,3,4,1,5,4,1,1,1,0,1,3,1,1,1,1,1,0,1,3,1,1,2,2,5,1,4,1,1,6,1,7,0,1,276,0.333333333,1,0.5,0.148148148,0.25,0,0,0,2,2,1,1,2,2,1,1,2,3,2,1,0.666666667,0,1,0,0,2,2,3.433333333,26.7,9,6.83
352,2,4,5,7,2,0,3,4,3,5,2,2,3,1,2,0.07,0,4,4,3,0,2,1,4,2188,2,6,0,0,0,0,3,3,4,1,2,0,5,0,2,2,2,80,3,2,1,1,1,1,5,2,1,2,3,1,3,3,1,4,2,2,2,2,1,1,5,1,5,5,2,3,0,0,0,0,1,0,1,2,3,0,2,3,1,3,2,2,5,1,4,1,1,5,1,7,0,2,403,0,1,0.5,0,0,0.222222222,1,1,1,2,1,1,0,2,1,1,0,1,1,0,1,2,0,0,1,0,2,1.433333333,18.3,4,6.37
355,1,4,5,6,3,3,4,5,3,6,7,4,6,2,2,0.51,0,4,4,2,1,2,2,4,1657,2,6,0,0,1,0,3,3,0,0,0,0,4,0,2,3,0,64,3,3,1,1,1,1,5,2,1,1,4,1,1,1,3,2,3,4,5,2,2,2,1,0,0,0,0,0,0,0,0,0,1,1,1,2,2,0,3,3,1,5,0,0,5,1,4,1,1,6,1,7,0,1,106.6666667,0.333333333,0.333333333,0,0.111111111,0,0,0,1,2,2,0,1,1,2,0,1,0,1,2,0,1,0,0,0,2,2,2,1,32,0,0
364,1,4,7,1,0,0,3,2,2,4,7,6,5,4,4,0.26,0,4,4,1,1,2,3,4,2003,1,6,0,0.333333333,0,0,1,3,0,1,1,0,5,0,1,0,1,76,4,1,0,0,0,1,5,1,3,2,2,3,1,2,1,4,2,2,5,2,2,1,5,0,0,0,0,0,0,0,0,0,1,0,1,2,4,0,1,3,1,5,0,0,5,1,4,1,2,6,1,7,0,2,353,0,1,0,0,0,0,0,0,2,2,0,1,0,2,1,1,0,0,1,0,1,0,1,0,1,2,2,0,8.3,9,6.41
367,1,5,6,2,0,0,3,3,2,2,7,6,1,5,4,0.01,0,4,4,2,2,3,3,4,2194,2,6,0,0,0,0,4,3,0,1,1,1,4,1,1,1,1,64,3,1,0,0,0,1,5,4,2,2,3,2,2,3,3,4,3,2,5,2,2,2,4,0,0,0,0,0,0,0,0,0,1,0,1,2,5,0,2,3,1,5,0,0,5,1,4,1,0,6,1,7,0,0,230,0,1,0,0,0.138888889,0.222222222,1,0,2,2,0,1,1,2,1,1,0,1,0,0,0,0,2,0,2,0,2,2.3,65,2,5.02
375,4,4,6,4,2,0,5,2,3,5,6,6,6,2,2,0.08,0,4,4,2,1,2,2,3,1757,2,6,0,0.333333333,1,0,3,3,0,0,0,0,4,0,2,3,2,64,3,3,3,1,2,1,5,1,1,2,4,1,1,3,2,2,2,5,5,1,1,1,1,0,0,0,0,0,0,0,0,0,1,1,1,2,3,1,3,3,1,5,0,0,5,1,4,1,1,6,1,7,0,1,153.3333333,0.666666667,0.666666667,0,0.259259259,0.111111111,0,0,0,1,2,0,1,1,2,0,1,0,0,2,0,1,0,1,0,1,2,2,0,21,4,0
376,1,5,7,4,2,1,4,4,3,4,7,6,6,1,2,0.0202,0,4,4,3,1,3,2,4,1883,2,6,0,0.333333333,0.666666667,0,4,3,0,2,2,0,3,0,2,0,2,240,2,1,0,0,0,1,4,2,1,2,3,2,1,3,2,4,2,3,5,3,2,2,1,0,0,0,0,0,0,0,0,0,0,0,1,2,4,0,3,3,2,5,0,0,5,1,4,1,1,6,1,7,0,1,178.6666667,0.333333333,0.333333333,0,0.259259259,0.111111111,0,0,0,2,2,1,0,0,0,0,0,0,0,2,0,0,2,0,0,1,0,2,0,17,0,0
384,1,5,7,4,0,0,4,4,3,4,7,4,5,5,4,0.86,0,4,4,3,1,3,2,4,1911,0,6,0,0.333333333,0.333333333,0,4,3,0,4,2,2,2,1,1,1,3,254,3,1,0,0,0,1,3,3,3,2,2,2,1,3,2,3,1,4,1,1,1,1,5,0,0,0,0,0,0,0,0,0,0,0,5,0,0,1,3,3,1,5,0,0,5,1,4,1,1,6,1,7,0,1,230,0,1,0,0.259259259,0.111111111,0,2,0,0,0,2,0,2,0,2,0,3,0,0,2,1,1,3,0,1,0,2,0,12.7,3,5.49
388,1,4,6,4,0,0,3,1,2,1,7,0,6,5,4,0.1,0,4,4,3,1,2,3,4,2217,0,6,0,0,0,0,2,3,0,3,2,2,3,1,1,1,3,124,3,1,0,0,0,1,3,4,3,2,2,2,1,3,3,4,2,2,5,1,1,1,5,0,0,0,0,0,0,0,0,0,0,0,5,0,0,1,3,3,1,4,1,2,5,1,4,1,0,6,1,7,0,0,780,0,0.666666667,0.333333333,0,0,0.222222222,2,1,0,0,2,0,2,0,2,1,3,0,1,2,0,2,2,0,2,0,0,1.7,39.6,5,6.43
394,4,5,7,3,1,1,4,3,3,5,6,5,5,3,2,0.3181,0,4,4,2,1,2,1,4,1853,2,6,0,0.333333333,1,0,4,2,0,1,1,0,3,0,4,2,1,80,2,2,4,2,1,1,1,4,1,1,1,1,1,3,3,2,4,2,4,1,2,2,2,1,3,5,5,1,1,0,0,1,0,0,2,1,2,0,3,3,1,4,2,3,2,1,4,1,1,6,1,7,0,0,206,0.333333333,0.666666667,0.5,0,0,0,1,1,1,1,0,0,1,0,1,1,1,2,2,3,1,0,2,0,2,3,2,6,72,4,0
39,4,5,7,1,3,0,4,5,3,4,3,3,6,3,4,0.5,0,4,4,2,1,3,3,4,1380,0,6,0,1,0.333333333,0,1,2,3,1,0,1,0,1,4,3,3,168,4,3,1,1,2,1,2,4,3,2,2,1,2,2,3,2,2,3,3,2,2,1,2,0,0,0,0,0,0,0,0,0,1,0,3,2,4,1,3,3,2,5,0,0,5,1,4,1,1,6,1,7,0,1,22,0,0,0,0,0,0,1,0,1,0,0,1,1,2,0,1,1,5,0,3,0,0,2,0,2,0,2,8.7,58,4,6.42
404,2,5,7,1,3,0,4,5,3,5,7,6,4,5,4,0.4,0,4,4,2,1,3,1,4,1916,0,5,0,0,0.666666667,0,2,4,0,1,0,1,0,1,1,5,0,128,4,4,2,4,1,1,2,1,1,1,2,2,2,2,1,3,4,2,3,2,2,2,5,1,3,2,2,1,1,1,1,0,0,0,5,0,0,1,3,3,1,5,0,0,5,2,4,1,0,6,1,7,0,1,245,1,1,0,0,0.277777778,0,2,0,0,0,2,0,2,0,2,0,2,4,2,1,1,0,1,0,1,4,2,0,2,4,6.35
405,1,5,6,7,2,1,3,4,2,5,5,6,3,3,3,0.1345,0,4,4,1,1,3,2,4,2009,0,6,0,0,0.666666667,0,4,4,3,1,1,1,2,0,2,3,2,76,4,4,2,2,2,1,2,1,2,2,2,2,3,2,2,3,3,2,2,2,3,3,5,1,5,3,2,3,1,0,1,0,1,0,2,1,2,0,1,3,1,5,0,0,5,1,4,1,1,1,1,7,0,1,269.3333333,0,1,0,0,0.277777778,0,1,0,1,1,1,1,1,2,1,1,2,4,1,1,1,0,1,0,1,2,2,0,9,2,5.3
406,3,4,7,1,3,0,4,1,2,5,7,5,2,5,4,0.1,0,4,4,2,1,2,3,4,2194,0,6,0,0.333333333,0,0,4,4,3,0,0,0,1,0,1,6,2,64,4,4,3,3,1,1,2,1,1,1,2,1,2,1,2,4,2,1,2,2,3,1,5,1,5,3,5,2,1,1,0,0,1,0,2,2,3,1,3,3,1,4,2,2,5,5,4,1,1,5,1,7,0,3,199,0,1,0.5,0,0,0.222222222,1,0,1,1,1,1,1,2,1,1,2,4,0,1,1,0,1,0,1,0,2,0.3,6.4,2,6.52
407,3,5,7,1,3,0,4,1,3,1,4,6,1,5,4,0.01,0,4,4,1,1,3,3,4,2224,2,6,0,0.333333333,0.333333333,0,4,4,0,0,0,0,0,0,1,6,0,0,4,5,2,1,2,1,2,1,1,1,1,1,1,1,3,4,2,2,2,2,2,2,2,0,3,3,4,2,0,0,0,0,0,0,1,1,0,0,3,3,1,3,2,2,4,1,4,3,1,4,1,7,0,0,403,0,1,0,0,0,0.222222222,0,0,2,2,1,0,1,0,1,1,2,3,2,1,2,0,1,0,2,2,2,0,68,11,6.25
40,4,5,7,1,3,0,4,5,3,4,4,2,6,5,4,0.6,0,4,4,2,1,3,3,3,1380,0,6,0,1,0.333333333,0,1,1,0,1,0,1,0,1,2,3,3,168,4,3,2,1,1,1,2,5,1,1,1,1,1,1,3,2,1,5,1,1,1,1,5,0,0,0,0,0,0,0,0,0,0,0,5,0,0,1,3,3,1,5,0,0,5,1,4,1,1,6,1,7,0,1,63,0,0,0,0,0,0,1,0,0,0,2,0,2,0,2,0,4,6,0,1,0,0,4,0,2,1,2,9.7,57.6,4,0
411,3,3,1,7,2,3,4,4,3,5,5,6,5,1,2,0.82,0,4,4,4,1,3,1,6,2183,2,6,0,0,0,0,2,1,3,1,0,2,0,3,2,2,1,160,2,1,0,0,0,1,1,5,1,1,1,1,1,1,3,1,1,6,0,0,0,0,0,0,0,0,0,0,0,0,0,0,0,0,5,0,0,0,3,3,1,5,0,0,1,1,4,1,1,6,1,7,0,1,366.6666667,0,1,0,0,0,0,2,1,0,0,2,0,2,0,2,0,1,5,0,3,0,0,4,0,2,0.333333333,2,3.9,94,5,5.57
412,3,5,6,2,2,1,4,3,2,5,6,6,6,2,2,0.17204,0,4,4,2,2,3,2,6,1801,0,6,0,0.333333333,1,0,2,2,0,2,0,2,0,1,3,2,2,224,4,2,4,1,1,1,1,5,1,1,1,1,1,3,3,1,1,6,0,0,0,0,0,0,0,0,0,0,0,0,0,0,0,0,5,0,0,1,3,3,1,5,0,0,5,1,4,1,1,6,1,7,0,1,178.6666667,0.333333333,0.333333333,0,0.333333333,0,0,2,1,0,0,1,0,2,0,2,1,1,5,0,3,1,3,4,0,2,1,2,4,84,4,0
413,1,4,6,6,0,3,4,5,3,5,1,6,6,1,2,0.29,0,4,4,2,1,2,3,6,1735,2,6,0,0.333333333,1,0,2,2,4,0,0,0,2,0,4,3,1,64,3,1,0,0,0,1,1,4,2,2,1,1,1,2,2,2,2,6,0,0,0,0,0,0,0,0,0,0,0,0,0,0,0,0,2,2,1,1,3,3,1,5,0,0,5,1,4,3,1,6,1,7,0,1,152,0.666666667,0.333333333,0,0.259259259,0.111111111,0,2,0,1,1,1,0,2,0,0,0,1,5,0,3,1,0,2,0,1,0,0,3,12,4,0
41,3,5,7,0,3,0,5,5,3,5,7,4,6,4,4,0.77,0,4,4,3,1,3,2,4,1337,2,6,0,1,0.333333333,0,2,2,3,1,0,1,0,1,1,4,2,192,4,4,2,1,2,1,1,5,1,2,3,1,2,1,3,4,2,2,1,2,2,2,5,1,5,5,5,1,1,0,0,1,1,0,1,2,4,0,3,3,1,5,0,0,5,1,4,1,1,5,1,4,0,1,101,0,0,0,0,0,0,1,0,2,2,1,1,1,2,0,0,1,2,0,1,0,0,4,0,2,2,2,6.7,98.3,0,4.45
423,3,5,7,1,3,0,4,4,3,5,4,6,5,5,4,0.47,0,4,4,3,1,3,2,4,1890,0,6,0,0.333333333,1,0,2,2,0,1,0,1,0,1,4,3,1,170,4,3,1,1,1,1,1,5,2,2,1,1,1,1,4,4,2,2,3,2,4,3,5,1,4,2,4,2,1,0,1,2,0,0,1,1,5,0,1,3,1,5,0,0,5,1,4,1,0,6,1,7,0,1,172,0,0.333333333,0,0.111111111,0.138888889,0,1,0,2,1,1,0,1,0,1,0,1,2,1,1,0,0,4,0,2,0,2,11.7,139.6,5,4.17
424,1,5,7,1,3,0,4,1,2,5,7,6,4,2,4,0.83,0,4,4,3,1,3,3,4,2043,0,5,0,0.333333333,0.666666667,0,4,2,0,2,1,2,2,2,3,2,3,224,1,2,2,1,2,1,3,5,1,2,1,1,1,2,4,3,3,2,4,2,2,2,3,0,0,0,0,0,0,0,0,0,0,0,2,2,5,1,3,3,1,5,0,0,5,1,4,1,0,6,1,7,0,1,228.3333333,0,1,0,0,0.111111111,0,1,0,1,0,0,0,1,0,1,1,0,0,2,3,0,3,4,0,0,2,2,7.3,16,3,4.41
425,1,5,6,6,2,2,4,5,3,5,4,5,5,3,4,0.111,0,4,4,1,1,3,2,4,1864,2,6,0,0,1,0,2,2,3,1,0,0,0,0,2,5,2,64,3,4,2,1,1,1,2,4,3,2,1,1,1,1,4,3,2,3,1,2,1,0,5,0,0,0,0,0,0,0,0,0,0,0,4,0,0,1,3,3,1,4,1,2,5,2,4,3,1,3,1,7,0,0,163,0,0.333333333,0.5,0,0.277777778,0,2,0,0,0,2,0,2,0,2,1,1,2,0,1,1,0,2,0,0,0,2,2,26,4,4.63
426,2,5,7,4,2,1,3,4,3,5,6,3,5,2,2,0.006,0,4,4,1,1,3,0,6,2146,2,6,0,0.333333333,0,0,4,1,0,0,0,0,0,1,5,2,1,192,4,4,4,1,1,1,1,5,1,1,1,1,1,3,3,1,2,5,1,1,1,1,5,0,0,0,0,0,0,0,0,0,0,0,5,0,0,1,3,3,1,5,0,0,5,1,4,1,1,6,1,7,0,1,403,0,1,0,0,0.111111111,0,1,0,0,0,2,0,2,0,2,0,4,6,0,3,1,0,4,0,2,0,2,5,80.53333333,5,0
427,1,1,3,7,2,1,4,5,3,5,7,4,5,1,4,0.378,1,4,4,4,1,3,3,6,2175,0,6,0,0.333333333,0,0,3,1,3,1,0,2,0,3,0,2,3,160,3,2,1,1,1,1,1,5,1,2,1,2,1,1,3,1,1,6,0,0,0,0,0,0,0,0,0,0,0,0,0,0,0,0,5,0,0,1,3,3,1,5,0,0,5,1,4,1,1,6,1,7,0,1,366.6666667,0,1,0,0,0,0,2,0,0,0,2,2,2,2,2,2,4,6,0,3,1,2,4,0,2,0.333333333,2,3.9,94.3,5,4.47
42,2,5,7,1,3,0,5,5,3,4,6,4,6,5,4,0.8,0,4,4,3,1,3,0,3,1363,0,6,0,0.666666667,0.333333333,0,2,1,3,1,0,2,0,2,2,3,3,192,2,3,1,1,1,0,1,5,1,2,1,1,1,1,3,2,1,4,5,2,1,1,5,0,0,0,0,0,0,0,0,0,0,0,4,0,0,1,3,3,1,5,0,0,5,1,4,1,0,6,1,7,0,0,112,0,0,0,0,0,0,2,0,0,0,2,0,2,0,2,0,4,7,0,1,0,0,2,0,2,0,2,2.7,45.6,5,3.77
430,1,1,6,6,3,1,4,4,3,5,6,6,4,1,4,0.9,0,4,1,1,1,3,1,6,2169,2,6,0,0,0,0,3,1,0,1,0,2,0,2,5,2,2,128,3,2,1,1,1,5,1,5,1,2,1,1,1,1,3,1,1,6,0,0,0,0,0,0,0,0,0,0,0,0,0,0,0,0,4,0,0,1,3,3,1,5,0,0,5,1,4,1,1,6,1,7,0,1,403,0,1,0,0,0,0.222222222,2,0,0,0,1,2,2,2,2,2,4,6,0,3,1,2,4,0,2,0.333333333,2,2.233333333,88,5,0
442,1,5,7,1,3,0,4,4,3,6,7,5,5,5,4,0.76,0,4,4,3,1,3,3,4,1973,0,6,0,0.333333333,1,0,2,1,3,0,0,1,0,2,4,2,3,128,4,2,2,1,1,1,1,5,1,1,1,1,1,1,3,3,1,4,4,1,1,1,5,0,1,0,0,0,0,0,0,0,0,0,5,0,0,1,3,3,1,5,0,0,5,1,4,1,1,6,1,7,0,1,210,0,1,0,0,0.25,0,2,0,0,0,2,0,2,0,2,0,4,6,0,3,1,0,4,0,2,1,2,17.7,109.3,5,3.7
443,1,5,7,1,3,0,4,5,3,6,7,5,3,4,4,0.36,0,4,4,3,1,3,3,4,2166,0,6,0,0.333333333,0,0,4,1,3,1,0,2,2,3,3,3,3,168,1,2,3,1,2,1,2,5,1,2,1,1,1,1,3,1,1,6,0,0,0,0,0,0,0,0,0,0,0,0,0,0,0,0,4,0,0,1,3,3,1,5,0,0,5,1,4,1,1,6,1,7,0,1,356.3333333,0,1,0,0,0,0,2,0,0,0,1,0,2,0,2,0,4,7,0,1,0,0,4,0,2,1,2,5.333333333,53.3,5,4.03
444,1,6,7,1,3,0,4,4,3,5,7,6,3,2,4,0.47,0,4,4,4,1,3,3,4,2079,0,6,0,0.333333333,0.666666667,0,4,1,3,1,0,1,0,2,2,3,3,192,4,3,2,1,2,1,1,5,1,1,1,1,1,1,3,2,1,5,1,1,1,1,5,0,0,0,0,0,0,0,0,0,0,0,5,0,0,1,3,3,1,5,0,0,5,1,4,1,1,6,1,7,0,1,214.3333333,0,1,0,0,0.111111111,0,2,0,0,0,2,0,2,0,2,0,4,6,0,1,1,0,4,0,2,1,2,5,34.66666667,5,0
446,1,4,5,6,3,0,3,1,2,5,7,6,3,5,4,0.3,0,0,2,3,2,3,3,4,2283,0,6,0,0.666666667,0,0,4,1,0,1,0,1,0,2,3,3,3,128,3,2,4,2,1,1,1,5,1,2,1,1,1,1,3,2,1,5,1,1,0,1,1,0,0,5,0,0,0,0,0,0,0,0,5,0,0,1,3,3,1,4,2,1,4,1,4,1,1,5,1,7,0,0,90,0,0.333333333,0,0,0,0.222222222,1,1,0,0,2,2,2,2,2,2,4,7,0,1,0,0,4,0,2,0,2,4.766666667,86.3,5,4.43
448,4,4,7,2,3,3,4,4,3,5,5,5,6,3,2,0.252,0,4,4,2,1,3,1,4,2147,2,6,0,0.333333333,0,0,4,4,0,0,0,0,2,0,1,5,2,64,4,4,1,3,1,1,2,1,2,1,1,1,2,3,4,2,4,2,4,2,2,2,4,1,5,3,5,1,1,0,0,2,1,0,1,2,3,0,3,3,2,5,0,0,5,1,4,1,1,6,1,7,0,0,162,0.666666667,1,0.333333333,0,0,0.222222222,0,0,2,2,0,1,1,2,0,1,2,4,2,1,1,0,1,0,0,3,2,0,32.7,4,0
449,3,5,6,3,3,2,4,2,2,5,3,4,6,1,2,0.25,0,4,4,2,1,2,3,3,2232,2,6,0,0.666666667,0,0,3,2,4,0,0,0,1,0,3,4,1,80,3,4,4,2,1,1,2,4,2,2,1,1,1,3,3,2,3,3,4,1,1,1,5,1,3,4,5,2,0,0,0,1,0,0,2,2,2,0,3,3,1,4,2,1,5,1,4,2,1,6,1,7,0,1,356.3333333,0,1,0,0,0,0.222222222,1,1,1,1,0,0,2,0,0,1,1,2,0,3,0,0,2,0,2,2,2,4.766666667,58,4,0
451,4,5,7,2,2,1,4,4,3,5,6,4,5,2,2,0.279,0,4,4,1,1,3,2,2,2073,0,6,0,0.333333333,0.666666667,0,4,4,3,0,0,0,2,0,0,5,0,64,4,4,1,3,1,1,2,1,2,1,1,1,1,3,2,2,4,2,4,2,3,3,4,1,4,2,4,3,1,0,1,3,1,0,1,1,3,0,1,3,2,4,2,2,5,6,4,1,0,6,1,7,0,2,203,0.333333333,1,0.666666667,0,0.138888889,0,0,0,2,2,0,1,1,2,1,1,2,4,2,1,0,0,1,0,1,3,2,0,0,9,0
452,4,5,6,4,2,2,3,4,3,4,6,0,6,2,2,0.016,0,4,4,1,3,2,2,2,2062,2,6,0,0,0.666666667,0,4,4,0,0,0,0,2,0,2,5,1,64,3,4,3,4,1,2,3,1,2,1,5,1,1,3,3,2,4,1,4,1,2,2,3,1,3,3,4,1,0,0,0,2,1,0,1,2,3,0,1,3,2,5,0,0,5,1,4,3,1,6,1,7,0,2,214.3333333,0,1,0.333333333,0,0,0,0,1,2,2,0,1,1,2,0,1,2,3,2,1,1,0,1,0,2,3,2,0,118,4,0
456,4,5,6,4,3,0,3,2,2,5,1,2,2,4,1,0.03,0,4,4,2,1,3,2,4,2082,2,6,3,1,0.666666667,0,4,4,3,0,0,0,0,0,1,1,2,0,2,3,1,2,1,1,1,1,2,1,1,1,1,1,2,2,4,4,2,2,2,2,5,1,4,3,3,2,1,0,0,1,1,0,1,2,0,0,1,3,1,5,0,0,5,1,4,1,2,5,1,7,0,2,203,1,1,0.666666667,0,0.138888889,0.222222222,0,2,2,2,0,1,1,2,0,1,2,4,1.666666667,0.333333333,0.333333333,0,1,0,1,0,2,0,1.3,7.333333333,0
457,4,5,6,4,3,1,4,2,1,5,4,3,5,5,1,0.00085,0,4,4,1,2,3,2,4,1970,2,6,0,0.333333333,0.666666667,0,4,4,3,0,3,0,0,0,2,4,0,20,4,4,1,2,1,1,1,1,1,2,4,1,2,3,2,3,4,3,2,3,3,3,1,0,0,0,0,0,0,0,0,0,1,0,1,1,2,0,1,3,3,5,0,0,3,6,4,2,0,6,1,7,0,2,188,0,1,0,0,0.138888889,0,0,2,2,2,0,1,1,2,1,2,2,4,2,1,0,2,1,0,1,3,2,0,8.3,4,0
458,4,5,6,4,3,1,3,4,3,5,4,5,5,3,2,0.086,0,4,4,1,1,3,2,2,2207,0,6,0,0.666666667,0,0,2,3,3,6,0,0,0,1,1,0,0,40,3,1,0,0,0,1,1,4,1,1,4,1,1,3,2,2,3,5,5,1,2,2,3,0,0,0,0,0,0,0,0,0,1,0,1,1,4,0,3,3,2,5,0,0,5,1,4,1,1,6,1,7,0,1,162,0.333333333,1,0.5,0,0,0.222222222,0,0,2,2,0,1,1,2,0,1,3,0,0,2,2,1,2,0,1,2,2,7.7,23.3,4,0
459,4,5,6,4,1,1,3,4,3,4,3,4,5,2,1,0.75,0,4,4,1,3,1,2,4,2202,0,6,0,0.333333333,0,0,4,3,2,5,0,2,0,2,0,0,0,224,3,1,0,0,0,1,3,4,3,1,3,1,1,3,3,2,3,4,5,2,2,2,5,0,0,0,0,0,0,0,0,0,0,0,2,1,5,0,3,3,2,5,0,0,4,2,4,1,0,6,1,7,0,0,319.3333333,0,0.666666667,0.5,0,0.111111111,0,1,2,1,1,0,0,1,1,0,1,3,1,2,2,1,1,2,0,2,2,2,6,52.3,4,0
45,4,5,7,1,3,0,4,5,3,5,6,3,3,4,4,0.4,0,4,4,2,1,3,3,4,1496,2,6,0,0,0.333333333,0,2,2,3,1,0,1,0,1,2,5,1,64,4,4,1,1,1,1,2,4,2,2,1,1,1,2,3,2,4,1,3,2,2,3,5,1,4,4,5,2,1,0,0,2,1,0,1,1,3,0,1,3,1,5,0,0,5,1,4,1,1,6,1,7,0,1,116.3333333,0,0.666666667,0,0,0,0,0,0,2,1,1,1,2,2,1,1,1,2,2,1,1,0,2,0,2,3,2,8.3,61.7,1,4.68
462,2,5,5,4,3,2,4,0,3,5,3,5,6,4,2,0.1,0,4,4,2,1,1,3,4,2065,1,6,0,0.333333333,0.666666667,0,3,3,0,3,0,0,1,0,4,0,1,232,4,1,0,0,0,5,2,3,3,2,4,3,1,2,1,2,2,4,4,1,3,2,1,0,0,0,0,0,0,0,0,0,1,0,1,2,4,0,2,3,3,4,2,3,3,1,4,1,1,6,1,7,0,0,167,0,1,0,0,0,0,0,1,2,2,0,1,1,2,0,2,0,0,2,3,1,2,3,0,1,0,2,0,14,9,0
463,3,4,5,4,0,0,3,3,3,4,3,4,3,5,4,0.2,0,4,4,2,1,3,3,6,2082,0,6,2,0,0.666666667,0,4,1,0,2,0,2,2,0,3,1,2,160,1,1,0,0,0,1,1,5,1,2,1,1,1,3,3,1,1,6,0,0,0,0,0,0,0,0,0,0,0,0,0,0,0,0,5,0,0,1,3,3,1,4,1,3,5,1,4,1,1,6,1,7,0,0,115.6666667,0,1,0.5,0,0.111111111,0,2,0,0,0,2,0,2,0,2,1,3,1,0.666666667,1.666666667,1,2,4,0,2,1,2,9.3,128.2,4.666666667,0
465,1,4,6,4,3,1,3,4,3,4,7,4,3,2,1,0.634,0,4,4,1,2,3,3,6,2032,0,6,0,0.333333333,0.666666667,0,4,3,0,3,0,4,0,0,2,0,1,224,3,1,0,0,0,1,1,5,3,2,1,1,1,3,3,1,1,6,0,0,0,0,0,0,0,0,0,0,0,0,0,0,0,0,5,0,0,1,3,3,2,5,0,0,5,6,4,1,1,6,1,7,0,0,167,0,1,0,0,0.111111111,0,1,2,0,0,1,0,2,0,2,0,3,1,0,2,2,2,4,0,2,1,2,6,51.7,4,0
468,1,5,6,2,3,1,4,2,1,3,4,6,6,2,2,0.0356,0,4,4,2,2,3,3,6,2180,0,6,0,0.333333333,0,0,4,2,3,0,0,3,0,1,4,0,3,224,1,1,0,0,0,1,2,4,0,1,1,1,2,3,3,1,2,5,5,1,1,1,5,0,0,0,0,0,0,0,0,0,0,0,2,1,4,0,3,3,2,4,1,2,5,6,4,1,1,4,2,7,0,1,309,0,0.666666667,0.666666667,0,0.111111111,0,1,1,1,1,0,0,2,0,0,2,1,2,0,3,1,2,2,0,2,0,2,5,80.7,4,0
472,4,5,7,1,2,1,4,3,3,3,4,2,2,1,1,0.166,0,4,4,1,2,3,3,6,2111,2,6,0,0.333333333,0.666666667,0,4,2,0,0,0,3,0,0,4,2,1,224,1,2,1,1,1,1,1,5,1,1,1,1,1,3,3,1,1,6,0,0,0,0,0,0,0,0,0,0,0,0,0,0,0,0,5,0,0,1,3,3,2,5,0,0,5,6,4,2,1,6,1,7,0,0,349,0,1,0,0,0.111111111,0,1,2,0,0,0,0,2,0,2,0,1,5,0,3,2,0,4,0,2,1,2,7.7,60.6,4,0
473,1,5,7,2,2,1,4,4,3,5,7,5,5,1,3,0.308,0,4,4,2,1,3,1,4,2079,2,0,0,0.333333333,0.666666667,0,4,2,0,2,0,4,0,2,3,1,2,224,3,1,0,0,0,1,1,4,3,2,1,1,1,3,3,2,3,4,5,1,2,3,4,0,0,0,0,0,0,0,0,0,1,0,1,1,4,0,3,3,2,5,0,0,5,6,4,1,0,6,1,7,0,0,115.6666667,0,1,0.666666667,0,0.111111111,0,0,0,2,2,0,1,1,2,0,1,1,5,2,2,1,2,2,0,2,2,2,8.3,74,4,0
477,3,5,7,4,2,1,4,2,3,5,5,5,5,2,4,0.44,0,4,4,1,2,3,3,6,1943,0,6,0,0.666666667,1,0,2,2,0,0,0,2,0,1,4,3,2,192,4,3,2,1,1,1,1,5,1,1,1,1,1,3,3,1,1,6,0,0,0,0,0,0,0,0,0,0,0,0,0,0,0,0,4,0,0,1,3,3,2,4,2,2,5,6,4,2,1,6,1,7,0,0,120.3333333,0,0.666666667,0,0,0.111111111,0,1,1,0,0,0,0,2,0,2,0,1,2,0,3,2,0,4,0,2,1,2,5.7,92,4,0
478,1,5,7,2,2,1,4,2,3,5,7,4,5,2,1,0.2115,0,4,4,1,3,3,2,1,1888,2,6,0,0,1,0,4,2,0,1,0,3,0,2,4,1,1,192,1,1,0,0,0,1,1,5,1,1,1,1,1,3,3,1,1,6,0,0,0,0,0,0,0,0,0,0,0,0,0,0,0,0,4,0,0,1,3,3,2,5,0,0,5,6,4,1,0,6,1,4,0,1,132,0,0.333333333,0,0.111111111,0.111111111,0,1,2,0,0,1,0,2,0,2,0,1,5,0,3,2,0,4,0,2,1,2,7.3,61.4,4,0
479,1,5,6,1,3,1,4,4,3,5,7,4,5,1,2,0.127,0,4,4,3,1,3,3,6,2232,0,6,0,0.333333333,0,0,4,2,0,1,0,4,0,0,3,0,2,224,1,1,0,0,0,1,2,4,1,1,1,1,2,3,3,1,3,4,5,1,2,2,5,0,0,0,0,0,0,0,0,0,0,0,2,2,5,0,3,3,2,5,0,0,5,6,4,1,1,1,1,7,0,1,319.3333333,0,0.333333333,0,0,0.111111111,0,1,0,1,1,0,0,1,0,0,0,1,5,0,2,1,3,2,0,2,2,2,5.7,54.6,4,0
480,1,5,6,1,3,1,4,4,3,5,6,4,5,1,2,0.106,0,4,4,3,1,3,3,6,2232,0,6,0,0.333333333,0,0,4,2,3,0,0,3,2,0,3,1,2,224,1,1,0,0,0,1,3,3,1,1,1,1,3,3,3,1,4,2,4,2,2,2,4,0,0,0,0,0,0,0,0,0,0,0,2,2,5,0,3,3,2,5,0,0,5,6,4,1,1,1,1,7,0,1,319.3333333,0,1,0,0,0.111111111,0,1,0,1,1,0,0,1,0,0,0,1,2,2,3,0,0,3,0,2,3,2,2.3,60,4,0
481,1,2,6,2,0,3,4,4,3,5,1,5,6,2,2,0.49,0,4,4,2,1,3,3,6,2217,2,6,0,0.333333333,0,0,3,1,3,2,0,2,0,3,4,0,2,232,3,1,0,0,0,1,1,4,2,2,1,1,1,1,3,1,1,6,0,0,0,0,0,0,0,0,0,0,0,0,0,0,0,0,4,0,0,1,3,3,1,5,0,0,4,1,4,1,1,6,1,7,0,0,316.6666667,0,0.666666667,0,0,0.111111111,0,2,0,0,0,1,0,2,0,2,0,4,7,0,3,1,3,2,0,2,1,2,6.666666667,250,5,0
482,4,5,5,7,3,2,2,3,3,5,4,4,4,1,1,0.865,0,4,4,2,3,3,3,6,2099,0,6,0,0.666666667,0.333333333,0,3,1,3,4,0,2,0,2,3,1,2,225,2,1,0,0,0,1,1,4,1,1,1,1,1,3,3,1,1,6,0,0,0,0,0,0,0,0,0,0,0,0,0,0,0,0,5,0,0,1,3,3,1,5,0,0,5,6,4,1,1,6,1,7,0,1,126.6666667,0,1,0,0,0.111111111,0,2,2,0,0,2,0,2,0,2,0,4,7,0,2,1,1,2,0,2,0,2,7.7,250,5,0
485,4,5,7,4,1,1,4,3,3,5,6,5,4,1,1,0.29,0,4,4,2,3,3,0,6,1987,2,6,0,0.666666667,0.666666667,0,1,1,0,1,0,4,0,3,3,1,2,160,1,1,0,0,0,1,1,5,1,1,1,1,1,3,3,1,2,6,0,0,0,0,0,0,0,0,0,0,0,0,0,0,0,0,5,0,0,1,3,3,1,4,2,2,5,6,4,1,0,6,1,7,0,0,117,0,0.666666667,0,0,0.25,0,2,2,0,0,2,0,2,0,2,0,4,7,0,2,2,0,4,0,2,0,2,5.3,88,4,0
497,4,5,7,1,3,2,4,2,2,5,3,4,5,2,2,0.5,0,4,4,2,2,3,2,2,2221,0,0,0,0.666666667,0,0,4,2,3,2,2,0,4,0,2,1,1,112,3,2,1,2,1,1,5,4,1,1,2,1,2,3,4,3,4,2,5,1,1,2,3,0,0,0,0,0,0,0,0,0,0,0,1,2,5,0,3,3,2,4,2,2,5,6,4,1,0,6,1,7,0,0,79,0.333333333,0.666666667,0.5,0,0,0.222222222,0,1,2,2,0,0,1,0,0,1,0,0,2,0,1,3,2,0,0,3,2,6.3,25.4,4,0
4,4,4,7,1,3,0,5,5,3,2,4,5,6,5,4,0.66,1,4,4,2,1,3,3,5,1357,0,6,0,0.666666667,0.333333333,0,2,3,4,0,0,1,1,1,3,3,1,232,3,3,2,1,2,1,2,2,3,2,2,1,1,2,4,4,2,2,3,2,2,1,1,0,0,0,0,0,0,0,0,0,0,0,1,2,4,0,1,3,2,5,0,0,5,1,4,1,1,6,1,7,0,2,29,0,0,0,0,0,0,0,0,2,1,0,2,1,2,1,2,0,0,0,0,0,0,0,0,0,0,0,1.3,28,0,6.19
500,3,4,6,4,3,2,3,3,2,4,6,4,3,5,4,0.412,0,4,4,1,3,2,1,4,2062,0,6,0,0.333333333,0.666666667,0,4,3,0,0,0,0,5,0,0,3,0,64,3,4,1,2,1,1,5,1,1,0,4,2,3,3,2,3,3,4,4,2,3,2,1,0,0,0,0,0,0,0,0,0,0,0,1,1,4,0,1,3,2,4,1,4,2,6,4,3,0,6,1,7,0,2,152.6666667,0.666666667,1,0.5,0,0.138888889,0.222222222,0,2,2,2,0,0,1,1,1,1,0,0,2,0,0,0,1,0,1,2,2,0,9.7,4,0
501,2,4,4,6,2,1,4,1,3,5,6,4,6,2,2,0.08,0,4,4,1,3,1,2,4,2062,2,6,0,0.333333333,0.666666667,0,4,3,0,0,1,0,4,0,2,1,1,80,3,1,0,0,0,1,5,1,1,1,3,1,1,2,1,3,2,4,5,3,2,2,1,0,0,0,0,0,0,0,0,0,1,0,1,2,4,0,3,3,2,4,1,2,5,1,4,1,1,5,2,7,0,0,206.6666667,0.666666667,1,0.333333333,0,0.138888889,0,0,2,2,2,0,1,1,2,0,2,0,0,1,0,1,0,1,0,1,0,2,0,9,9,0
505,4,5,7,1,1,1,4,4,3,4,4,4,3,4,1,0.005,0,4,4,1,1,3,3,4,2109,2,6,0,0.666666667,0.666666667,0,4,3,4,0,1,0,4,0,2,3,1,80,3,3,1,2,1,1,5,2,2,2,4,1,2,3,2,3,4,2,5,2,2,3,1,0,0,0,0,0,0,0,0,0,1,0,1,2,5,0,1,3,2,5,0,0,4,6,4,1,0,6,1,7,0,2,345.3333333,0.666666667,1,0,0,0.138888889,0.222222222,0,2,2,2,0,1,1,2,1,1,0,0,2,0,0,0,0,0,1,3,2,1.7,13,4,0
507,3,4,7,2,3,1,4,1,3,4,1,4,4,5,1,0.279,0,4,4,1,2,2,2,4,1947,2,6,0,0,0.666666667,0,4,3,0,0,2,0,5,0,0,0,0,80,3,1,0,0,0,1,5,1,1,2,4,2,1,3,2,3,3,3,5,3,2,2,1,0,0,0,0,0,0,0,0,0,1,0,1,1,5,0,3,3,2,4,2,3,3,6,4,1,0,6,1,7,0,0,66.33333333,0,0.333333333,0,0,0.138888889,0,0,2,1,2,0,1,1,2,1,2,0,0,2,0,0,3,1,0,1,2,2,0,0,9,0
508,1,1,3,7,1,1,4,1,1,3,4,6,4,1,4,0.36,0,4,4,2,2,3,2,6,2228,2,6,0,0.666666667,0,0,3,2,0,5,1,0,0,0,0,2,2,184,3,1,0,0,0,1,1,5,1,1,1,1,1,1,3,1,1,6,0,0,0,0,0,0,0,0,0,0,0,0,0,0,0,0,2,2,5,0,3,3,1,4,1,2,5,1,4,1,1,6,1,7,0,0,78.33333333,0,0.333333333,0,0,0,0.222222222,2,1,1,2,1,0,2,0,0,2,3,1,0,2,1,1,4,0,2,0,2,4.566666667,71,4,5.49
509,3,4,0,7,2,3,4,4,3,5,4,6,4,1,4,0.25,0,4,4,2,1,3,3,6,2038,2,6,0,0.333333333,0.666666667,0,3,3,0,0,0,0,1,0,5,2,1,64,3,2,1,1,1,1,5,4,1,1,1,1,1,2,2,2,1,5,5,1,1,1,5,1,1,0,0,0,0,0,0,0,0,0,3,2,2,0,3,3,1,5,0,0,5,1,4,1,1,6,1,7,0,1,65,0.333333333,0.666666667,0,0,0.138888889,0,1,0,1,1,0,0,2,0,0,0,0,0,1,0,1,0,2,0,1,0.666666667,2,0,0,4,5.43
510,4,4,4,7,2,3,4,2,2,5,3,6,4,1,3,0.37,0,4,4,3,2,2,1,4,2122,2,6,0,0.666666667,0.666666667,0,3,3,4,2,1,1,5,0,2,2,1,88,3,3,2,2,1,0,1,1,2,2,2,1,2,2,2,2,2,5,4,3,2,2,1,0,0,0,0,0,0,0,0,0,1,0,1,2,4,0,1,3,1,5,0,0,5,1,4,1,1,6,1,7,0,2,345.3333333,0.666666667,1,0.5,0,0,0.222222222,0,1,2,2,1,1,1,2,0,1,0,1,1,0,0,2,1,0,1,0,2,0.566666667,22.3,9,6.67
511,1,4,6,7,2,1,3,4,3,4,3,6,6,4,2,0.26,0,4,4,1,1,1,2,3,1767,2,6,0,0,1,0,3,3,0,4,0,2,2,1,2,2,2,248,3,2,2,1,2,1,1,3,3,2,4,1,1,1,1,1,2,5,5,2,1,1,1,0,0,5,0,0,0,0,0,0,1,0,1,2,4,0,3,3,2,5,0,0,5,1,4,1,1,6,1,7,0,1,127,0,0.333333333,0,0.111111111,0.111111111,0,0,1,2,2,0,1,1,2,0,2,3,0,0,2,1,1,3,0,1,0,2,5.333333333,0,1,0
512,1,5,6,4,1,0,4,5,3,5,7,4,6,2,2,0.3,0,4,4,1,1,3,2,4,2026,2,6,0,0.333333333,0.666666667,0,2,3,0,2,2,1,3,0,3,1,2,125,4,2,2,1,2,1,4,3,3,2,4,1,1,1,2,2,2,5,5,1,1,1,4,0,0,0,0,0,0,0,0,0,0,0,2,2,4,0,3,3,1,5,0,0,5,1,4,1,1,6,1,7,0,1,120.3333333,0,1,0,0,0.25,0,1,0,1,2,0,0,1,0,0,0,0,0,1,0,0,3,3,0,0,0,2,0,27,4,0
513,3,4,7,2,3,1,5,4,3,5,4,3,3,5,2,0.6162,0,4,4,2,2,3,3,6,2029,2,6,0,0.666666667,0.666666667,0,4,1,0,1,0,3,1,1,3,2,2,224,1,2,3,1,1,1,1,5,1,1,1,1,1,3,3,1,2,4,5,1,1,1,2,0,0,0,0,0,0,0,0,0,0,0,5,0,0,1,3,3,2,5,0,0,4,1,4,1,1,6,1,7,0,0,120.3333333,0,1,0,0,0.333333333,0,1,1,0,0,2,0,2,0,2,0,4,7,0,2,0,1,4,0,2,0,2,6,61,5,0
514,1,5,6,2,1,0,5,2,2,5,7,5,1,1,2,0.005,0,4,4,1,2,3,2,6,2169,1,6,0,0.666666667,0.666666667,0,2,4,0,0,0,0,0,0,0,6,0,0,3,5,1,4,1,5,1,1,1,1,1,1,1,3,3,4,4,1,5,3,2,2,2,1,3,4,5,2,0,0,0,1,0,0,1,2,3,0,3,3,2,5,0,0,5,1,4,2,1,6,1,5,0,0,115.3333333,0.666666667,1,0,0,0,0.666666667,0,0,2,2,1,0,1,0,1,1,2,3,2,1,2,0,1,1,2,3,2,0,48,9,0
515,1,5,6,4,1,3,4,2,2,5,7,5,6,3,1,0.01,0,4,4,1,2,3,2,4,1987,2,6,0,0.333333333,0.666666667,0,3,3,0,0,3,0,3,0,1,2,3,80,3,4,2,1,1,1,4,1,1,2,3,1,1,3,1,4,2,5,5,3,2,2,2,0,0,0,0,0,0,0,0,0,0,0,1,2,4,0,3,3,2,5,0,0,4,1,4,1,1,6,1,7,0,1,66.33333333,0,0.333333333,0,0,0.416666667,0,1,2,2,2,0,0,1,0,0,1,0,0,0,0,0,2,1,0,1,0,2,0,7,9,0
516,4,5,5,2,3,2,4,2,3,6,1,6,6,1,4,0.0129,0,4,4,2,1,3,3,6,2080,2,6,0,0.666666667,0.666666667,0,3,3,0,0,4,0,2,0,2,1,3,84,3,1,0,0,0,1,1,1,2,1,4,1,1,3,5,4,1,6,0,0,0,0,0,0,0,0,0,0,0,0,0,0,0,0,5,0,0,1,1,3,1,5,0,0,5,1,4,1,1,5,1,3,0,2,203,0.666666667,1,0,0,0.138888889,0.222222222,2,0,0,0,1,0,2,0,2,0,3,0,1,2,1,1,1,0,1,0,2,0,9,9,0
517,1,5,7,1,2,1,4,5,3,4,7,6,6,1,2,0.16,0,4,4,2,1,3,2,6,1968,0,6,0,0.666666667,1,0,2,3,0,4,0,2,0,0,3,1,1,224,1,1,0,0,0,1,1,4,1,1,2,1,2,3,3,2,3,4,5,1,2,2,1,0,0,0,0,0,0,0,0,0,0,0,2,2,5,1,3,3,2,5,0,0,5,1,4,1,1,6,1,7,0,1,120.3333333,0,1,0.333333333,0,0.111111111,0,1,0,1,1,0,0,2,0,0,0,3,1,2,2,1,1,2,0,2,2,2,7.3,46.4,4,0
518,4,5,7,2,3,1,5,4,3,5,3,4,6,4,3,0.52,0,4,4,1,1,3,1,5,1846,2,6,0,0.666666667,1,0,2,2,4,1,0,2,0,0,4,3,3,192,4,3,2,2,1,1,3,4,2,1,2,1,1,3,3,2,3,4,2,1,3,3,3,1,5,4,5,3,1,0,0,3,1,0,1,2,2,0,3,3,2,5,0,0,4,6,4,1,1,6,1,7,0,0,120.3333333,0,0.333333333,0,0.111111111,0.111111111,0,0,0,2,2,0,1,2,2,0,1,1,2,2,3,1,0,2,0,2,2,2,4.7,134.3,4,0
519,2,5,7,2,3,1,4,4,3,5,7,3,6,3,4,0.038,0,4,4,2,2,2,3,5,1670,0,6,0,0.666666667,1,0,2,4,0,0,0,0,0,0,4,4,1,64,4,4,1,3,1,1,1,1,1,1,1,1,1,3,3,3,4,2,4,2,1,3,4,1,4,3,5,1,1,0,0,3,1,0,1,1,2,0,3,3,2,5,0,0,4,6,4,3,0,6,1,7,0,0,150.3333333,0,0.333333333,0.666666667,0.111111111,0,0,0,1,2,1,1,1,1,2,1,1,2,3,2,3,0,0,1,0,2,3,2,0,96.7,4,0
520,4,5,7,1,0,0,4,4,3,5,3,6,6,3,4,0.72,0,4,4,2,1,3,3,4,1329,2,6,0,1,1,0,1,3,1,1,0,1,0,1,0,0,2,170,4,1,0,0,0,1,1,4,3,2,3,2,1,2,3,2,2,5,5,1,1,1,5,0,0,0,0,0,0,0,0,0,0,0,4,0,0,1,3,3,1,5,0,0,5,1,4,1,0,6,1,7,0,1,104,0,0,0,0,0,0,1,0,0,0,2,0,2,0,2,0,3,1,0,2,2,1,2,0,2,0,2,2,46.3,5,6.57
521,4,5,7,1,0,0,4,4,3,5,3,6,6,1,4,0.72,0,4,4,2,1,3,3,4,1329,0,6,0,1,1,0,1,1,3,2,0,2,0,2,3,1,1,160,1,1,0,0,0,1,1,5,1,2,1,1,1,2,3,2,1,5,5,1,1,1,5,0,0,0,0,0,0,0,0,0,0,0,4,0,0,1,3,3,1,5,0,0,5,1,4,1,1,6,1,7,0,1,81.33333333,0,0,0,0,0,0,1,0,0,0,2,0,2,0,2,0,4,7,0,2,0,3,4,0,2,1,2,7.7,171.3,5,0
522,4,4,6,6,0,0,3,3,3,6,6,6,6,4,4,0.41,0,4,4,3,1,2,3,4,1342,0,6,0,1,1,0,4,3,1,5,0,1,0,1,1,0,1,168,3,1,0,0,0,1,1,5,3,2,1,2,1,2,4,1,1,5,5,1,1,1,5,0,0,0,0,0,0,0,0,0,0,0,4,0,0,1,3,3,1,5,0,0,5,1,4,1,1,6,1,7,0,0,75,0,0,0,0,0,0,1,0,0,0,2,0,2,0,2,0,3,0,0,2,2,1,4,0,0,0,2,6.3,26.4,3,4.01
523,4,4,6,6,0,0,3,3,3,6,6,6,6,4,4,0.41,0,4,4,3,1,2,3,4,1342,0,6,0,1,1,0,4,1,3,3,0,3,0,3,2,1,3,160,1,1,0,0,0,1,1,5,1,1,1,1,1,1,3,1,1,5,1,1,1,1,5,0,0,0,0,0,0,0,0,0,0,0,5,0,0,1,3,3,1,5,0,0,5,1,4,1,1,6,1,7,0,1,86.33333333,0,0,0,0,0,0,1,0,0,0,2,0,2,0,2,0,4,7,0,2,0,2,4,0,2,1,2,6.3,90.7,5,0
524,3,5,7,1,3,0,4,5,3,5,7,4,6,5,4,0.07,0,4,4,2,1,3,1,4,1426,0,6,0,1,1,0,1,4,0,1,0,0,1,0,3,3,1,40,4,3,1,2,1,1,1,2,2,2,4,1,2,2,3,4,3,1,2,3,2,2,4,1,4,5,5,2,1,0,1,3,1,0,1,1,3,0,1,3,1,5,0,0,5,1,4,1,1,6,1,7,0,1,80,0,0,0,0,0,0,1,0,2,1,1,1,1,2,1,1,2,3,2,1,0,0,0,0,2,2,2,0,144,10,6.43
525,3,6,7,1,3,0,4,5,3,5,6,4,6,5,4,0.76,0,4,4,3,1,3,3,4,1363,0,6,0,1,1,0,1,1,3,0,0,1,0,3,3,2,2,160,4,2,1,1,1,1,1,5,1,1,1,1,1,1,3,2,2,5,2,1,5,2,5,1,5,5,5,3,1,0,0,2,0,0,5,0,0,1,3,3,1,5,0,0,5,1,4,1,0,6,1,7,0,1,65,0,0,0,0.111111111,0,0,2,0,0,0,2,0,2,0,2,0,4,6,0,3,0,0,4,0,2,0,2,7,257,5,3.66
526,4,5,7,1,0,0,4,3,2,6,3,2,3,5,4,0.24,0,4,4,1,1,3,3,2,1907,2,6,0,0.333333333,1,0,3,3,0,1,1,0,4,0,2,1,1,124,3,1,0,0,0,1,5,2,1,2,2,1,1,2,2,4,3,1,5,2,2,2,1,0,0,0,0,0,0,0,0,0,0,0,1,2,4,0,2,3,2,5,0,0,5,1,4,1,0,6,1,7,0,0,90,0,0,0,0,0.25,0,0,0,2,2,0,0,0,0,1,1,0,0,0,0,1,3,0,0,1,2,2,0,2.3,10,6.39
527,4,5,7,1,3,0,4,4,3,6,3,5,3,3,4,0.24,0,4,4,3,1,3,3,4,1907,0,6,0,0.333333333,1,0,3,2,1,2,0,3,0,2,2,3,1,160,1,3,2,1,1,1,1,5,2,2,1,1,1,1,3,3,2,3,5,1,1,2,5,0,0,0,0,0,0,0,0,0,0,0,4,0,0,1,3,3,1,5,0,0,5,2,4,1,1,6,1,7,0,1,61,0,0,0,0,0.25,0,2,0,0,0,2,0,2,0,2,0,1,2,0,2,0,3,4,0,2,0,2,10.7,46,5,4.1
528,1,5,7,1,0,0,4,5,3,5,7,4,6,5,4,0.56,0,4,4,2,1,3,2,4,1479,2,6,0,1,1,0,2,3,0,5,2,2,2,1,1,0,2,62,4,1,0,0,0,1,2,4,3,2,2,2,1,3,3,2,2,5,5,1,1,1,4,0,0,0,0,0,0,0,0,0,0,0,2,2,5,1,3,2,1,5,0,0,5,1,4,1,0,6,1,7,0,1,190,0,0,0,0.111111111,0,0,1,0,2,1,0,0,1,0,0,0,3,1,0,2,1,1,2,0,2,0,2,0.7,73.3,4,6.51
529,3,5,7,1,3,0,4,5,3,5,7,4,6,5,4,0.08,0,4,4,2,1,3,2,4,1523,0,6,0,1,1,0,2,2,0,1,0,0,0,0,3,4,1,40,4,4,1,2,1,1,2,3,2,2,1,2,1,1,3,3,4,2,3,2,2,2,5,1,4,3,3,2,1,0,1,2,0,0,1,1,5,0,1,2,1,5,0,0,5,1,4,1,0,5,1,4,0,1,98,0,0,0,0.111111111,0,0,0,0,2,2,1,0,1,0,1,0,1,5,1,1,0,0,3,0,2,4,2,0,47,2,5.89
530,4,5,7,1,3,0,4,5,3,5,3,0,3,5,4,0.62,0,4,4,1,1,3,3,4,1523,0,6,0,1,1,0,2,3,4,1,0,1,1,0,4,2,3,192,1,2,2,1,1,1,3,1,2,1,2,2,1,2,4,4,3,1,3,2,2,2,2,1,3,3,5,2,1,0,0,2,1,0,1,1,4,0,1,3,1,5,0,0,5,1,4,1,1,6,1,7,0,1,121,0,1,0,0.111111111,0,0,0,0,2,1,1,1,1,2,2,1,0,0,2,3,1,0,0,0,0,2,2,0,24,2,0
531,5,5,7,2,3,0,4,2,2,5,4,2,5,4,4,0.53,0,4,4,2,1,3,3,5,1909,2,6,0,0.333333333,1,0,4,4,3,0,0,1,1,1,1,5,1,64,4,4,2,2,1,1,2,1,2,1,1,1,1,2,5,2,4,1,4,2,2,2,3,1,3,4,5,2,1,0,0,2,1,0,1,2,3,0,2,3,1,5,0,0,5,1,4,1,0,6,1,7,0,0,48,0,0,0,0,0.138888889,0,0,0,2,2,1,1,0,2,1,1,2,4,2,1,0,0,0,0,1,4,2,5.7,7,10,4.24
532,1,5,7,1,0,0,3,4,3,6,7,6,3,4,4,0.6,0,4,4,3,1,3,3,4,2195,0,6,0,0.333333333,0.666666667,0,4,3,1,4,1,2,2,1,2,0,2,168,4,1,0,0,0,1,1,4,3,2,1,1,1,1,3,2,1,5,5,1,1,1,5,0,0,0,0,0,0,0,0,0,0,0,5,0,0,0,3,3,1,5,0,0,5,1,4,1,0,6,1,0,0,0,79,0.333333333,0.666666667,0,0,0,0.222222222,2,0,0,0,2,0,2,0,2,0,3,1,2,1,0,0,0,0,1,4,2,5.7,42.3,10,0
533,1,5,7,1,0,0,3,4,3,6,7,6,3,4,4,0.6,0,4,4,3,1,3,3,4,2195,0,6,0,0.333333333,0.666666667,0,4,1,3,1,0,2,0,2,2,2,2,160,3,2,2,1,1,1,1,5,1,1,1,1,1,1,3,0,1,6,0,0,0,0,0,0,0,0,0,0,0,0,0,0,0,0,5,0,0,1,3,3,1,5,0,0,5,1,4,1,1,6,1,7,0,0,79,0.333333333,0.666666667,0,0,0,0.222222222,2,0,0,0,1,0,2,0,2,0,4,7,0,3,0,0,4,0,2,1,2,10,34,5,0
535,1,5,7,1,0,0,3,5,3,5,7,6,4,5,4,0.39,0,4,4,3,1,2,3,4,2009,0,6,0,1,0.666666667,0,1,1,0,0,0,3,0,1,4,0,3,128,1,1,0,0,0,1,1,3,3,2,3,1,1,1,3,2,2,5,5,1,1,1,5,0,0,0,0,0,0,0,0,0,0,0,4,0,0,1,3,3,1,5,0,0,5,1,4,1,1,6,1,7,0,0,80,0,1,0,0,0.111111111,0,2,0,0,0,2,0,2,0,2,0,4,7,0,3,0,0,3,0,2,0,2,0,198,5,3.45
536,3,5,7,1,3,0,4,5,3,5,3,5,4,4,4,0.35,0,4,4,2,1,3,1,4,2166,0,6,0,0.333333333,0.666666667,0,4,3,0,0,1,1,2,1,4,2,1,80,3,2,3,1,2,1,3,2,1,2,2,2,1,2,2,4,2,2,3,2,2,2,3,1,4,4,5,2,1,0,0,2,1,0,2,1,5,0,1,3,1,5,0,0,5,1,4,1,0,6,1,7,0,1,57,1,0.666666667,0,0,0,0.222222222,1,0,1,1,1,1,1,2,1,1,0,0,0,0,0,0,0,0,1,0,2,0,17.3,2,6.46
537,1,6,7,1,0,0,4,1,1,5,7,5,2,2,4,0.31,0,4,4,3,1,2,3,4,2241,0,6,0,0.333333333,0,0,4,1,3,1,0,2,0,3,4,1,3,224,3,1,0,0,0,1,1,4,1,1,1,1,1,1,3,2,1,6,0,0,0,0,0,0,0,0,0,0,0,0,0,0,0,0,5,0,0,1,3,3,1,5,0,0,4,1,4,1,1,4,1,7,0,0,319.3333333,0,0.333333333,0,0,0.111111111,0,2,0,0,0,2,0,2,0,2,2,4,7,0,3,1,0,4,0,2,1,2,7.3,205.7,5,0
538,3,6,7,1,0,0,4,2,1,5,4,4,2,3,4,0.15,0,4,4,3,1,3,3,4,2241,0,6,0,1,0,0,4,1,3,2,0,2,1,2,4,1,3,160,1,1,0,0,0,1,1,5,1,1,1,1,1,1,4,2,2,5,5,1,1,1,5,0,0,0,0,0,0,0,0,0,0,0,5,0,0,1,3,3,1,4,2,1,5,1,4,1,1,4,1,7,0,0,78.33333333,0,0,0,0,0,0.222222222,2,0,0,0,2,0,2,0,2,2,4,7,0,3,0,3,4,0,0,0,2,5.7,16.3,3,3.53
539,3,5,7,1,0,0,4,1,3,6,5,6,3,4,4,0.12,0,4,4,2,1,3,3,4,2341,2,6,0,1,0.333333333,0,3,3,0,0,3,0,3,0,3,0,2,80,4,1,0,0,0,1,3,4,3,2,1,1,1,2,5,4,1,2,5,2,1,2,5,0,0,0,0,0,0,0,0,0,0,0,4,0,0,1,3,3,1,5,0,0,5,1,4,1,0,6,1,7,0,0,85,0,0,0,0,0,0.222222222,2,0,0,0,2,0,2,0,2,0,3,0,1,4,0,2,2,0,1,0,2,0.7,7,4,5.13
540,3,5,7,1,0,0,4,1,3,6,5,6,3,5,4,0.18,0,4,4,0,1,3,3,4,2341,0,6,0,1,0,0,0,3,0,4,2,1,1,1,2,0,3,232,4,1,0,0,0,1,2,4,1,2,1,1,1,2,4,2,2,4,5,2,2,2,5,0,0,0,0,0,0,0,0,0,0,0,5,0,0,1,3,3,1,5,0,0,5,1,4,2,1,5,1,7,0,0,88,0,0,0,0,0,0.222222222,2,0,0,0,2,0,2,0,2,0,3,0,0,2,0,1,2,0,0,0,2,2.3,29.4,4,4.01
541,1,4,7,1,0,0,4,2,1,4,7,6,3,5,4,0.26,0,4,4,1,1,3,3,2,2292,2,6,0,1,0,0,1,3,0,1,1,0,5,0,1,0,1,64,4,1,0,0,0,1,5,1,3,2,3,1,1,2,2,4,2,1,4,2,2,1,1,0,0,0,0,0,0,0,0,0,1,0,1,2,4,0,2,3,1,5,0,0,4,1,4,1,1,6,1,7,0,0,90,0.333333333,0.333333333,0,0,0,0.222222222,0,0,2,2,0,1,0,2,1,2,0,0,1,0,2,0,1,0,1,0,0,0,0,10,6.32
542,3,4,6,4,0,0,4,1,2,3,6,6,2,5,4,0.16,0,4,4,3,1,3,3,4,2075,0,6,0,1,0.666666667,0,4,3,2,5,0,2,0,0,0,0,1,168,4,1,0,0,0,1,1,2,3,2,4,1,1,2,3,1,1,6,0,0,0,0,0,0,0,0,0,0,0,0,0,0,0,0,4,0,0,1,3,3,1,4,2,2,4,1,4,1,3,4,1,7,0,0,115.6666667,0,1,0,0,0,0,2,0,0,0,1,0,2,0,2,1,3,1,0,2,2,1,0,0,2,1,2,0.7,82.6,5,0
54,2,5,5,1,3,0,4,5,3,1,5,5,6,1,4,0.49,0,4,4,2,1,3,2,4,1421,0,6,0,1,0.333333333,0,1,1,3,2,0,2,0,3,3,2,2,160,1,2,1,1,1,1,1,5,1,1,1,1,1,1,3,2,1,5,1,1,1,1,5,0,0,0,0,0,0,0,0,0,0,0,1,3,5,1,3,3,1,4,2,2,5,1,4,1,1,6,1,7,0,1,55,0,0,0,0,0,0,0,0,2,2,0,0,1,0,0,0,4,7,0,3,0,3,4,0,2,1,2,5.7,79.6,4,4.5
55,4,5,7,1,3,0,4,5,3,4,3,2,6,5,4,0.59,0,4,4,3,1,3,3,4,1437,2,6,0,1,0.333333333,0,2,1,3,2,0,2,0,2,4,2,3,168,3,2,2,1,1,1,1,5,3,2,1,1,1,2,3,2,1,5,3,1,1,1,5,0,0,0,0,0,0,0,0,0,0,0,4,0,0,1,3,3,1,5,0,0,5,1,4,1,1,6,1,7,0,1,53,0,0,0,0,0,0,2,0,0,0,2,0,2,0,2,0,4,7,0,3,0,0,4,0,2,0,2,10,88.7,4,3.65
57,1,5,7,1,0,3,4,5,3,5,7,4,6,5,4,0.77,0,4,4,3,1,3,3,4,1493,2,6,0,0.666666667,0.333333333,0,2,1,3,2,0,2,0,2,3,2,3,160,1,2,1,1,1,1,2,5,3,1,2,1,1,2,3,2,2,4,4,2,2,2,5,0,0,0,0,0,0,0,0,0,0,0,4,0,0,1,3,3,1,5,0,0,5,1,4,1,1,6,1,7,0,1,96,0,0.333333333,0,0,0,0,2,0,0,0,2,0,2,0,2,0,4,7,0,3,1,0,4,0,2,0,2,5.3,156,4,3.69
5,2,5,7,1,0,0,5,5,3,2,3,5,6,4,4,0.75,0,4,4,2,1,3,3,4,1337,0,6,0,0.666666667,0.333333333,0,2,3,0,1,0,1,5,1,1,1,1,72,4,1,0,0,0,1,5,2,3,2,3,2,1,2,4,3,1,4,1,2,1,1,5,0,0,0,0,0,0,0,0,0,0,0,3,2,5,1,3,3,1,5,0,0,5,1,4,1,1,6,1,7,0,1,101,0,0,0,0,0,0,1,0,1,0,0,0,1,0,0,0,0,0,1,0,1,0,0,0,0,1,1,0,27.3,0,0
69,4,4,7,1,3,0,4,3,2,1,4,2,3,5,4,0.286,0,4,4,2,1,2,1,3,1881,2,6,0,0,0.333333333,0,4,3,4,1,1,0,4,1,2,3,1,192,4,3,2,3,1,1,4,1,2,2,3,1,1,1,3,3,4,1,3,2,2,3,5,1,4,3,4,3,1,1,0,3,1,0,2,1,4,0,1,2,1,4,1,2,5,1,4,2,2,6,1,7,0,2,360,1,0,0.333333333,0.148148148,0.111111111,0,1,1,1,1,1,1,1,2,1,1,0,1,2,0,0,0,1,0,2,3,2,0,48.66666667,0,7.09
6,1,5,7,1,0,0,5,5,3,3,7,6,6,5,4,0.73,0,4,4,1,1,3,2,4,1418,0,6,0,0.666666667,0.333333333,0,2,3,0,2,1,1,4,1,2,0,1,232,4,1,0,0,0,1,4,2,1,2,2,2,1,2,4,4,2,1,5,2,2,2,1,0,0,0,0,0,0,0,0,0,0,0,1,2,5,1,2,3,2,5,0,0,5,1,4,1,0,6,1,7,0,0,20,1,0,0,0,0,0,0,0,2,1,0,0,1,0,0,0,0,0,0,0,1,0,0,0,1,0,2,0,9,0,5.82
72,3,5,7,1,3,0,4,5,3,4,3,5,5,5,4,0.42,0,4,4,3,1,3,3,4,1854,2,5,0,0,0,0,2,3,0,1,1,2,2,2,2,2,3,192,3,2,2,1,2,1,3,4,3,2,1,2,1,3,3,3,2,4,5,2,2,1,5,0,0,0,0,0,0,0,0,0,0,0,4,0,0,1,3,3,1,5,0,0,5,1,4,1,0,6,1,7,0,0,335.3333333,0.666666667,0,0,0.148148148,0.111111111,0,2,0,0,0,2,0,2,0,2,0,0,1,0,3,0,0,2,0,2,2,2,3.7,107,4,4.52
73,4,5,7,1,3,0,4,5,3,1,1,5,5,5,4,0.46,0,4,4,2,1,3,3,4,1730,2,6,0,0,0.333333333,0,2,3,4,2,1,1,3,0,2,3,1,96,2,3,2,3,2,1,3,1,2,2,2,1,1,2,3,3,4,1,3,2,2,2,5,1,3,2,5,2,1,1,1,3,1,0,2,1,5,0,1,3,1,4,2,2,5,1,4,1,2,6,1,7,0,2,404,0,0,0,0.148148148,0.111111111,0,1,0,1,1,1,1,1,2,2,1,0,1,2,0,0,0,1,0,2,4,2,0,149,2,7.03
74,3,5,7,1,3,0,4,4,3,5,7,3,5,4,4,0.7,1,4,4,3,1,3,3,4,1730,2,6,0,0,0.333333333,0,1,3,4,1,1,1,5,1,1,1,1,64,4,2,3,1,2,1,5,1,2,1,1,1,1,1,4,4,2,2,5,2,2,1,3,1,4,5,5,3,1,0,0,2,0,0,1,1,5,0,1,3,1,5,0,0,5,1,4,1,1,6,1,7,0,1,108,0,0,0,0,0,0,1,0,2,1,1,2,1,2,1,2,0,0,0,0,1,0,1,0,0,0,2,0,33,6,6.5
75,4,5,6,1,3,0,4,5,3,1,5,4,3,5,4,0.29,0,4,4,2,1,3,1,4,2078,2,6,0,0,0,0,4,3,3,1,1,1,1,1,2,4,3,252,3,4,2,3,2,1,2,1,3,2,3,1,1,2,5,2,4,1,3,2,2,2,4,1,3,3,5,2,1,0,0,3,1,0,1,1,3,0,1,3,1,5,0,0,4,1,4,1,1,6,1,7,0,2,98,1,0,0,0,0,0,0,0,2,2,1,1,0,2,1,1,0,0,2,1,0,0,1,0,1,5,2,0,4,2,6.33
76,4,6,6,1,3,0,4,4,3,1,7,5,1,3,4,0.01,0,4,4,2,2,2,1,4,1933,0,6,0,0,0.333333333,0,2,4,3,0,0,0,1,0,1,6,2,64,4,5,2,4,1,1,2,1,2,2,3,2,3,2,4,2,4,1,3,2,2,3,5,1,4,4,3,2,1,1,1,2,1,0,1,1,3,0,1,3,1,4,1,2,5,2,4,3,2,6,1,7,0,2,670,1,0,0,0,0.138888889,0,0,1,2,2,1,1,1,2,0,1,2,4,2,1,1,0,1,0,0,4,2,0,21.7,3,7.22
7,1,5,7,1,3,0,4,1,1,5,7,6,6,5,4,0.42,0,4,4,1,1,3,3,4,1340,0,6,0,0.666666667,0.333333333,0,2,3,0,2,0,0,3,0,3,2,1,72,3,2,3,1,2,1,4,1,3,2,3,2,1,3,3,4,2,2,2,2,2,1,1,0,0,0,0,0,0,0,0,0,1,0,1,2,4,0,1,3,1,5,0,0,4,1,4,1,0,6,1,7,0,2,85,0,0,0,0,0,0,0,0,2,1,0,1,1,2,1,2,0,1,1,0,0,0,1,0,2,0,1,0,46.7,1,7.13
80,4,5,6,4,3,0,4,1,1,1,4,6,4,4,4,0.17,0,4,4,2,1,2,1,4,1933,2,6,0,0,0,0,4,4,3,0,0,0,2,0,2,4,3,64,4,4,2,2,2,1,2,1,2,2,1,2,1,2,3,2,5,1,3,2,3,3,5,1,4,2,5,2,1,1,1,3,1,0,2,1,3,0,1,2,1,3,2,2,5,1,4,3,2,5,1,7,0,2,242,1,0,0.333333333,0,0.138888889,0,1,0,1,2,1,1,1,2,1,2,2,3,2,1,1,0,1,0,2,4,2,0,56.7,2,7.03
84,4,5,7,1,3,0,4,5,3,1,3,5,5,5,4,0.48,0,4,4,2,1,3,3,2,1854,2,6,0,0,0,0,2,4,3,0,1,0,1,0,2,5,1,80,4,4,2,2,1,1,1,2,2,1,2,2,1,2,4,4,2,2,2,2,2,1,2,1,5,3,4,3,1,0,0,2,1,0,1,1,2,0,1,3,1,5,0,0,5,1,4,3,1,5,1,7,0,1,366,0.666666667,0,0,0,0,0,0,0,2,2,1,1,1,2,1,1,2,4,1,1,1,0,0,0,0,0,0,0,23.3,2,5.18
86,3,5,5,4,3,0,4,4,3,1,7,4,5,0,4,0.16,0,4,4,1,1,3,3,3,1865,2,6,0,1,0,0,1,4,2,0,0,0,0,0,2,4,1,64,4,4,1,1,1,1,2,2,2,2,2,1,2,2,5,4,3,1,3,2,2,2,4,1,5,5,3,2,1,0,0,1,1,0,1,1,2,0,1,3,1,4,1,2,4,1,4,3,2,5,1,7,0,2,366,0.666666667,0,0,0,0,0,1,0,2,2,1,1,0,2,1,1,2,4,1,1,1,0,1,0,1,2,2,0,15.7,3,4.18
87,4,5,7,1,3,0,4,3,2,5,5,4,5,4,4,0.23,1,4,4,2,1,3,3,4,1815,1,0,0,0.333333333,0.333333333,0,2,4,0,0,0,0,2,0,2,5,1,64,3,4,2,1,1,1,2,3,3,2,1,1,1,2,2,2,4,1,3,2,2,2,5,1,3,5,5,2,1,0,1,2,1,0,1,1,3,0,1,3,1,5,0,0,5,1,4,1,1,6,1,7,0,2,321.3333333,1,0,0,0,0,0,0,0,2,2,1,2,1,2,1,2,2,4,2,1,1,0,3,0,1,4,2,4.7,9.3,2,5.19
89,4,5,7,1,2,0,4,2,2,1,2,6,4,5,4,0.11,1,4,4,3,1,3,3,4,1954,2,6,0,0,0,0,4,4,3,0,0,0,1,0,2,5,1,68,4,4,2,2,1,1,2,1,1,1,1,1,1,2,4,4,2,1,3,2,2,2,4,0,0,0,0,0,0,0,0,0,1,0,2,1,3,0,2,3,1,5,0,0,5,1,4,2,1,5,1,7,0,0,156,1,0,0,0,0.138888889,0,1,0,1,1,1,2,1,2,1,2,2,4,0,1,1,0,1,0,0,0,2,0,30.7,2,6.33
90,1,4,7,1,0,0,3,5,3,1,7,5,6,4,4,0.52,0,0,0,3,1,3,3,4,1339,2,6,0,0.666666667,0.333333333,0,2,3,4,5,2,1,1,0,0,0,3,127,4,1,0,0,0,1,2,3,3,2,3,2,1,3,4,3,1,3,5,1,1,1,5,0,0,0,0,0,0,0,0,0,0,0,4,0,0,1,2,2,1,5,0,0,5,1,4,1,1,6,1,7,0,1,134,0,0,0,0,0,0,2,0,0,0,2,2,2,2,2,2,3,0,1,2,1,1,3,0,0,0,2,0,31,4,6.49
93,3,4,7,1,0,0,5,1,1,1,4,6,5,5,4,0.3,0,0,0,1,1,2,1,4,1608,2,6,0,0,0.333333333,0,4,3,0,6,1,1,0,0,0,0,1,42,4,1,0,0,0,1,1,4,3,2,1,1,1,2,4,2,2,5,5,2,0,1,1,0,0,0,0,0,0,0,0,0,1,0,1,1,4,0,3,1,2,4,1,3,5,1,4,3,2,4,1,1,0,0,83.66666667,0,0,0,0,0,0,0,1,2,2,0,2,1,2,0,2,3,0,0,2,1,1,2,0,0,1,1,0,31.7,7,6.951
