id,OF2,OF3,OF4,OF5,OF6,OF7,OF8,OF9,OF10,OF11,OF13,OF14,OF15,OF16,OF17,OF18,OF19,OF20,OF21,OF22,OF23,OF24,OF25,OF26,OF27,OF28,OF29,OF31,OF33,OF34,OF37,OF38,F1,F2,F3_a,F3_b,F3_c,F3_d,F3_e,F3_f,F3_g,F4,F5,F6,F7,F8,F9,F10,F11,F13,F14,F15,F16,F17,F18,F19,F20,F21,F22,F23,F24,F25,F28,F29,F30,F31,F32,F33,F34,F35,F36,F37,F38,F39,F40,F41,F42,F43,F44,F45,F46,F47,F48,F49,F50,F51,F52,F53,F54,F55,F56,F57,F58,F59,F62,F63,F64,F65,F66b,F67,F68,S1,S2,S4,S5,WS,WS_Benefit,SFST,SFST_Benefit,SR,SR_Benefit,PR,PR_Benefit,NR,NR_Benefit,Provincial_Class,Federal_Class,Regime,Vegetation_Type,Vegetation_Cover,Woody_Canopy_Cover,Moss_Cover,Phragmites,Soil_Type,Surface_Water_Present,Saturation_Depth,Living_Moss_Depth,Organic_Depth,Hydrogeomorphic_Class
100,2,5,7,1,0,0,5,1,2,1,4,3,5,5,4,0.54,0.0,4,4,3,1,2,1,4,1887,0,6,0,0.0,0.0,0.0,4,3,0,5,2,1,1,1,1,0,2,42,4,1,0,0,0,1,1,1,3,2,4,2,1,2,3,4,2,3,5,2,2,1,4,0,0,0,0,0,0,0,0,0,1,0,2,2,4,0.0,3,3,1,5,0,0,5,1,4,1,1,5,1,1,0.0,0,6.67,186.0,0.0,0.0,0.0,0.0,0.0,0.0,1,0,1,1,0,1,1,2,1,1,3,1,1.0,2.0,1.0,1,0,0.0,2,0.0,0.0,0.0,42.3,4.0
102,4,5,7,1,0,0,5,4,3,1,5,2,4,5,4,0.52,0.0,4,4,2,1,3,3,4,1985,0,6,0,0.0,0.0,0.0,2,3,0,4,3,1,1,1,1,0,3,63,3,1,0,0,0,1,1,2,2,2,3,2,1,2,1,3,2,3,5,2,2,1,2,0,0,0,0,0,0,0,0,0,1,1,2,2,4,1.0,3,3,2,4,2,2,5,1,4,1,1,6,1,7,0.0,1,6.56,81.0,0.0,0.0,0.0,0.0,0.0,0.0,1,0,1,1,0,1,0,2,0,1,3,0,1.0,2.0,1.0,1,0,0.0,1,0.0,2.0,0.0,18.3,7.0
105,3,5,7,1,3,0,5,5,3,5,3,6,5,5,4,0.82,0.0,4,4,3,1,3,3,4,1408,2,6,0,0.3333333333333333,0.0,0.0,2,2,3,1,0,1,0,2,2,3,3,192,4,3,2,1,1,1,1,5,1,1,1,1,1,1,3,2,1,5,1,1,1,1,5,0,0,0,0,0,0,0,0,0,0,0,4,0,0,1.0,3,3,1,5,0,0,5,1,4,1,1,3,1,4,0.0,1,0,87.0,0.0,0.0,0.0,0.0,0.0,0.0,2,0,0,0,2,0,2,0,2,0,1,2,0.0,1.0,1.0,0,4,0.0,2,1.0,2.0,4.7,25.65,4.0
110,3,5,7,1,3,0,4,5,3,2,4,5,6,5,4,0.23,0.0,4,4,2,1,3,1,4,1624,0,6,0,0.6666666666666666,0.0,0.0,2,2,4,2,1,0,1,0,3,4,1,72,3,1,0,0,0,1,2,3,3,2,2,2,1,3,4,3,3,2,5,2,2,2,5,0,0,0,0,0,0,0,0,0,0,0,4,2,3,1.0,2,3,1,4,1,2,5,2,4,3,2,3,1,7,0.0,0,5.48,93.0,0.0,0.0,0.0,0.0,0.0,0.0,2,0,0,0,2,0,2,0,2,0,1,5,2.0,1.0,0.0,0,3,0.0,0,2.0,2.0,3.3,33.0,4.0
111,3,4,6,4,3,0,4,1,2,3,6,6,2,5,4,0.16,0.0,4,4,3,1,3,3,4,2075,0,6,0,1.0,0.0,0.0,1,2,3,1,0,3,0,3,2,2,2,160,1,2,3,1,2,1,2,4,3,1,1,1,1,2,3,2,1,5,5,1,1,1,5,0,0,0,0,0,0,0,0,0,0,0,4,0,0,1.0,3,2,1,5,0,0,4,1,4,1,1,0,1,7,1.0,0,7.12,99.0,0.0,0.0,0.0,0.0,0.0,0.0,1,0,0,0,2,0,2,0,2,1,1,5,0.0,2.0,0.0,0,2,0.0,2,1.0,2.0,4.3,124.3,5.0
113,3,5,7,1,3,0,4,5,3,5,5,4,6,5,4,0.7,0.0,4,4,2,1,3,3,4,1579,2,6,0,1.0,0.0,0.0,2,4,0,1,1,1,1,0,3,3,3,64,4,3,2,2,2,1,2,3,2,2,3,1,1,2,4,3,3,1,2,3,3,3,5,1,4,3,5,3,1,0,0,2,0,0,2,2,2,1.0,2,3,1,4,2,2,5,1,4,1,1,4,1,3,0.0,1,5.95,105.0,0.0,0.0,0.0,0.0,0.0,0.0,1,0,1,1,1,0,1,0,1,0,2,4,1.0,1.0,0.0,0,3,0.0,0,4.0,2.0,5.433333333333334,20.0,4.0
114,4,5,7,1,3,0,5,5,3,5,3,6,6,3,4,0.51,0.0,4,4,3,1,3,3,4,1698,0,6,0,1.0,0.0,0.0,2,2,3,1,0,2,2,2,3,3,3,224,1,3,2,1,1,1,2,5,2,2,1,1,1,3,3,2,1,4,4,2,2,2,5,0,0,0,0,0,0,0,0,0,0,0,2,2,4,0.0,3,3,1,5,0,0,5,1,4,1,0,6,1,7,0.0,1,3.9,90.0,0.0,0.0,0.0,0.0,0.0,0.0,1,0,1,0,0,0,1,0,0,0,1,2,0.0,1.0,0.0,0,4,0.0,2,0.0,2.0,6.566666666666666,55.0,5.0
127,4,5,7,1,3,0,4,5,3,4,3,4,6,4,4,0.51,0.0,4,4,2,1,3,3,3,1624,2,6,0,1.0,0.0,0.0,2,2,4,0,0,0,0,0,4,2,1,0,4,3,1,2,2,1,2,4,2,2,3,1,1,1,3,2,3,2,2,2,3,2,5,1,3,1,1,2,1,0,0,2,0,0,2,1,4,0.0,1,3,1,5,0,0,5,1,3,1,0,6,1,7,0.0,2,6.07,41.0,0.0,0.0,0.0,0.0,0.0,0.0,1,0,1,1,0,0,1,0,1,0,1,5,2.0,3.0,0.0,0,2,0.0,2,2.0,2.0,7.7,56.65,4.0
128,4,5,7,1,0,0,4,5,3,4,5,3,6,5,4,0.76,0.0,4,4,3,1,3,3,4,1579,0,6,0,1.0,0.0,0.0,2,1,3,1,0,1,0,1,4,2,1,192,3,1,0,0,0,1,1,4,2,2,1,1,2,3,3,2,2,4,2,2,2,2,5,1,5,4,5,3,1,0,0,2,0,0,5,0,0,1.0,3,3,1,5,0,0,5,1,4,1,1,6,1,7,0.0,1,3.96,230.0,0.0,0.0,0.0,0.0,0.0,0.0,2,0,0,0,2,0,2,0,2,0,4,6,0.0,3.0,0.0,3,2,0.0,2,0.0,2.0,8.35,58.3,4.0
12,4,5,7,1,3,0,4,5,3,4,6,4,6,5,4,0.66,0.0,0,0,2,1,3,2,4,1357,0,6,0,1.0,0.0,0.0,2,2,3,1,0,2,1,2,3,3,2,128,4,3,1,1,1,1,2,4,2,2,1,1,2,1,3,2,2,2,2,2,5,2,5,1,5,3,5,2,1,0,1,2,1,0,2,1,2,0.0,1,3,1,5,0,0,5,1,4,1,0,6,1,7,0.0,1,4.16,52.0,1.0,0.0,0.0,0.0,0.0,0.0,1,0,1,1,1,2,1,2,1,2,1,2,2.0,1.0,0.0,0,2,0.0,2,2.0,2.0,9.0,399.0,0.0
131,2,5,7,1,3,0,4,5,3,5,5,5,5,3,4,0.46,0.0,4,4,3,1,0,3,5,1859,2,6,0,1.0,0.0,0.0,2,2,0,1,0,1,0,1,2,5,1,0,4,4,1,1,1,1,2,4,3,2,1,1,1,2,3,2,4,1,3,2,2,2,5,1,3,5,5,2,1,0,0,3,1,0,2,1,3,0.0,3,3,1,5,0,0,5,2,4,1,1,6,1,7,0.0,0,3.6,53.5,0.5,0.0,0.5,0.0,0.0,0.0,1,0,1,1,1,1,1,2,1,0,1,2,2.0,1.0,2.0,0,2,0.0,2,2.0,2.0,10.0,52.7,5.0
133,4,5,7,1,3,0,4,5,3,5,3,6,5,3,4,0.53,1.0,4,4,3,1,3,3,5,1677,2,6,0,1.0,0.0,0.0,2,1,3,1,0,1,1,3,3,2,3,160,3,2,2,1,1,1,1,5,1,1,1,1,1,1,3,2,2,4,3,1,1,1,5,0,0,0,0,0,0,0,0,0,0,0,4,0,0,1.0,3,3,1,5,0,0,5,1,4,1,1,6,1,7,0.0,1,3.89,55.0,0.0,0.0,0.0,0.0,0.0,0.0,2,0,0,0,2,2,2,2,2,2,4,6,0.0,3.0,0.0,0,4,0.0,2,0.0,2.0,10.0,52.7,5.0
134,4,5,7,1,3,0,5,5,3,4,3,6,6,3,4,0.81,0.0,4,4,3,1,3,3,4,1464,0,6,0,1.0,0.0,0.0,2,1,3,1,0,1,0,2,3,2,3,192,4,2,1,1,1,1,1,5,1,1,1,1,1,1,3,2,1,5,1,1,1,1,5,0,0,0,0,0,0,0,0,0,0,0,4,0,0,1.0,3,0,1,5,0,0,5,1,4,1,1,6,1,7,0.0,1,4.04,48.0,0.0,0.0,0.0,0.0,0.0,0.0,1,0,0,0,2,0,2,0,2,0,4,6,0.0,1.0,0.0,0,4,0.0,2,0.0,2.0,5.0,47.7,5.0
136,5,5,7,1,3,0,4,4,3,4,1,1,4,2,4,0.59,0.0,4,4,2,1,3,3,4,1985,0,6,0,1.0,0.0,0.0,1,2,3,1,0,1,0,1,4,2,2,160,4,2,2,1,2,1,2,4,1,2,1,1,1,1,4,4,2,1,5,2,2,2,2,1,4,5,5,3,1,1,0,2,1,0,1,2,5,0.0,1,3,1,5,0,0,5,1,4,1,2,6,1,7,0.0,1,6.85,45.0,0.0,0.0,0.0,0.0,0.0,0.0,0,0,2,1,1,1,1,2,0,1,1,5,1.0,1.0,0.0,0,2,0.0,2,5.0,2.0,5.65,42.7,8.0
137,1,5,7,2,1,1,5,4,3,6,7,5,5,3,2,0.04,0.0,4,4,2,1,2,2,5,1799,2,6,0,0.8333333333333334,0.0,0.0,4,3,0,1,1,0,4,0,2,2,1,112,4,1,0,0,0,1,5,3,1,1,2,1,1,2,4,2,3,4,5,1,2,2,1,0,0,0,0,0,0,0,0,0,1,0,1,2,4,0.0,3,3,2,5,0,0,4,1,4,1,1,6,1,7,0.0,1,0,65.0,0.0,0.0,0.0,0.0,0.0,0.0,0,0,2,2,0,1,1,2,0,1,0,0,0.0,0.0,1.0,3,3,0.0,0,2.0,2.0,6.3,25.4,4.0
141,1,4,6,2,3,2,3,5,3,5,7,4,6,2,4,0.079,0.0,4,4,1,3,2,1,0,1666,2,6,0,0.6666666666666667,0.0,0.0,0,3,0,2,0,1,5,0,1,1,0,96,3,1,0,0,0,1,5,3,0,2,4,1,1,3,4,3,3,3,5,2,2,2,1,1,0,3,5,1,1,0,0,3,1,0,1,1,5,0.0,3,3,3,5,0,0,4,6,4,1,0,6,1,7,0.0,0,0,85.0,0.0,0.0,0.666666667,0.0,0.0,0.0,0,1,2,2,0,1,0,2,0,1,0,0,2.0,0.0,1.0,3,3,0.0,0,2.0,2.0,3.0,24.0,9.0
145,2,5,7,1,3,0,4,1,2,4,7,6,6,4,0,0.16,0.0,4,4,1,1,2,3,3,1632,2,6,0,0.5,0.0,0.0,2,3,0,1,1,0,5,0,1,2,1,72,3,2,3,1,2,1,5,2,1,2,2,3,1,3,3,4,2,2,2,2,3,3,1,0,0,0,0,0,0,0,0,0,1,0,1,2,4,0.0,1,2,2,5,0,0,4,1,4,2,2,6,1,7,0.0,2,6.42,105.0,0.0,0.0,0.0,0.0,0.0,0.0,0,0,2,2,0,1,1,2,1,1,0,1,1.0,0.0,2.0,0,1,0.0,2,0.0,2.0,0.0,46.0,10.0
147,4,5,7,4,3,0,4,1,1,4,4,6,6,4,4,0.01,0.0,4,4,1,1,3,3,4,1516,2,6,0,0.33333333333333337,0.0,0.0,4,3,4,0,0,0,4,0,2,2,1,64,4,2,3,2,2,1,2,1,1,1,2,1,2,2,3,4,2,1,3,4,2,3,3,0,0,0,0,0,0,0,0,0,1,0,1,2,5,0.0,1,3,1,4,2,3,5,1,4,1,2,6,1,7,0.0,2,6.97,183.0,0.0,1.0,0.0,0.0,0.0,0.0,1,0,2,2,1,1,1,2,1,2,0,1,0.0,3.0,1.0,0,1,0.0,2,0.0,0.0,0.0,95.0,10.0
148,2,5,7,1,3,0,4,1,1,2,6,6,6,5,4,0.41,0.0,4,4,1,2,2,3,4,1348,1,6,0,0.16666666666666674,0.0,0.0,4,3,4,0,0,0,4,0,2,2,1,64,4,2,4,1,2,1,2,2,1,1,2,1,1,1,4,3,2,1,3,3,3,3,1,0,0,0,0,0,0,0,0,0,1,0,1,2,4,0.0,2,2,1,4,1,3,5,1,4,2,2,2,1,7,0.0,0,7.89,194.0,0.0,0.0,0.0,0.0,0.0,0.0,0,1,2,2,0,1,1,2,0,2,0,0,1.0,3.0,0.5,0,0,0.0,0,0.0,2.0,0.0,31.3,10.0
153,2,6,6,1,3,0,3,3,3,5,7,5,6,4,4,0.42,0.0,4,4,2,1,3,1,4,1677,2,6,1,0.0,0.0,0.0,4,4,3,0,0,1,1,1,2,4,1,0,3,4,1,3,1,1,2,4,1,2,1,1,1,2,3,1,2,3,4,2,2,1,2,0,0,0,0,0,0,0,0,0,1,0,1,1,2,0.0,2,3,1,5,0,0,5,1,4,1,1,6,1,7,0.0,0,0,137.0,0.0,0.0,0.5,0.0,0.0,0.0,0,0,2,2,0,1,1,2,0,1,1,5,0.0,1.0,0.0,0,2,0.0,2,0.0,2.0,7.7,55.8,2.0
154,4,5,7,1,3,0,5,5,3,5,3,4,6,1,4,0.72,0.0,4,4,3,1,3,3,4,1455,0,5,0,1.0,0.0,0.0,1,2,3,1,0,1,0,1,1,4,1,192,4,4,2,1,2,1,1,5,2,2,1,1,1,1,3,4,3,1,1,2,5,1,5,1,5,4,5,3,1,0,0,2,1,0,1,1,1,0.0,1,2,1,5,0,0,5,1,4,1,1,1,1,4,0.0,1,6.43,80.0,0.0,0.0,0.0,0.0,0.0,0.0,0,0,2,0,1,1,1,2,1,0,1,5,0.0,1.0,1.0,0,4,0.0,2,2.0,2.0,8.3,106.9,2.0
155,4,5,7,1,3,0,4,4,3,3,7,6,6,4,4,0.31,1.0,4,4,2,1,3,3,4,1609,2,6,0,0.9285714285714286,0.0,0.0,4,4,3,1,0,1,1,1,1,5,1,232,0,4,1,2,2,1,2,2,2,2,1,1,1,2,3,3,4,1,3,2,2,3,5,1,4,4,5,2,1,0,1,2,1,0,1,1,3,0.0,1,2,1,5,0,0,5,1,4,2,2,6,1,7,0.0,1,6.28,160.0,1.0,0.0,0.0,0.0,0.0,0.0,0,0,2,2,1,2,1,2,1,2,2,3,2.0,1.0,0.0,0,0,0.0,2,2.0,2.0,0.0,158.0,2.0
156,2,4,7,4,3,0,4,3,3,5,7,5,6,5,2,0.09,1.0,4,4,1,1,3,3,4,1516,2,6,0,0.8571428571428572,0.0,0.0,4,4,3,0,0,0,0,0,2,5,1,72,4,4,2,4,1,1,2,1,1,1,1,1,1,1,3,2,4,1,5,2,2,1,4,1,3,4,3,1,1,0,0,2,1,0,1,1,3,0.0,1,3,1,4,2,2,4,1,4,1,0,6,1,7,0.0,1,6.02,140.0,0.0,1.0,0.0,0.0,0.0,0.0,0,0,2,2,0,2,1,2,1,2,2,3,2.0,1.0,1.0,0,1,0.0,2,5.0,2.0,0.0,100.0,2.0
160,1,5,7,2,3,0,4,2,2,3,7,4,6,5,4,0.57,1.0,4,4,2,2,2,3,5,1329,2,6,0,0.7857142857142857,0.0,0.0,4,4,3,0,0,0,2,0,2,5,1,232,3,4,3,3,2,1,2,1,1,1,2,1,1,2,3,4,2,1,3,2,2,1,1,0,0,0,0,0,0,0,0,0,0,0,1,1,2,0.0,2,2,2,3,1,3,4,1,4,1,1,4,1,7,0.0,0,6.92,176.0,0.0,0.0,0.333333333,0.0,0.0,0.0,0,2,2,2,0,2,1,2,1,2,2,3,1.0,1.0,1.0,0,1,0.0,2,0.0,0.0,0.0,48.7,2.0
163,5,5,7,1,0,0,4,5,3,5,3,2,6,5,4,0.54,0.0,4,4,2,1,3,1,4,1486,0,6,0,0.7142857142857143,0.0,0.0,4,3,4,4,0,2,2,1,1,1,2,232,3,1,0,0,0,1,3,4,3,2,1,2,1,3,4,3,3,2,5,2,2,2,5,0,0,0,0,0,0,0,0,0,1,0,1,2,5,1.0,3,2,1,5,0,0,5,1,4,1,0,6,1,7,0.0,1,6.16,134.0,0.0,0.0,0.0,0.0,0.0,0.0,0,0,2,1,0,1,1,2,1,1,3,0,2.0,2.0,0.0,1,2,0.0,0,2.0,2.0,1.0,28.7,2.0
167,1,5,6,1,0,0,4,1,1,5,7,5,6,5,1,0.39,0.0,4,4,2,1,3,2,4,1538,2,6,0,0.6428571428571429,0.0,0.0,4,3,0,2,3,0,2,0,0,0,3,94,4,1,0,0,0,1,3,3,3,1,1,2,1,2,5,2,1,6,0,0,0,0,0,0,0,0,0,0,0,0,0,0,0,0,1,2,4,0.0,3,1,2,4,2,2,5,1,4,1,1,6,0,7,0.0,0,6.62,257.0,0.0,0.0,0.0,0.0,0.0,0.0,1,2,1,2,1,0,0,0,0,2,3,0,0.0,4.0,0.0,2,3,0.0,1,0.0,2.0,0.0,12.3,7.0
169,3,5,7,1,0,0,4,4,3,5,7,6,6,5,4,0.43,0.0,4,4,2,1,3,3,4,1342,0,6,0,0.5714285714285714,0.0,0.0,4,3,0,5,2,1,1,1,1,0,2,63,3,1,0,0,0,1,2,2,3,2,4,2,1,2,3,4,2,3,5,2,2,2,2,0,0,0,0,0,0,0,0,0,1,1,1,2,5,0.0,2,3,2,5,0,0,5,1,4,1,1,6,1,7,0.0,0,7.35,380.0,0.0,0.0,0.0,0.0,0.0,0.0,0,0,2,1,0,1,1,2,0,1,3,1,1.0,2.0,1.0,1,0,0.0,2,0.0,2.0,0.3,40.0,2.0
16,1,5,7,1,3,0,5,5,3,2,6,5,6,5,4,0.6,0.0,4,4,1,1,3,3,4,1418,0,6,0,0.5,0.0,0.0,2,4,3,1,0,1,0,1,2,4,1,232,3,4,2,2,2,1,2,3,3,2,1,1,1,2,3,4,2,1,2,2,2,1,1,0,0,0,0,0,0,0,0,0,1,0,1,2,2,0.0,2,3,1,5,0,0,5,1,4,1,1,6,1,7,0.0,1,6.17,33.0,0.0,0.3333333333333333,0.0,0.0,0.0,0.0,0,0,2,1,0,1,1,2,1,1,2,3,0.0,1.0,1.0,0,3,0.0,2,0.0,2.0,1.7,60.3,2.0
174,1,5,7,4,3,1,4,4,3,5,7,4,6,2,4,0.0787,0.0,4,4,1,2,3,3,6,1670,2,6,0,0.4285714285714286,0.0,0.0,4,2,0,2,0,4,0,0,3,2,2,224,2,2,1,1,1,1,1,5,1,1,1,1,1,3,3,1,1,6,0,0,0,0,0,0,0,0,0,0,0,0,0,0,0,0,4,0,0,1.0,3,3,2,5,0,0,4,6,4,1,1,6,1,7,0.0,0,0,43.0,0.0,0.6666666666666666,0.0,0.0,0.0,0.0,1,0,0,0,0,0,2,0,2,0,1,2,0.0,2.0,2.0,3,4,0.0,2,1.0,2.0,5.7,237.3,4.0
175,4,5,7,4,2,1,4,2,3,5,6,4,6,2,3,0.1969,0.0,4,4,2,2,3,2,4,1697,2,6,0,0.3571428571428572,0.0,0.0,2,2,4,1,0,0,1,0,4,3,1,224,4,3,4,2,1,1,3,3,1,1,3,1,1,3,2,2,4,3,2,1,3,2,3,1,5,4,5,3,1,0,0,1,1,0,1,2,4,0.0,3,3,1,4,2,1,5,1,4,1,1,6,1,7,0.0,0,0,53.0,0.0,1.0,0.0,0.0,0.0,0.0,0,1,2,2,0,1,1,2,0,1,2,4,2.0,3.0,0.0,0,3,0.0,1,3.0,2.0,2.0,32.0,4.0
177,4,5,7,2,3,0,4,5,3,2,4,4,6,5,4,0.77,0.0,4,4,3,1,3,3,4,1512,0,6,0,0.2857142857142858,0.0,0.0,4,2,0,0,0,0,0,1,1,5,0,192,4,5,2,1,2,1,1,5,1,1,1,1,1,1,3,3,3,2,1,2,2,2,5,1,6,3,4,1,1,0,0,0,0,0,5,0,0,1.0,3,3,1,4,1,2,5,2,4,3,2,1,1,7,0.0,0,6.31,63.0,0.0,0.0,0.666666667,0.0,0.0,0.0,2,1,0,0,2,0,2,0,2,0,1,2,0.0,1.0,1.0,0,2,0.0,2,0.0,2.0,2.7,140.60000000000002,4.0
178,1,5,7,1,3,0,4,5,3,5,7,5,6,1,4,0.58,0.0,4,4,4,1,3,3,4,1551,0,6,0,0.2142857142857143,0.0,0.0,1,1,3,2,0,3,0,3,1,2,1,160,1,2,2,1,1,1,1,5,1,2,1,1,0,2,3,2,1,5,2,1,1,1,5,0,0,0,0,0,0,0,0,0,0,0,4,0,0,1.0,3,3,1,5,0,0,5,1,4,1,1,6,1,7,0.0,1,3.63,58.0,0.5,0.1,0.0,0.0,0.0,0.0,2,1,0,0,2,0,2,0,2,0,4,6,0.0,2.0,0.0,3,4,0.0,2,0.0,2.0,4.7,160.3,4.0
17,2,5,7,1,3,0,5,5,3,3,7,5,6,5,4,0.55,0.0,4,4,1,1,3,3,3,1407,0,6,0,0.1428571428571429,0.0,0.0,2,4,3,1,0,1,1,1,2,4,2,232,4,4,2,1,1,1,2,2,2,2,3,1,2,2,4,4,3,1,2,2,2,2,4,0,0,0,0,0,0,0,0,0,1,0,2,1,3,0.0,1,3,1,5,0,0,5,1,4,1,1,6,1,7,0.0,1,6.35,63.0,1.0,0.2,0.0,0.0,0.0,0.0,1,0,1,1,0,1,1,2,2,1,2,4,2.0,1.0,0.0,0,0,0.0,0,2.0,2.0,0.0,28.7,0.0
189,1,6,7,1,3,0,4,5,3,5,7,5,6,1,4,0.58,0.0,4,4,3,1,3,3,4,1551,0,6,0,0.07142857142857151,0.0,0.0,2,1,3,1,0,1,0,3,0,3,2,128,4,3,1,1,1,1,1,5,1,1,1,1,1,2,3,2,1,5,1,1,1,1,5,0,0,0,0,0,0,0,0,0,0,0,5,0,0,1.0,3,3,1,5,0,0,5,1,4,1,1,6,1,7,0.0,1,3.53,51.0,1.0,0.30000000000000004,0.0,0.0,0.0,0.0,2,0,0,0,2,0,2,0,2,0,4,6,0.0,1.0,0.0,0,4,0.0,2,0.0,2.0,7.7,222.0,4.0
18,3,6,7,1,3,0,5,5,3,5,3,5,6,5,4,0.01,0.0,4,4,2,1,3,2,4,1426,2,6,0,0.0,0.0,0.0,2,4,3,0,0,0,0,0,3,4,3,168,4,4,3,1,2,1,2,2,2,2,2,2,1,2,4,3,3,2,3,2,2,2,5,0,0,0,0,0,0,0,0,0,0,0,2,1,3,0.0,1,3,1,5,0,0,5,1,4,1,1,6,1,7,0.0,0,6.02,51.5,1.0,0.4,0.0,0.0,0.0,0.0,1,0,1,1,0,0,1,0,1,0,2,4,2.0,1.0,0.0,0,0,0.0,0,3.0,2.0,0.0,25.0,0.0
191,3,5,6,2,3,0,3,4,3,5,4,3,6,4,4,0.47,0.0,4,4,3,1,3,3,4,1692,0,6,0,0.5,0.0,0.0,4,1,3,1,0,1,0,2,1,4,2,128,1,3,3,1,1,1,2,5,3,2,1,1,1,1,3,1,1,6,0,0,0,0,0,0,0,0,0,0,0,0,0,0,0,0,4,0,0,1.0,3,3,1,5,0,0,5,1,4,2,1,6,1,7,0.0,0,4.65,52.0,1.0,0.5,0.0,0.0,0.0,0.0,2,0,0,0,1,0,2,0,2,0,4,7,0.0,1.0,0.0,0,4,0.0,2,0.0,2.0,5.0,46.7,5.0
192,1,6,7,1,3,0,4,4,3,5,7,6,6,4,4,0.45,0.0,4,4,4,1,3,3,4,1358,0,6,0,1.0,0.0,0.0,1,1,3,1,0,2,0,2,2,4,1,128,3,4,2,1,1,1,1,5,1,2,1,1,1,1,3,2,1,5,1,1,1,1,5,0,0,0,0,0,0,0,0,0,0,0,5,0,0,1.0,3,3,1,5,0,0,5,1,4,1,1,6,1,7,0.0,1,4.85,64.0,1.0,0.6000000000000001,0.0,0.0,0.0,0.0,2,0,0,0,2,0,2,0,2,0,4,7,0.0,1.0,0.0,0,4,0.0,2,0.0,2.0,6.7,108.6,5.0
208,3,4,1,4,3,2,5,1,2,4,4,6,1,2,2,0.001,0.0,4,4,2,2,2,2,6,1945,2,6,0,0.5,0.0,0.0,4,3,0,0,0,0,5,0,2,1,3,80,3,2,3,2,2,1,5,4,1,0,4,1,1,3,3,2,4,3,5,1,1,1,4,1,1,0,0,0,0,0,0,1,0,0,1,2,4,0.0,3,3,1,3,2,2,5,1,4,1,1,6,1,7,0.0,0,0,63.8235294117647,1.0,0.7000000000000001,0.0,0.0,0.0,0.0,0,1,2,2,0,0,2,1,0,1,0,0,2.0,0.0,1.0,0,2,1.0,2,3.0,2.0,2.0,36.7,4.0
209,2,4,5,6,0,0,4,1,2,5,5,4,2,5,4,0.06,0.0,4,4,2,2,3,2,4,1950,2,6,1,0.0,0.0,0.0,4,3,0,2,1,1,4,1,2,0,1,224,1,3,3,1,1,2,4,2,1,1,2,1,1,2,2,0,2,5,5,2,2,2,3,0,0,0,0,0,0,0,0,0,0,0,1,1,1,0.0,2,1,1,3,1,3,4,1,4,3,2,5,1,7,0.0,0,0,63.64705882352941,1.0,0.8,0.5,0.0,0.0,0.0,0,1,1,2,0,0,1,1,0,1,0,0,1.8461538461538463,0.15384615384615385,1.0,3,0,0.9230769230769231,1,0.0,2.0,0.0,0.0,4.0
210,3,5,5,6,3,0,4,3,2,4,4,4,2,5,4,0.096,0.0,4,4,1,1,3,3,6,2092,0,6,1,0.0,0.0,0.0,2,1,3,0,0,0,1,2,3,3,3,192,3,2,2,1,1,1,1,5,1,1,1,1,1,1,3,1,1,6,0,0,0,0,0,0,0,0,0,0,0,0,0,0,0,0,5,0,0,1.0,3,3,1,5,0,0,5,1,4,1,1,6,1,7,0.0,0,0,63.470588235294116,1.0,0.9,0.0,0.0,0.0,0.0,2,0,0,0,1,0,2,0,2,1,0,1,1.6923076923076923,0.3076923076923077,1.0,0,4,0.8461538461538461,2,1.0,2.0,11.7,55.3,4.0
212,3,4,5,4,0,0,5,1,1,4,4,4,1,5,4,0.08,0.0,4,4,1,1,3,2,4,2254,2,6,0,0.0,0.0,0.0,4,3,0,3,0,3,0,2,0,2,2,224,3,2,1,1,2,1,2,2,1,2,4,3,1,3,3,2,2,4,5,1,2,1,3,0,0,0,0,0,0,0,0,0,0,0,1,2,5,0.0,2,1,2,5,0,0,4,1,4,1,0,6,1,7,0.0,0,0,63.294117647058826,1.0,1.0,0.5,0.0,0.0,0.0,0,0,2,2,0,0,2,1,0,2,0,1,1.5384615384615383,0.46153846153846156,1.0,1,0,0.7692307692307692,2,0.0,2.0,0.0,59.7,4.0
213,4,5,5,6,0,0,4,1,1,5,4,4,2,5,1,0.07,0.0,4,4,2,1,3,1,4,2272,1,6,1,1.0,0.0,0.0,4,3,0,0,2,0,4,0,2,2,2,80,1,3,0,0,0,1,3,1,1,2,4,1,1,3,1,2,4,5,4,2,1,2,1,0,0,0,0,0,0,0,0,0,1,0,1,1,1,0.0,2,1,1,5,0,0,5,1,4,1,1,3,3,5,0.0,0,0,63.11764705882353,1.0,1.0,0.333333333,0.0,0.0,0.0,0,2,1,2,0,1,1,2,1,2,0,0,1.3846153846153846,0.6153846153846154,1.0,3,1,0.6923076923076923,1,4.0,2.0,0.0,0.0,4.0
214,3,4,6,2,0,0,3,4,3,1,5,3,3,5,2,0.01,0.0,4,2,2,1,2,1,4,2241,0,6,0,0.0,0.0,0.0,2,3,0,0,0,0,2,0,4,3,2,64,1,2,2,2,1,1,2,1,1,1,2,1,1,1,2,1,2,5,4,2,2,1,1,0,0,0,0,0,0,0,0,0,0,0,1,1,1,0.0,0,3,2,3,1,4,4,1,4,3,0,6,1,7,0.0,0,0,62.94117647058823,1.0,1.0,0.5,0.0,0.0,0.0,0,1,2,2,0,1,1,2,0,2,0,1,1.2307692307692308,0.7692307692307693,1.0,3,1,0.6153846153846154,2,0.0,2.0,0.0,85.3,4.0
215,4,5,7,1,0,0,4,1,1,5,4,5,4,5,4,0.19,0.0,4,4,2,1,2,2,4,2065,2,6,0,0.0,0.0,0.0,4,3,4,0,0,0,3,0,2,4,1,64,1,4,1,1,1,3,3,1,1,1,2,1,1,2,4,2,2,5,3,2,2,2,1,0,0,0,0,0,0,0,0,0,1,0,1,1,1,0.0,1,3,1,5,0,0,5,1,4,3,1,5,1,7,0.0,0,0,62.76470588235294,1.0,1.0,0.0,0.0,0.0,0.0,0,0,2,2,0,1,1,2,1,2,0,0,1.0769230769230769,0.9230769230769231,1.0,2,1,0.5384615384615384,0,0.0,2.0,0.0,18.0,4.0
218,5,5,5,2,3,0,3,4,2,5,6,2,1,5,4,0.03,0.0,4,4,2,1,3,1,4,1893,2,6,1,0.0,0.0,0.0,4,4,0,0,0,0,2,1,2,4,1,64,1,4,1,3,1,5,2,1,1,1,1,1,1,1,2,2,4,3,4,2,2,2,4,1,4,2,2,2,1,0,0,2,1,0,1,1,2,0.0,1,1,2,5,0,0,5,1,4,2,2,5,1,7,0.0,1,0,62.588235294117645,1.0,1.0,0.5,0.0,0.0,0.0,0,0,2,2,0,1,1,2,1,1,2,4,0.9230769230769229,1.076923076923077,1.0,0,1,0.46153846153846145,1,4.0,2.0,0.0,1.0,4.0
219,1,5,6,7,3,0,3,4,2,5,7,5,4,5,4,0.24,0.0,4,4,2,1,3,3,4,1955,2,6,0,0.0,0.0,0.0,1,3,0,2,0,2,2,1,3,2,1,224,1,2,1,1,1,1,2,4,2,2,1,1,1,2,3,2,3,4,2,2,3,2,2,0,0,0,0,0,0,0,0,0,0,0,1,2,1,0.0,1,1,1,5,0,0,5,1,4,3,0,6,1,7,0.0,2,0,62.411764705882355,1.0,1.0,0.0,0.0,0.0,0.0,0,0,2,2,0,0,1,0,1,1,2,3,0.7692307692307692,1.2307692307692308,1.0,2,2,0.3846153846153846,2,2.0,2.0,11.7,78.3,4.0
220,4,5,5,6,1,0,5,1,1,5,6,3,2,5,4,0.13,0.0,4,4,1,1,2,2,4,2314,2,6,1,1.0,1.0,0.0,3,4,0,0,0,0,0,0,2,5,1,0,4,4,2,4,1,1,2,3,1,1,1,1,3,1,3,1,4,2,3,2,3,1,4,0,0,0,0,0,0,0,0,0,1,0,1,1,2,0.0,2,1,1,5,0,0,5,1,4,2,0,5,2,3,0.0,0,0,62.23529411764706,1.0,1.0,0.5,0.0,0.0,0.0,0,0,2,2,0,1,2,2,1,2,2,3,0.6153846153846154,1.3846153846153846,1.0,0,3,0.3076923076923077,2,4.0,2.0,4.0,126.0,4.0
221,4,5,7,1,3,0,4,3,1,5,4,2,3,3,4,0.56,0.0,4,4,1,3,3,2,3,2254,0,6,0,0.0,0.6666666666666667,0.0,0,4,3,0,0,0,0,1,2,5,2,0,3,4,1,3,1,1,2,1,2,1,1,1,1,1,2,1,4,2,4,2,3,2,4,1,4,4,1,3,1,0,1,1,1,0,1,1,3,0.0,1,3,1,4,2,2,5,1,4,3,0,6,1,7,0.0,2,0,62.05882352941177,1.0,1.0,0.333333333,0.0,0.0,0.0,0,1,2,2,0,1,1,2,0,2,2,4,0.46153846153846145,1.5384615384615385,1.0,0,1,0.23076923076923073,1,4.0,2.0,2.0,71.85,4.0
223,4,5,6,4,3,0,4,2,2,4,3,4,3,5,4,0.19,0.0,4,4,2,1,3,2,3,2118,2,6,0,0.0,0.33333333333333337,0.0,2,4,3,0,0,0,1,0,1,6,0,0,4,5,1,1,1,1,1,1,3,1,1,1,1,2,4,4,2,2,4,1,1,1,1,0,0,0,0,0,0,0,0,0,0,0,1,2,2,1.0,1,3,1,5,0,0,1,1,4,3,1,6,1,7,0.0,2,0,61.88235294117647,1.0,1.0,0.333333333,0.0,0.0,0.0,0,0,2,2,0,0,1,0,1,1,2,4,0.3076923076923075,1.6923076923076925,1.0,0,1,0.15384615384615374,0,0.0,2.0,0.0,17.7,4.0
226,2,4,5,4,0,0,4,2,2,4,6,4,2,5,4,0.04,0.0,4,4,2,1,3,3,3,1950,0,6,1,0.0,0.0,0.0,4,3,0,4,0,2,0,1,0,3,0,168,1,2,1,1,2,1,1,4,1,2,2,1,1,3,3,2,1,5,5,1,1,2,4,0,0,0,0,0,0,0,0,0,0,0,1,1,5,0.0,3,1,1,4,2,2,5,1,4,1,0,5,1,7,0.0,0,0,61.705882352941174,0.8,1.0,0.5,0.0,0.0,0.0,0,0,2,1,0,0,2,0,0,1,3,1,0.15384615384615374,1.8461538461538463,1.0,1,2,0.07692307692307687,2,1.0,2.0,4.0,76.3,4.0
227,1,1,6,4,3,1,5,4,3,5,7,5,2,1,2,0.1,0.0,4,4,3,1,3,1,6,1945,2,6,0,0.0,0.0,0.0,4,3,0,0,0,5,0,2,1,1,1,232,3,1,0,0,0,1,2,4,1,2,4,1,1,2,3,1,2,5,5,1,1,1,4,0,0,0,0,0,0,0,0,0,0,0,2,2,4,0.0,3,3,1,4,2,1,5,1,4,1,1,6,1,1,0.0,1,0,61.529411764705884,0.6,1.0,0.0,0.0,0.0,0.0,1,0,1,1,0,0,2,0,0,0,3,1,0.0,2.0,1.0,0,2,0.0,2,0.0,2.0,2.7,96.0,4.0
228,2,5,5,6,3,2,4,1,1,1,2,5,1,2,2,0.025,0.0,4,4,3,2,3,2,1,2017,2,6,0,0.0,0.0,0.0,4,3,0,5,0,2,0,0,1,0,2,232,3,1,0,0,0,1,1,4,3,2,1,1,1,3,4,1,2,5,5,1,1,2,1,0,0,0,0,0,0,0,0,0,0,0,1,2,4,0.0,3,3,2,5,0,0,5,1,4,1,1,6,1,7,0.0,1,0,61.35294117647059,0.3999999999999999,1.0,0.333333333,0.01777777776,0.01333333332,0.0,0,0,2,2,0,0,1,0,0,2,3,0,0.0,2.0,1.0,1,2,0.0,0,0.0,2.0,5.0,24.0,4.0
229,4,5,7,1,0,0,5,3,2,4,3,3,3,5,4,0.14,0.0,4,4,2,1,3,1,6,2236,0,6,1,0.0,0.0,0.0,4,3,0,3,2,2,2,2,2,2,2,186,2,2,2,1,1,1,1,3,3,2,1,1,1,2,3,2,2,4,4,1,1,2,3,0,0,0,0,0,0,0,0,0,0,0,1,2,1,0.0,2,1,1,5,0,0,5,1,4,1,0,5,1,7,0.0,0,0,61.1764705882353,0.19999999999999996,1.0,0.0,0.03555555552,0.02666666664,0.0,0,0,2,2,0,0,2,0,0,1,3,1,0.0,1.5,0.5,1,3,0.0,2,0.0,2.0,12.2,68.5,2.0
22,4,5,7,1,3,0,5,5,3,4,4,3,6,5,4,0.71,0.0,4,4,1,1,3,1,4,1523,0,0,0,0.0,0.0,0.0,2,4,3,1,1,1,2,0,2,4,1,64,3,4,2,1,2,1,2,2,3,2,2,1,1,1,4,4,2,2,2,2,2,2,2,0,0,0,0,0,0,0,0,0,1,0,2,1,3,0.0,2,3,1,5,0,0,5,1,4,1,1,6,1,7,0.0,1,6.31,61.0,0.0,1.0,0.0,0.05333333327999999,0.03999999996,0.0,1,0,1,1,0,1,1,2,1,1,2,4,0.0,1.0,0.0,0,0,0.0,0,0.0,2.0,0.0,21.3,0.0
230,5,5,7,1,0,0,5,4,3,3,3,2,3,5,2,0.54,0.0,4,4,1,1,3,3,3,2272,0,6,1,0.0,0.0,0.5,2,3,0,3,2,2,2,2,1,2,2,232,1,2,2,1,2,1,2,4,3,1,1,2,1,3,1,1,1,6,0,0,0,0,0,0,0,0,0,0,0,0,0,0,0,0,2,2,3,1.0,2,1,1,4,2,3,5,1,4,1,1,6,1,7,0.0,0,0,60.68571428571428,0.0,1.0,0.333333333,0.07111111104,0.05333333328,0.0,2,0,1,1,1,0,1,1,1,1,3,1,0.0,1.25,0.25,1,2,0.0,2,1.0,2.0,9.0,64.8,1.0
231,3,5,7,1,0,0,5,1,2,5,3,3,4,5,4,0.37,0.0,4,4,2,1,3,2,4,1971,0,6,0,0.0,0.0,1.0,4,3,1,2,0,2,0,2,0,3,2,168,1,3,1,1,1,1,1,2,3,2,1,1,1,2,3,2,2,4,5,1,1,1,5,0,0,0,0,0,0,0,0,0,0,0,5,0,0,1.0,3,1,1,5,0,0,5,1,4,1,1,5,1,7,0.0,0,0,60.371428571428574,0.0,1.0,0.0,0.0888888888,0.0666666666,0.0,1,0,0,0,2,0,2,0,2,1,3,0,0.0,1.5,0.5,2,0,0.0,2,0.0,2.0,4.0,76.0,2.0
232,1,4,7,2,0,0,5,1,2,5,7,0,5,5,4,2146.0,0.0,4,4,2,1,2,2,4,2146,2,6,0,0.0,0.0,0.5,4,3,4,0,0,0,4,0,2,2,1,80,1,2,2,1,1,4,4,1,1,1,2,1,1,2,2,3,3,4,5,2,2,2,2,0,0,0,0,0,0,0,1,0,1,0,1,2,1,0.0,1,2,2,5,0,0,1,1,4,2,2,6,1,7,0.0,2,0,60.05714285714286,0.0,1.0,0.333333333,0.10666666655999998,0.07999999992,0.0,0,2,2,0,0,0,1,0,2,1,3,0,0.0,1.75,0.75,1,1,0.0,1,2.0,2.0,0.0,0.0,3.0
233,4,5,6,1,0,0,3,4,3,5,6,3,3,5,1,0.25,0.0,4,4,2,2,3,2,6,2141,0,6,2,0.0,0.0,0.0,4,3,4,2,0,4,1,3,2,1,3,232,1,2,2,2,2,1,2,4,3,2,1,1,1,3,4,2,2,4,5,1,1,1,5,1,2,0,0,0,0,0,0,1,0,0,2,2,5,0.0,3,3,1,2,2,2,2,1,4,1,1,6,1,1,0.0,1,0,59.74285714285714,0.0,1.0,0.0,0.12444444431999999,0.09333333324,0.0,1,2,1,1,0,0,2,0,1,1,3,0,0.0,2.0,1.0,1,2,0.0,0,0.0,2.0,4.15,32.7,4.0
236,3,5,6,1,2,1,4,2,2,2,4,5,3,2,2,0.212,0.0,4,4,3,1,3,3,6,2039,2,6,0,0.0,0.0,0.2,4,2,1,1,0,3,0,2,4,1,3,224,1,1,0,0,0,1,1,5,1,1,1,1,1,3,3,1,1,6,0,0,0,0,0,0,0,0,0,0,0,0,0,0,0,0,4,0,0,1.0,3,3,2,5,0,0,5,1,4,1,1,6,1,7,0.0,1,0,59.42857142857143,0.0,1.0,0.333333333,0.14222222208,0.10666666656,0.0,2,0,0,0,1,0,2,0,2,1,1,2,0.0,3.0,1.0,2,4,0.0,2,1.0,2.0,8.3,71.0,5.0
237,3,5,6,2,0,0,5,5,3,4,6,4,2,4,4,0.12,0.0,4,4,1,1,3,2,6,2092,0,6,0,0.0,0.0,0.4,2,1,3,0,0,2,0,2,3,2,2,128,3,1,0,0,0,1,2,3,1,1,1,1,1,1,3,1,1,6,0,0,0,0,0,0,0,0,0,0,0,0,0,0,0,0,4,0,0,0.0,3,1,1,4,2,2,5,1,4,1,1,6,1,7,0.0,0,0,59.114285714285714,0.0,1.0,0.5,0.15999999984,0.11999999988,0.0,1,0,0,0,1,0,2,1,2,0,4,8,0.0,3.0,1.0,3,3,0.0,2,1.0,2.0,6.2,29.1,5.0
238,1,5,6,3,1,0,4,5,3,6,7,3,3,1,2,0.03,0.0,4,4,1,1,3,2,6,2026,2,6,0,0.0,0.0,0.6000000000000001,2,2,4,1,0,2,0,2,0,5,1,128,4,4,3,1,1,1,2,4,1,1,3,2,2,3,3,3,2,5,1,1,1,1,1,0,0,5,2,1,0,0,0,0,0,0,1,2,3,0.0,2,3,1,5,0,0,5,1,4,1,1,6,1,7,0.0,0,0,58.8,0.0,1.0,0.333333333,0.1777777776,0.1333333332,0.0,0,0,2,2,0,0,2,0,0,0,1,2,0.0,3.0,1.0,0,4,0.0,2,0.5,2.0,7.0,63.0,5.0
239,5,6,6,6,3,0,4,4,3,5,3,3,3,5,4,0.26,0.0,4,4,2,1,3,3,6,2314,0,0,2,1.0,0.2,0.8,4,1,0,0,0,1,0,2,2,2,2,0,4,5,0,0,0,1,1,4,1,1,1,1,1,1,3,1,2,5,1,1,3,1,5,0,0,0,0,0,0,0,0,0,0,0,5,0,0,0.0,3,3,1,5,0,0,5,1,4,1,1,6,1,7,0.0,0,0,58.48571428571429,0.0,1.0,0.333333333,0.19555555536,0.14666666652,0.0,1,0,0,0,2,0,2,0,2,0,1,5,0.6666666666666666,3.6666666666666665,1.0,0,2,0.0,2,0.0,2.0,9.8,290.5,4.666666666666667
240,4,5,7,1,3,0,5,4,2,4,3,3,3,2,1,0.27,0.0,4,4,3,1,2,2,4,2140,2,6,0,0.0,0.4,1.0,4,1,3,2,0,0,3,2,4,1,1,224,3,1,0,0,0,1,2,3,1,2,1,1,1,3,3,1,2,5,4,2,3,3,5,0,0,0,0,0,0,0,0,0,0,0,3,2,4,0.0,1,3,1,4,2,2,5,1,4,1,2,6,1,7,0.0,2,0,58.17142857142857,0.0,1.0,0.333333333,0.21333333311999997,0.15999999984,0.0,1,2,1,1,0,0,2,0,0,1,1,2,1.3333333333333333,4.333333333333333,1.0,2,3,0.0,2,0.0,2.0,0.0,185.6,4.333333333333333
241,4,5,4,6,0,0,2,4,3,4,6,3,3,2,2,0.25,0.0,4,4,2,3,3,3,6,2141,0,6,0,0.0,0.6000000000000001,0.5,3,2,4,0,0,3,0,3,2,3,3,224,2,4,3,3,1,1,2,4,2,2,1,2,3,3,3,1,4,2,1,1,2,2,5,1,5,3,1,1,1,0,0,1,0,0,1,2,0,0.0,3,3,1,3,2,1,5,1,4,3,1,6,1,7,0.0,0,0,57.857142857142854,0.0,1.0,0.666666667,0.23111111087999997,0.17333333316,0.0,0,1,2,2,0,0,2,0,0,0,1,2,2.0,5.0,1.0,0,2,0.0,2,4.0,2.0,2.75,80.7,4.0
242,2,5,7,1,3,0,5,2,2,4,4,4,3,5,4,0.2,0.0,4,4,2,1,3,1,3,1971,2,6,0,0.5,0.8,0.0,3,2,3,0,0,0,1,0,2,0,1,0,4,4,3,2,1,1,1,3,1,1,1,1,1,2,3,2,1,4,3,1,2,1,1,0,0,0,0,0,0,0,0,0,0,0,1,1,2,0.0,3,3,1,5,0,0,5,1,4,3,1,6,1,7,0.0,0,0,57.542857142857144,0.0,1.0,0.333333333,0.24888888863999997,0.18666666648,0.0,0,0,2,2,0,0,1,0,0,1,1,2,1.5,4.5,1.0,0,3,0.0,2,1.0,2.0,5.5,39.5,4.25
248,2,2,5,6,0,0,4,3,2,3,4,6,2,5,4,0.13,0.0,4,4,2,1,3,3,6,1903,0,6,1,1.0,1.0,0.0,3,1,3,0,0,1,0,3,4,1,3,160,1,1,0,0,0,1,2,3,1,1,1,1,1,1,3,2,1,6,0,0,0,0,0,0,0,0,0,0,0,0,0,0,0,0,5,0,0,1.0,3,3,1,5,0,0,5,1,4,1,1,6,1,7,0.0,0,0,57.22857142857143,0.0,1.0,0.0,0.2666666664,0.1999999998,0.0,2,0,0,0,1,0,2,0,2,1,4,8,1.0,4.0,1.0,0,3,0.0,2,1.0,2.0,7.7,90.0,4.5
249,4,5,6,6,3,0,5,1,1,4,5,5,2,5,4,0.22,0.0,4,4,1,1,3,3,6,2192,0,6,1,0.0,0.6666666666666667,0.0,4,1,3,0,0,0,0,2,3,3,3,192,3,2,2,1,1,1,1,5,1,1,1,1,1,1,3,1,1,6,0,0,0,0,0,0,0,0,0,0,0,0,0,0,0,0,5,0,0,1.0,3,3,1,5,0,0,5,1,4,1,1,6,1,7,0.0,0,0,56.91428571428571,0.0,1.0,0.0,0.28444444416,0.21333333312,0.0,2,0,0,0,1,0,2,0,2,2,4,8,0.5,3.5,1.0,0,4,0.0,2,1.0,2.0,7.8,120.9,4.75
250,2,4,5,2,2,2,3,2,2,2,4,6,2,1,4,0.005,1.0,4,4,2,2,3,3,6,2039,0,6,0,0.0,0.33333333333333337,0.0,4,1,0,1,0,2,0,2,3,2,3,224,2,3,1,1,1,1,1,5,1,1,1,1,1,3,3,1,1,6,0,0,0,0,0,0,0,0,0,0,0,0,0,0,0,0,5,0,0,1.0,3,3,1,5,0,0,5,1,4,1,1,6,1,7,0.0,1,0,56.6,0.0,1.0,0.0,0.30222222192,0.22666666644,0.0,2,0,0,0,1,2,2,2,2,2,4,8,0.0,3.0,1.0,0,4,0.0,2,1.0,2.0,4.3,87.0,5.0
251,1,4,5,6,3,0,3,1,1,4,7,5,1,5,4,0.03,0.0,4,4,3,3,3,1,6,2181,0,6,0,0.0,0.0,0.0,4,1,0,0,0,2,0,2,4,2,2,160,1,2,1,1,1,1,1,4,1,1,1,1,1,3,3,1,1,6,0,0,0,0,0,0,0,0,0,0,0,0,0,0,0,0,5,0,0,1.0,3,3,1,5,0,0,5,1,4,1,0,5,1,7,0.0,0,0,56.285714285714285,0.0,1.0,0.333333333,0.31999999968,0.23999999976,0.0,2,0,0,0,2,0,2,0,2,2,4,8,0.0,3.0,1.0,0,2,0.0,2,1.0,2.0,9.3,126.7,5.0
252,4,5,4,4,0,0,4,4,3,5,6,5,2,4,4,0.12,0.0,4,4,2,1,3,3,6,2181,0,6,0,0.0,0.0,0.0,2,1,0,2,0,3,0,2,3,1,2,224,1,1,0,0,0,1,2,5,1,1,1,1,1,1,3,1,1,6,0,0,0,0,0,0,0,0,0,0,0,0,0,0,0,0,5,0,0,1.0,3,3,1,3,2,3,5,1,4,1,0,6,1,7,0.0,1,0,55.971428571428575,0.0,1.0,0.5,0.33777777744,0.25333333308,0.0,2,0,0,0,1,0,2,0,2,1,4,8,0.0,3.0,1.0,2,4,0.0,2,1.0,2.0,8.3,99.0,5.0
253,2,2,2,6,2,2,4,2,2,4,7,4,3,1,4,0.146,0.5,0,1,1,2,3,3,6,2139,2,6,0,0.0,0.0,0.0,3,1,0,1,0,3,0,4,0,5,2,128,3,1,0,0,0,1,1,4,1,1,1,1,1,3,3,1,1,6,0,0,0,0,0,0,0,0,0,0,0,0,0,0,0,0,4,0,0,1.0,3,3,1,4,1,2,2,1,4,3,1,5,1,7,0.0,1,0,55.65714285714286,0.0,1.0,0.0,0.3555555552,0.2666666664,0.0,2,1,0,0,1,2,2,2,2,2,4,7,0.0,3.0,1.0,2,4,0.0,2,1.0,2.0,4.15,184.85,5.0
254,1,6,7,1,3,0,4,4,3,5,7,0,3,5,4,0.38,1.0,4,4,1,2,3,3,6,2039,0,6,1,0.0,0.009523809523809525,0.0,2,1,3,0,0,2,1,3,3,1,1,128,3,2,0,0,0,1,2,4,1,1,1,1,1,3,3,1,1,6,0,0,0,0,0,0,0,0,0,0,0,0,0,0,0,0,5,0,0,1.0,3,3,1,5,0,0,5,1,4,1,1,6,1,0,0.0,0,0,55.34285714285714,0.0,1.0,0.0,0.37333333296,0.27999999972,0.0,2,1,0,0,1,2,2,2,2,2,4,8,0.0,2.5,1.0,3,2,0.0,2,1.0,2.0,0.0,270.7,5.0
255,1,5,7,1,3,1,5,4,3,5,7,4,2,2,2,0.061,0.0,4,4,3,0,3,3,6,2038,2,6,0,0.0,0.01904761904761905,0.5,3,1,0,3,0,2,0,2,3,0,3,224,2,1,0,0,0,1,1,4,2,2,1,1,1,2,4,1,2,6,0,0,0,0,0,0,0,0,0,0,0,0,0,0,0,0,5,0,0,1.0,3,3,1,5,0,0,4,1,4,1,1,6,1,7,0.0,1,0,55.028571428571425,0.0,1.0,0.0,0.39111111072,0.29333333304,0.0,2,0,0,0,2,0,2,0,2,0,4,7,0.0,2.0,1.0,1,2,0.0,0,0.0,2.0,1.7,26.0,5.0
258,4,5,5,4,3,0,4,4,3,1,5,2,3,5,1,0.22,0.0,4,4,2,1,3,3,4,2272,2,6,0,0.0,0.028571428571428574,1.0,4,4,3,0,0,0,0,2,0,5,1,0,4,4,1,2,2,2,1,1,2,2,2,1,1,1,2,1,4,3,1,2,3,2,5,1,5,2,1,3,1,0,1,3,0,0,1,2,0,0.0,1,1,2,4,2,4,5,1,4,3,2,3,2,5,0.0,2,0,54.714285714285715,0.0,1.0,0.333333333,0.40888888848,0.30666666636,0.0,0,2,1,2,0,0,1,1,0,1,5,9,1.0,2.5,1.0,0,1,0.0,1,4.0,2.0,0.0,0.0,7.0
261,3,5,7,4,2,1,4,4,3,4,4,5,5,2,2,0.28,0.0,4,4,2,1,2,3,4,1974,1,6,0,0.0,0.0380952380952381,0.5,1,3,0,3,0,0,4,0,0,0,2,104,4,1,0,0,0,1,3,2,2,2,4,1,1,3,4,3,3,4,4,3,2,2,1,0,0,0,0,0,0,0,0,0,1,0,1,2,4,0.0,2,3,2,5,0,0,3,6,4,1,0,6,1,7,0.0,0,0,54.4,0.0,1.0,0.5,0.42666666623999994,0.31999999968,0.0,0,0,2,2,0,1,1,2,0,1,0,0,2.0,3.0,1.0,2,0,0.0,0,2.0,2.0,0.3,23.4,9.0
263,3,4,6,6,3,1,3,4,2,5,7,4,6,3,2,0.1837,0.0,4,4,2,3,3,3,4,1865,2,6,0,0.0,0.04761904761904762,0.0,3,4,3,1,1,0,2,0,2,4,3,240,2,4,3,4,1,1,3,2,2,2,3,1,1,3,3,3,4,2,4,2,2,2,3,1,4,5,5,1,1,0,0,2,0,0,1,1,3,0.0,1,3,1,3,2,1,5,6,4,1,1,6,1,0,0.0,1,0,54.08571428571429,0.0,1.0,0.333333333,0.444444444,0.333333333,0.0,0,1,2,2,1,0,1,0,1,1,2,3,2.0,1.0,1.0,3,0,0.0,2,3.0,2.0,0.0,64.0,4.0
265,5,5,5,4,3,1,3,2,1,2,5,2,3,2,1,0.004,0.0,4,4,2,2,2,2,4,2034,0,6,0,0.0,0.05714285714285715,0.0,4,4,3,0,0,0,2,0,1,5,1,64,1,1,0,0,0,1,2,1,1,1,3,1,1,3,2,3,4,2,4,2,2,2,3,1,4,2,5,1,1,0,1,3,1,0,1,1,3,0.0,3,3,2,5,0,0,3,6,4,1,0,6,1,7,0.0,0,0,53.77142857142857,0.0,1.0,0.333333333,0.419753086,0.3148148145,0.0,0,2,1,2,1,1,1,2,1,2,2,4,2.0,1.0,0.0,0,1,0.0,1,3.0,2.0,0.0,15.0,9.0
267,1,4,5,7,3,2,3,1,2,5,7,6,6,3,2,0.38,0.0,4,4,2,3,1,1,4,1904,2,6,0,0.0,0.06666666666666668,0.0,4,4,3,0,0,0,1,0,0,5,0,0,4,5,1,4,1,1,2,1,3,2,2,1,3,3,3,2,4,2,5,2,2,2,4,1,3,2,4,1,1,0,0,3,1,0,1,1,3,0.0,2,3,2,4,2,3,3,6,4,1,1,6,1,7,0.0,2,0,53.457142857142856,0.5,1.0,0.333333333,0.395061728,0.296296296,0.0,0,2,2,2,0,1,1,2,0,2,2,3,2.0,1.0,1.0,0,1,0.0,2,3.0,2.0,0.0,40.3,4.0
270,3,4,5,7,0,3,2,1,3,5,6,6,6,5,1,0.67,0.0,4,4,3,1,2,3,2,1706,2,6,0,0.0,0.0761904761904762,0.0,4,3,4,0,1,0,3,0,2,3,1,64,1,3,3,3,2,1,1,1,1,1,1,1,1,1,2,5,2,1,5,2,2,1,5,0,0,0,0,0,0,0,0,0,1,0,2,1,3,1.0,3,3,1,3,2,2,5,1,4,1,1,5,1,7,0.0,0,7.2,53.142857142857146,1.0,1.0,0.0,0.37037037,0.2777777775,0.0,1,2,1,1,1,1,1,2,1,1,0,0,1.0,3.0,0.0,0,1,0.0,1,2.0,2.0,0.0,16.7,4.0
273,1,5,6,2,3,1,4,3,3,3,7,4,6,2,2,0.469,0.0,4,4,3,1,2,2,5,2083,2,6,0,0.0,0.08571428571428572,0.0,4,3,0,0,0,0,5,0,1,0,0,64,3,1,0,0,0,1,5,1,1,2,4,1,1,3,3,3,4,2,5,1,1,1,3,0,0,0,0,0,0,0,0,0,0,0,1,1,4,0.0,3,3,2,5,0,0,5,1,4,1,1,6,1,7,0.0,0,0,52.82857142857143,1.0,1.0,0.333333333,0.345679012,0.259259259,0.0,0,1,2,2,0,0,2,0,0,1,0,1,2.0,0.0,2.0,0,1,0.0,2,3.0,2.0,0.0,63.3,4.0
274,2,5,6,2,3,2,4,5,3,5,6,4,6,4,4,0.3122,0.0,4,4,2,2,2,2,4,1846,0,6,0,0.0,0.09523809523809525,0.0,4,4,2,0,0,0,0,0,4,4,1,64,4,4,1,3,1,1,3,4,1,1,1,1,4,3,3,3,4,2,3,3,3,2,4,1,4,4,4,3,1,0,1,3,1,0,1,1,2,0.0,1,3,2,5,0,0,3,6,4,1,0,6,1,3,0.0,2,0,52.51428571428571,1.0,1.0,0.333333333,0.320987654,0.2407407405,0.0,0,1,2,2,1,1,1,2,1,1,2,3,2.0,3.0,1.0,0,2,0.0,2,3.0,2.0,5.3,95.4,9.0
275,1,5,5,3,2,0,3,4,3,5,6,6,6,2,2,0.49,0.0,4,4,2,1,3,1,4,1846,2,6,0,0.0,0.10476190476190478,0.0,3,4,3,0,0,1,3,0,1,5,2,104,3,3,3,3,1,1,4,1,2,2,2,2,2,3,3,2,3,2,2,2,2,3,4,1,5,3,3,3,1,0,0,1,1,1,1,2,3,0.0,2,3,1,5,0,0,3,6,4,1,1,6,1,7,0.0,1,0,52.2,1.0,1.0,0.0,0.29629629599999996,0.222222222,0.0,0,0,2,2,0,1,1,2,0,1,2,3,2.0,1.0,0.0,0,1,1.0,0,2.0,2.0,0.0,61.7,4.0
276,5,5,5,4,2,0,0,5,2,5,7,1,5,3,2,0.05,0.0,4,4,2,1,2,1,4,2041,2,6,0,0.0,0.1142857142857143,0.0,3,3,4,1,0,0,3,0,4,3,3,96,4,4,4,3,1,1,3,3,3,2,4,1,3,3,3,3,4,2,4,1,2,3,3,1,4,3,5,2,1,0,0,1,1,0,1,2,1,0.0,2,3,1,4,2,1,4,1,4,2,1,6,1,7,0.0,2,0,51.885714285714286,1.0,1.0,0.0,0.27160493799999996,0.2037037035,0.0,0,0,2,2,0,1,2,2,0,1,2,3,2.0,0.0,0.0,0,3,0.0,2,3.0,2.0,5.0,71.0,9.0
27,2,5,7,1,0,0,5,5,3,3,5,6,6,5,4,0.75,0.0,4,4,2,1,3,1,4,1363,0,6,0,0.0,0.12380952380952381,0.0,2,3,0,5,0,5,0,1,1,1,3,168,3,1,0,0,0,1,1,4,1,2,1,2,1,2,4,2,1,5,5,1,1,1,5,0,0,0,0,0,0,0,0,0,0,0,5,0,0,1.0,3,3,1,5,0,0,5,1,4,1,1,1,1,7,0.0,1,0,51.57142857142857,1.0,1.0,0.0,0.24691358,0.185185185,0.0,1,0,0,0,2,0,2,0,2,0,3,0,0.0,2.0,1.0,1,2,0.0,0,1.0,2.0,2.3,21.0,3.0
284,3,5,6,4,2,1,4,4,3,4,7,5,5,2,4,0.156,0.0,4,4,2,1,3,2,2,1947,2,6,0,0.0,0.13333333333333336,0.0,2,3,3,5,0,2,0,0,0,0,1,232,4,1,0,0,0,1,1,4,2,2,2,1,1,3,4,2,2,5,5,1,1,1,5,0,0,0,0,0,0,0,0,0,0,0,4,0,0,0.0,3,3,2,5,0,0,5,6,4,1,1,6,1,1,0.0,0,0,51.25714285714286,1.0,1.0,0.333333333,0.222222222,0.1666666665,0.0,1,0,0,0,2,0,2,0,2,0,3,0,0.0,2.0,1.0,1,2,0.0,0,0.0,2.0,3.7,25.6,4.0
285,4,5,4,1,3,1,4,4,3,4,3,5,6,4,2,0.603,0.0,4,4,2,1,3,2,6,2077,2,6,0,0.0,0.14285714285714288,0.0,4,4,0,1,1,0,2,0,1,4,0,112,4,4,1,4,1,1,2,1,1,1,1,1,3,3,2,3,4,1,5,2,2,2,4,1,2,0,0,0,1,0,0,1,0,0,2,2,3,0.0,1,3,2,4,2,2,5,1,4,1,1,5,1,7,0.0,1,0,50.94285714285714,1.0,1.0,0.333333333,0.197530864,0.148148148,0.0,1,1,1,1,0,0,1,0,1,0,2,4,2.0,1.0,1.0,0,1,0.0,1,3.0,2.0,1.85,12.8,4.0
286,5,5,6,6,3,2,4,1,1,3,4,1,3,2,1,0.005,0.0,4,4,2,2,3,2,3,2024,2,6,0,0.0,0.1523809523809524,0.0,3,3,3,0,4,0,2,0,1,1,2,85,4,1,0,0,0,2,2,1,2,2,4,1,2,2,1,3,2,4,5,4,2,2,3,1,3,5,3,1,1,0,0,2,1,0,4,0,0,0.0,1,3,2,4,2,3,2,6,4,1,1,6,1,7,0.0,2,0,50.628571428571426,1.0,1.0,0.333333333,0.17283950599999998,0.1296296295,0.0,2,2,0,0,2,1,2,2,2,2,3,0,1.0,4.0,1.0,1,1,0.0,1,0.0,2.0,0.0,0.0,9.0
288,4,5,6,6,1,0,3,5,3,5,7,6,6,1,4,0.38,0.0,4,4,1,3,3,1,4,1833,2,6,0,0.0,0.1619047619047619,0.0,3,4,3,0,0,2,1,0,1,5,1,224,3,4,2,4,1,1,1,1,3,2,1,2,3,3,4,2,5,2,2,1,2,3,5,1,5,3,5,1,0,0,0,1,0,0,1,2,5,0.0,1,3,1,2,2,1,5,2,4,3,1,6,1,7,0.0,1,0,50.31428571428572,1.0,1.0,0.666666667,0.14814814799999998,0.11111111099999998,0.0,0,1,2,2,0,0,1,1,0,1,2,3,2.0,1.0,1.0,0,1,1.0,0,3.0,2.0,0.15,21.0,4.0
28,3,5,7,1,0,0,5,5,3,4,1,6,6,3,4,0.45,0.0,4,4,2,1,3,2,4,1428,0,6,0,0.0,0.17142857142857143,0.0,2,3,0,4,0,2,3,1,1,0,1,232,3,1,0,0,0,1,3,3,2,2,2,2,1,3,4,4,2,2,5,2,2,2,2,0,0,0,0,0,0,0,0,0,1,0,2,1,5,0.0,1,3,2,5,0,0,5,1,4,1,0,6,1,7,0.0,1,6.57,50.0,1.0,1.0,0.0,0.12345678999999998,0.09259259249999999,0.0,1,0,1,1,0,1,1,2,1,1,3,0,1.0,2.0,0.0,1,3,0.0,0,0.0,2.0,0.3,25.7,0.0
297,4,5,7,2,3,1,3,4,1,5,7,6,6,2,4,0.528,0.0,4,4,2,2,3,3,5,1835,0,6,0,0.0,0.18095238095238098,0.0,4,2,3,3,0,3,0,0,2,2,2,224,1,2,1,2,1,1,2,4,2,2,3,1,2,3,3,3,3,4,4,3,2,2,4,0,0,0,0,0,0,0,0,0,1,0,1,1,4,0.0,1,3,2,5,0,0,4,6,4,1,0,6,1,7,0.0,2,0,52.25,0.875,1.0,0.666666667,0.09876543199999999,0.07407407399999999,0.0,0,1,2,1,0,1,1,2,0,2,1,2,2.0,2.0,1.0,2,2,0.0,2,2.0,2.0,2.0,101.7,4.0
298,4,5,5,7,0,0,2,4,3,5,5,2,5,5,1,0.17,0.0,4,4,3,1,3,2,4,1911,0,6,0,0.0,0.1904761904761905,0.0,4,1,3,2,0,2,0,2,3,2,2,224,1,1,0,0,0,1,1,5,1,1,1,1,1,2,3,1,1,5,5,1,1,1,5,0,0,0,0,0,0,0,0,0,0,0,4,0,0,1.0,3,3,1,5,0,0,5,6,4,1,1,6,1,7,0.0,0,0,54.5,0.75,1.0,0.0,0.07407407399999999,0.05555555550000002,0.0,1,2,0,0,2,0,2,0,2,0,1,2,1.0,2.5,1.0,2,4,0.0,2,1.0,2.0,10.3,51.0,4.0
299,1,5,7,1,3,1,4,5,3,5,7,5,6,1,2,0.907,0.0,4,4,2,1,3,2,5,1669,1,6,0,0.05555555555555555,0.2,0.0,2,2,3,3,0,1,0,0,4,0,3,232,1,1,0,0,0,1,1,4,1,1,2,1,1,3,3,1,2,5,5,1,1,2,1,0,0,0,0,0,0,0,0,0,1,0,1,2,4,0.0,3,3,2,5,0,0,5,1,4,1,1,6,1,7,0.0,1,0,56.75,0.625,1.0,0.0,0.04938271599999999,0.037037036999999995,0.0,0,1,2,2,0,1,1,2,0,1,1,5,0.0,3.0,1.0,1,2,0.0,2,2.0,2.0,5.3,226.7,4.0
307,1,5,6,4,1,0,4,5,3,6,7,3,6,1,2,0.03,0.0,4,4,1,1,3,2,6,2026,2,6,0,0.1111111111111111,0.20952380952380956,0.0,2,1,0,1,0,2,1,2,4,1,1,232,3,1,0,0,0,1,1,4,3,2,1,1,1,3,3,1,2,5,5,1,1,1,5,1,1,0,0,0,0,0,0,2,0,0,5,0,0,1.0,3,3,1,5,0,0,5,1,4,1,1,6,1,7,0.0,1,0,59.0,0.5,1.0,0.0,0.024691357999999997,0.01851851849999997,0.0,1,0,0,0,2,0,2,0,2,0,4,7,0.0,3.0,1.0,3,2,0.0,2,0.0,2.0,6.0,51.0,5.0
308,1,5,7,4,2,2,4,5,3,5,6,6,6,1,2,0.47,0.0,4,4,1,1,3,2,6,2008,2,6,0,0.16666666666666666,0.21904761904761907,0.0,4,2,0,0,0,3,0,1,4,1,2,232,3,1,0,0,0,1,1,5,3,1,1,1,1,3,3,1,3,3,5,1,1,1,5,1,1,0,0,0,0,0,0,2,0,0,2,2,4,0.0,3,3,1,5,0,0,5,1,4,1,1,6,1,7,0.0,1,0,61.25,0.375,1.0,0.0,0.0,0.0,0.0,1,0,1,2,0,0,2,0,1,0,4,8,0.0,3.0,0.0,0,4,0.0,2,2.0,2.0,8.0,56.0,5.0
310,2,6,7,2,3,1,4,1,3,5,5,5,6,1,3,0.28,0.0,4,4,3,1,3,3,6,1824,2,6,0,0.2222222222222222,0.2285714285714286,0.0,2,1,0,1,0,3,0,0,4,2,2,224,1,2,1,1,1,1,1,5,1,1,1,1,1,3,3,1,2,6,0,0,0,0,0,0,0,0,0,0,0,0,0,0,0,0,4,0,0,1.0,3,3,1,5,0,0,5,6,4,1,3,6,1,7,0.0,0,0,63.5,0.25,1.0,0.0,0.0,0.2083333335,0.0,2,0,0,0,2,0,2,0,2,0,4,8,0.0,3.0,2.0,0,4,0.0,2,0.0,2.0,4.7,250.0,5.0
312,4,4,7,2,2,1,5,1,2,6,3,5,5,4,2,0.322,0.0,4,4,1,1,2,2,4,1991,2,6,0,0.2777777777777778,0.2380952380952381,0.0,4,4,2,1,1,0,2,0,0,5,0,112,1,4,2,4,1,1,3,2,2,1,1,1,1,2,3,3,4,2,4,2,2,2,3,1,3,4,5,2,1,0,0,2,1,0,1,2,2,0.0,1,3,1,5,0,0,5,1,4,1,1,6,1,7,0.0,2,0,65.75,0.125,1.0,0.0,0.0,0.416666667,0.0,0,1,2,2,1,1,1,2,1,1,2,3,0.0,1.0,1.0,0,0,0.0,2,3.0,2.0,1.0,44.0,9.0
31,1,5,7,1,3,0,4,5,3,3,7,6,6,3,4,0.56,0.0,4,4,1,1,3,3,4,1345,2,6,0,0.3333333333333333,0.24761904761904763,0.0,2,3,0,3,0,2,2,1,2,2,1,202,3,2,3,1,2,1,2,1,3,2,2,3,1,3,1,4,2,2,3,2,2,2,2,1,4,3,5,1,1,0,0,3,1,0,1,2,4,0.0,2,3,1,5,0,0,0,1,4,1,0,6,1,7,0.0,0,6.4,68.0,0.0,1.0,0.0,0.0,0.3472222225,0.0,0,0,2,2,1,1,1,2,1,1,3,0,0.0,2.0,0.0,2,1,0.0,1,0.0,1.0,0.0,16.7,1.0
342,4,5,7,1,3,0,4,4,3,3,3,5,3,5,4,0.34,0.0,4,4,2,1,2,0,4,2011,0,6,0,0.38888888888888884,0.2571428571428572,0.0,4,4,0,0,0,0,0,0,0,6,0,0,4,5,2,1,1,1,1,1,2,2,4,2,3,1,5,3,3,2,1,2,2,1,5,0,0,0,0,0,0,0,0,0,0,0,2,1,2,1.0,3,3,1,5,0,0,1,5,4,1,1,6,1,7,0.0,0,6.38,125.0,0.0,1.0,0.0,0.0,0.27777777800000003,0.0,1,0,1,1,0,0,0,0,1,0,2,4,1.0,1.0,0.0,0,1,0.0,1,4.0,2.0,0.0,4.0,4.0
349,3,3,4,7,1,3,3,4,3,6,7,3,5,2,4,0.3008,0.0,4,4,3,1,2,1,4,1936,2,6,0,0.4444444444444444,0.2666666666666667,0.0,3,4,3,1,0,0,2,0,2,5,1,192,4,4,1,2,1,1,2,1,1,2,2,2,2,3,4,3,3,4,1,2,2,3,4,1,5,4,1,1,1,0,1,3,1,1,1,1,1,0.0,1,3,1,1,2,2,5,1,4,1,1,6,1,7,0.0,1,6.83,182.0,0.0,1.0,0.5,0.0,0.2083333335,0.0,0,0,2,2,1,1,2,2,1,1,2,3,2.0,1.0,0.5,0,1,0.0,0,2.0,2.0,0.3333333333333333,26.7,9.0
352,2,4,5,7,2,0,3,4,3,5,2,2,3,1,2,0.07,0.0,4,4,3,0,2,1,4,2188,2,6,0,0.5,0.2761904761904762,0.0,3,3,4,1,2,0,5,0,2,2,2,80,3,2,1,1,1,1,5,2,1,2,3,1,3,3,1,4,2,2,2,2,1,1,5,1,5,5,2,3,0,0,0,0,1,0,1,2,3,0.0,2,3,1,3,2,2,5,1,4,1,1,5,1,7,0.0,2,6.37,239.0,0.0,1.0,0.5,0.0,0.13888888900000002,0.0,1,1,1,2,1,1,0,2,1,1,0,1,1.0,0.0,1.0,2,0,0.0,1,0.0,2.0,0.6666666666666666,18.3,4.0
355,1,4,5,6,3,3,4,5,3,6,7,4,6,2,2,0.51,0.0,4,4,2,1,2,2,4,1657,2,6,0,0.5555555555555556,0.28571428571428575,0.0,3,3,0,0,0,0,4,0,2,3,0,64,3,3,1,1,1,1,5,2,1,1,4,1,1,1,3,2,3,4,5,2,2,2,1,0,0,0,0,0,0,0,0,0,1,1,1,2,2,0.0,3,3,1,5,0,0,5,1,4,1,1,6,1,7,0.0,1,0,296.0,0.0,1.0,0.0,0.0,0.06944444450000004,0.0,0,1,2,2,0,1,1,2,0,1,0,1,2.0,0.0,1.0,0,0,0.0,2,2.0,2.0,1.0,32.0,0.0
364,1,4,7,1,0,0,3,2,2,4,7,6,5,4,4,0.26,0.0,4,4,1,1,2,3,4,2003,1,6,0,0.611111111111111,0.29523809523809524,0.0,1,3,0,1,1,0,5,0,1,0,1,76,4,1,0,0,0,1,5,1,3,2,2,3,1,2,1,4,2,2,5,2,2,1,5,0,0,0,0,0,0,0,0,0,1,0,1,2,4,0.0,1,3,1,5,0,0,5,1,4,1,2,6,1,7,0.0,2,6.41,353.0,0.0,1.0,0.0,0.0,0.0,0.0,0,0,2,2,0,1,0,2,1,1,0,0,1.0,0.0,1.0,0,1,0.0,1,2.0,2.0,0.0,8.3,9.0
367,1,5,6,2,0,0,3,3,2,2,7,6,1,5,4,0.01,0.0,4,4,2,2,3,3,4,2194,2,6,0,0.6666666666666666,0.3047619047619048,0.0,4,3,0,1,1,1,4,1,1,1,1,64,3,1,0,0,0,1,5,4,2,2,3,2,2,3,3,4,3,2,5,2,2,2,4,0,0,0,0,0,0,0,0,0,1,0,1,2,5,0.0,2,3,1,5,0,0,5,1,4,1,0,6,1,7,0.0,0,5.02,230.0,0.0,1.0,0.0,0.0,0.0,0.0,1,0,2,2,0,1,1,2,1,1,0,1,0.0,0.0,0.0,0,2,0.0,2,0.0,2.0,2.3,65.0,2.0
375,4,4,6,4,2,0,5,2,3,5,6,6,6,2,2,0.08,0.0,4,4,2,1,2,2,3,1757,2,6,0,0.7222222222222222,0.31428571428571433,0.0,3,3,0,0,0,0,4,0,2,3,2,64,3,3,3,1,2,1,5,1,1,2,4,1,1,3,2,2,2,5,5,1,1,1,1,0,0,0,0,0,0,0,0,0,1,1,1,2,3,1.0,3,3,1,5,0,0,5,1,4,1,1,6,1,7,0.0,1,0,230.0,0.0,1.0,0.0,0.0,0.0,0.0,0,0,1,2,0,1,1,2,0,1,0,0,2.0,0.0,1.0,0,1,0.0,1,2.0,2.0,0.0,21.0,4.0
376,1,5,7,4,2,1,4,4,3,4,7,6,6,1,2,0.0202,0.0,4,4,3,1,3,2,4,1883,2,6,0,0.7777777777777777,0.3238095238095238,0.0,4,3,0,2,2,0,3,0,2,0,2,240,2,1,0,0,0,1,4,2,1,2,3,2,1,3,2,4,2,3,5,3,2,2,1,0,0,0,0,0,0,0,0,0,0,0,1,2,4,0.0,3,3,2,5,0,0,5,1,4,1,1,6,1,7,0.0,1,0,230.0,0.0,1.0,0.0,0.0,0.0,0.0,0,0,2,2,1,0,0,0,0,0,0,0,2.0,0.0,0.0,2,0,0.0,1,0.0,2.0,0.0,17.0,0.0
384,1,5,7,4,0,0,4,4,3,4,7,4,5,5,4,0.86,0.0,4,4,3,1,3,2,4,1911,0,6,0,0.8333333333333333,0.33333333333333337,0.0,4,3,0,4,2,2,2,1,1,1,3,254,3,1,0,0,0,1,3,3,3,2,2,2,1,3,2,3,1,4,1,1,1,1,5,0,0,0,0,0,0,0,0,0,0,0,5,0,0,1.0,3,3,1,5,0,0,5,1,4,1,1,6,1,7,0.0,1,5.49,230.0,0.0,1.0,0.0,0.0,0.0,0.0,2,0,0,0,2,0,2,0,2,0,3,0,0.0,2.0,1.0,1,3,0.0,1,0.0,2.0,0.0,12.7,3.0
388,1,4,6,4,0,0,3,1,2,1,7,0,6,5,4,0.1,0.0,4,4,3,1,2,3,4,2217,0,6,0,0.8888888888888888,0.34285714285714286,0.0,2,3,0,3,2,2,3,1,1,1,3,124,3,1,0,0,0,1,3,4,3,2,2,2,1,3,3,4,2,2,5,1,1,1,5,0,0,0,0,0,0,0,0,0,0,0,5,0,0,1.0,3,3,1,4,1,2,5,1,4,1,0,6,1,7,0.0,0,6.43,780.0,0.0,1.0,0.333333333,0.0,0.0,0.0,2,1,0,0,2,0,2,0,2,1,3,0,1.0,2.0,0.0,2,2,0.0,2,0.0,0.0,1.7,39.6,5.0
394,4,5,7,3,1,1,4,3,3,5,6,5,5,3,2,0.3181,0.0,4,4,2,1,2,1,4,1853,2,6,0,0.9444444444444444,0.3523809523809524,0.0,4,2,0,1,1,0,3,0,4,2,1,80,2,2,4,2,1,1,1,4,1,1,1,1,1,3,3,2,4,2,4,1,2,2,2,1,3,5,5,1,1,0,0,1,0,0,2,1,2,0.0,3,3,1,4,2,3,2,1,4,1,1,6,1,7,0.0,0,0,401.0,0.0,1.0,0.5,0.0,0.0,0.0,1,1,1,1,0,0,1,0,1,1,1,2,2.0,3.0,1.0,0,2,0.0,2,3.0,2.0,6.0,72.0,4.0
39,4,5,7,1,3,0,4,5,3,4,3,3,6,3,4,0.5,0.0,4,4,2,1,3,3,4,1380,0,6,0,1.0,0.36190476190476195,0.0,1,2,3,1,0,1,0,1,4,3,3,168,4,3,1,1,2,1,2,4,3,2,2,1,2,2,3,2,2,3,3,2,2,1,2,0,0,0,0,0,0,0,0,0,1,0,3,2,4,1.0,3,3,2,5,0,0,5,1,4,1,1,6,1,7,0.0,1,6.42,22.0,0.0,1.0,0.0,0.041666666625,0.0,0.0,1,0,1,0,0,1,1,2,0,1,1,5,0.0,3.0,0.0,0,2,0.0,2,0.0,2.0,8.7,58.0,4.0
404,2,5,7,1,3,0,4,5,3,5,7,6,4,5,4,0.4,0.0,4,4,2,1,3,1,4,1916,0,5,0,0.5,0.37142857142857144,0.0,2,4,0,1,0,1,0,1,1,5,0,128,4,4,2,4,1,1,2,1,1,1,2,2,2,2,1,3,4,2,3,2,2,2,5,1,3,2,2,1,1,1,1,0,0,0,5,0,0,1.0,3,3,1,5,0,0,5,2,4,1,0,6,1,7,0.0,1,6 35,245.0,1.0,1.0,0.0,0.08333333325,0.0,0.0,2,0,0,0,2,0,2,0,2,0,2,4,2.0,1.0,1.0,0,1,0.0,1,4.0,2.0,0.0,2.0,4.0
405,1,5,6,7,2,1,3,4,2,5,5,6,3,3,3,0.1345,0.0,4,4,1,1,3,2,4,2009,0,6,0,0.0,0.380952380952381,0.0,4,4,3,1,1,1,2,0,2,3,2,76,4,4,2,2,2,1,2,1,2,2,2,2,3,2,2,3,3,2,2,2,3,3,5,1,5,3,2,3,1,0,1,0,1,0,2,1,2,0.0,1,3,1,5,0,0,5,1,4,1,1,1,1,7,0.0,1,5.3,222.0,0.0,1.0,0.0,0.124999999875,0.0,0.0,1,0,1,1,1,1,1,2,1,1,2,4,1.0,1.0,1.0,0,1,0.0,1,2.0,2.0,0.0,9.0,2.0
406,3,4,7,1,3,0,4,1,2,5,7,5,2,5,4,0.1,0.0,4,4,2,1,2,3,4,2194,0,6,0,0.3333333333333333,0.39047619047619053,0.0,4,4,3,0,0,0,1,0,1,6,2,64,4,4,3,3,1,1,2,1,1,1,2,1,2,1,2,4,2,1,2,2,3,1,5,1,5,3,5,2,1,1,0,0,1,0,2,2,3,1.0,3,3,1,4,2,2,5,5,4,1,1,5,1,7,0.0,3,6.52,199.0,0.0,1.0,0.5,0.1666666665,0.0,0.0,1,0,1,1,1,1,1,2,1,1,2,4,0.0,1.0,1.0,0,1,0.0,1,0.0,2.0,0.3,6.4,2.0
407,3,5,7,1,3,0,4,1,3,1,4,6,1,5,4,0.01,0.0,4,4,1,1,3,3,4,2224,2,6,0,0.6666666666666666,0.4,0.0,4,4,0,0,0,0,0,0,1,6,0,0,4,5,2,1,2,1,2,1,1,1,1,1,1,1,3,4,2,2,2,2,2,2,2,0,3,3,4,2,0,0,0,0,0,0,1,1,0,1.0,3,3,1,3,2,2,4,1,4,3,1,4,1,7,0.0,0,6.25,182.66666666666666,0.0,0.8333333333333334,0.0,0.20833333312500002,0.0,0.0,0,0,2,2,1,0,1,0,1,1,2,3,2.0,1.0,2.0,0,1,0.0,2,2.0,2.0,0.0,68.0,11.0
40,4,5,7,1,3,0,4,5,3,4,4,2,6,5,4,0.6,0.0,4,4,2,1,3,3,3,1380,0,6,0,1.0,0.40952380952380957,0.0,1,1,0,1,0,1,0,1,2,3,3,168,4,3,2,1,1,1,2,5,1,1,1,1,1,1,3,2,1,5,1,1,1,1,5,0,0,0,0,0,0,0,0,0,0,0,5,0,0,1.0,3,3,1,5,0,0,5,1,4,1,1,6,1,7,0.0,1,0,166.33333333333334,0.0,0.6666666666666667,0.0,0.24999999975,0.0,0.0,1,0,0,0,2,0,2,0,2,0,4,6,0.0,1.0,0.0,0,4,0.0,2,1.0,2.0,9.7,57.6,4.0
411,3,3,1,7,2,3,4,4,3,5,5,6,5,1,2,0.82,0.0,4,4,4,1,3,1,6,2183,2,6,0,0.8571428571428572,0.4190476190476191,0.0,2,1,3,1,0,2,0,3,2,2,1,160,2,1,0,0,0,1,1,5,1,1,1,1,1,1,3,1,1,6,0,0,0,0,0,0,0,0,0,0,0,0,0,0,0,0,5,0,0,0.0,3,3,1,5,0,0,1,1,4,1,1,6,1,7,0.0,1,5.57,150.0,0.0,0.5,0.0,0.291666666375,0.0,0.0,2,1,0,0,2,0,2,0,2,0,1,5,0.0,3.0,0.0,0,4,0.0,2,1.0,2.0,6.85,94.0,5.0
412,3,5,6,2,2,1,4,3,2,5,6,6,6,2,2,0.17204,0.0,4,4,2,2,3,2,6,1801,0,6,0,0.7142857142857143,0.4285714285714286,0.0,2,2,0,2,0,2,0,1,3,2,2,224,4,2,4,1,1,1,1,5,1,1,1,1,1,3,3,1,1,6,0,0,0,0,0,0,0,0,0,0,0,0,0,0,0,0,5,0,0,1.0,3,3,1,5,0,0,5,1,4,1,1,6,1,7,0.0,1,0,133.66666666666669,0.0,0.33333333333333337,0.0,0.333333333,0.0,0.0,2,1,0,0,1,0,2,0,2,1,1,5,0.0,3.0,1.0,3,4,0.0,2,1.0,2.0,4.0,84.0,4.0
413,1,4,6,6,0,3,4,5,3,5,1,6,6,1,2,0.29,0.0,4,4,2,1,2,3,6,1735,2,6,0,0.5714285714285714,0.43809523809523815,0.0,2,2,4,0,0,0,2,0,4,3,1,64,3,1,0,0,0,1,1,4,2,2,1,1,1,2,2,2,2,6,0,0,0,0,0,0,0,0,0,0,0,0,0,0,0,0,2,2,1,1.0,3,3,1,5,0,0,5,1,4,3,1,6,1,7,0.0,1,0,117.33333333333334,0.0,0.16666666666666674,0.0,0.31372548988235294,0.0,0.0,2,0,1,1,1,0,2,0,0,0,1,5,0.0,3.0,1.0,0,2,0.0,1,0.0,0.0,3.0,12.0,4.0
41,3,5,7,0,3,0,5,5,3,5,7,4,6,4,4,0.77,0.0,4,4,3,1,3,2,4,1337,2,6,0,0.4285714285714286,0.44761904761904764,0.0,2,2,3,1,0,1,0,1,1,4,2,192,4,4,2,1,2,1,1,5,1,2,3,1,2,1,3,4,2,2,1,2,2,2,5,1,5,5,5,1,1,0,0,1,1,0,1,2,4,0.0,3,3,1,5,0,0,5,1,4,1,1,5,1,4,0.0,1,4.45,101.0,0.0,0.0,0.0,0.29411764676470586,0.0,0.0,1,0,2,2,1,1,1,2,0,0,1,2,0.0,1.0,0.0,0,4,0.0,2,2.0,2.0,6.7,98.3,0.0
423,3,5,7,1,3,0,4,4,3,5,4,6,5,5,4,0.47,0.0,4,4,3,1,3,2,4,1890,0,6,0,0.2857142857142858,0.4571428571428572,0.0,2,2,0,1,0,1,0,1,4,3,1,170,4,3,1,1,1,1,1,5,2,2,1,1,1,1,4,4,2,2,3,2,4,3,5,1,4,2,4,2,1,0,1,2,0,0,1,1,5,0.0,1,3,1,5,0,0,5,1,4,1,0,6,1,7,0.0,1,4.17,121.66666666666667,0.0,0.0,0.0,0.27450980364705885,0.0,0.0,1,0,2,1,1,0,1,0,1,0,1,2,1.0,1.0,0.0,0,4,0.0,2,0.0,2.0,11.7,139.60000000000002,5.0
424,1,5,7,1,3,0,4,1,2,5,7,6,4,2,4,0.83,0.0,4,4,3,1,3,3,4,2043,0,5,0,0.1428571428571429,0.46666666666666673,0.0,4,2,0,2,1,2,2,2,3,2,3,224,1,2,2,1,2,1,3,5,1,2,1,1,1,2,4,3,3,2,4,2,2,2,3,0,0,0,0,0,0,0,0,0,0,0,2,2,5,1.0,3,3,1,5,0,0,5,1,4,1,0,6,1,7,0.0,1,4.41,142.33333333333334,0.0,0.0,0.0,0.2549019605294118,0.0,0.0,1,0,1,0,0,0,1,0,1,1,0,0,2.0,3.0,0.0,3,4,0.0,0,2.0,2.0,7.3,16.0,3.0
425,1,5,6,6,2,2,4,5,3,5,4,5,5,3,4,0.111,0.0,4,4,1,1,3,2,4,1864,2,6,0,0.0,0.4761904761904762,0.0,2,2,3,1,0,0,0,0,2,5,2,64,3,4,2,1,1,1,2,4,3,2,1,1,1,1,4,3,2,3,1,2,1,0,5,0,0,0,0,0,0,0,0,0,0,0,4,0,0,1.0,3,3,1,4,1,2,5,2,4,3,1,3,1,7,0.0,0,4.63,163.0,0.0,0.0,0.5,0.2352941174117647,0.0,0.0,2,0,0,0,2,0,2,0,2,1,1,2,0.0,1.0,1.0,0,2,0.0,0,0.0,2.0,6.15,26.0,4.0
426,2,5,7,4,2,1,3,4,3,5,6,3,5,2,2,0.006,0.0,4,4,1,1,3,0,6,2146,2,6,0,0.0,0.48571428571428577,0.0,4,1,0,0,0,0,0,1,5,2,1,192,4,4,4,1,1,1,1,5,1,1,1,1,1,3,3,1,2,5,1,1,1,1,5,0,0,0,0,0,0,0,0,0,0,0,5,0,0,1.0,3,3,1,5,0,0,5,1,4,1,1,6,1,7,0.0,1,0,146.0,0.0,0.0,0.0,0.21568627429411766,0.0,0.0,1,0,0,0,2,0,2,0,2,0,4,6,0.0,3.0,1.0,0,4,0.0,2,0.0,2.0,5.0,60.15,5.0
427,1,1,3,7,2,1,4,5,3,5,7,4,5,1,4,0.378,1.0,4,4,4,1,3,3,6,2175,0,6,0,0.0,0.49523809523809526,0.0,3,1,3,1,0,2,0,3,0,2,3,160,3,2,1,1,1,1,1,5,1,2,1,2,1,1,3,1,1,6,0,0,0,0,0,0,0,0,0,0,0,0,0,0,0,0,5,0,0,1.0,3,3,1,5,0,0,5,1,4,1,1,6,1,7,0.0,1,4.47,129.0,0.0,0.0,0.0,0.1960784311764706,0.0,0.0,2,0,0,0,2,2,2,2,2,2,4,6,0.0,3.0,1.0,2,4,0.0,2,0.0,2.0,3.85,94.3,5.0
42,2,5,7,1,3,0,5,5,3,4,6,4,6,5,4,0.8,0.0,4,4,3,1,3,0,3,1363,0,6,0,0.0,0.5047619047619049,0.0,2,1,3,1,0,2,0,2,2,3,3,192,2,3,1,1,1,0,1,5,1,2,1,1,1,1,3,2,1,4,5,2,1,1,5,0,0,0,0,0,0,0,0,0,0,0,4,0,0,1.0,3,3,1,5,0,0,5,1,4,1,0,6,1,7,0.0,0,3.77,112.0,0.0,0.0,0.0,0.17647058805882354,0.0,0.0,2,0,0,0,2,0,2,0,2,0,4,7,0.0,1.0,0.0,0,2,0.0,2,0.0,2.0,2.7,45.6,5.0
430,1,1,6,6,3,1,4,4,3,5,6,6,4,1,4,0.9,0.0,4,1,1,1,3,1,6,2169,2,6,0,0.0,0.5142857142857143,0.0,3,1,0,1,0,2,0,2,5,2,2,128,3,2,1,1,1,5,1,5,1,2,1,1,1,1,3,1,1,6,0,0,0,0,0,0,0,0,0,0,0,0,0,0,0,0,4,0,0,1.0,3,3,1,5,0,0,5,1,4,1,1,6,1,7,0.0,1,0,161.0,0.0,0.125,0.0,0.15686274494117647,0.0,0.0,2,0,0,0,1,2,2,2,2,2,4,6,0.0,3.0,1.0,2,4,0.0,2,0.5,2.0,10.2,88.0,5.0
442,1,5,7,1,3,0,4,4,3,6,7,5,5,5,4,0.76,0.0,4,4,3,1,3,3,4,1973,0,6,0,0.1111111111111111,0.5238095238095238,0.0,2,1,3,0,0,1,0,2,4,2,3,128,4,2,2,1,1,1,1,5,1,1,1,1,1,1,3,3,1,4,4,1,1,1,5,0,1,0,0,0,0,0,0,0,0,0,5,0,0,1.0,3,3,1,5,0,0,5,1,4,1,1,6,1,7,0.0,1,3.7,210.0,0.0,0.25,0.0,0.13725490182352942,0.0,0.0,2,0,0,0,2,0,2,0,2,0,4,6,0.0,3.0,1.0,0,4,0.0,2,1.0,2.0,17.7,109.3,5.0
443,1,5,7,1,3,0,4,5,3,6,7,5,3,4,4,0.36,0.0,4,4,3,1,3,3,4,2166,0,6,0,0.2222222222222222,0.5333333333333334,0.0,4,1,3,1,0,2,2,3,3,3,3,168,1,2,3,1,2,1,2,5,1,2,1,1,1,1,3,1,1,6,0,0,0,0,0,0,0,0,0,0,0,0,0,0,0,0,4,0,0,1.0,3,3,1,5,0,0,5,1,4,1,1,6,1,7,0.0,1,4.03,170.0,0.0,0.375,0.0,0.11764705870588238,0.0,0.0,2,0,0,0,1,0,2,0,2,0,4,7,0.0,1.0,0.0,0,4,0.0,2,1.0,2.0,11.35,53.3,5.0
444,1,6,7,1,3,0,4,4,3,5,7,6,3,2,4,0.47,0.0,4,4,4,1,3,3,4,2079,0,6,0,0.3333333333333333,0.5428571428571429,0.0,4,1,3,1,0,1,0,2,2,3,3,192,4,3,2,1,2,1,1,5,1,1,1,1,1,1,3,2,1,5,1,1,1,1,5,0,0,0,0,0,0,0,0,0,0,0,5,0,0,1.0,3,3,1,5,0,0,5,1,4,1,1,6,1,7,0.0,1,0,130.0,0.0,0.5,0.0,0.0980392155882353,0.0,0.0,2,0,0,0,2,0,2,0,2,0,4,6,0.0,1.0,1.0,0,4,0.0,2,1.0,2.0,5.0,69.8,5.0
446,1,4,5,6,3,0,3,1,2,5,7,6,3,5,4,0.3,0.0,0,2,3,2,3,3,4,2283,0,6,0,0.4444444444444444,0.5523809523809524,0.0,4,1,0,1,0,1,0,2,3,3,3,128,3,2,4,2,1,1,1,5,1,2,1,1,1,1,3,2,1,5,1,1,0,1,1,0,0,5,0,0,0,0,0,0,0,0,5,0,0,1.0,3,3,1,4,2,1,4,1,4,1,1,5,1,7,0.0,0,4.43,90.0,0.0,0.625,0.0,0.07843137247058823,0.0,0.0,1,1,0,0,2,2,2,2,2,2,4,7,0.0,1.0,0.0,0,4,0.0,2,0.0,2.0,2.5,86.3,5.0
448,4,4,7,2,3,3,4,4,3,5,5,5,6,3,2,0.252,0.0,4,4,2,1,3,1,4,2147,2,6,0,0.5555555555555556,0.5619047619047619,0.0,4,4,0,0,0,0,2,0,1,5,2,64,4,4,1,3,1,1,2,1,2,1,1,1,2,3,4,2,4,2,4,2,2,2,4,1,5,3,5,1,1,0,0,2,1,0,1,2,3,0.0,3,3,2,5,0,0,5,1,4,1,1,6,1,7,0.0,0,0,87.45833333333333,0.0,0.75,0.333333333,0.05882352935294122,0.0,0.0,0,0,2,2,0,1,1,2,0,1,2,4,2.0,1.0,1.0,0,1,0.0,0,3.0,2.0,0.0,32.7,4.0
449,3,5,6,3,3,2,4,2,2,5,3,4,6,1,2,0.25,0.0,4,4,2,1,2,3,3,2232,2,6,0,0.6666666666666666,0.5714285714285715,0.0,3,2,4,0,0,0,1,0,3,4,1,80,3,4,4,2,1,1,2,4,2,2,1,1,1,3,3,2,3,3,4,1,1,1,5,1,3,4,5,2,0,0,0,1,0,0,2,2,2,0.0,3,3,1,4,2,1,5,1,4,2,1,6,1,7,0.0,1,0,84.91666666666667,0.0,0.875,0.0,0.039215686235294145,0.0,0.0,1,1,1,1,0,0,2,0,0,1,1,2,0.0,3.0,0.0,0,2,0.0,2,2.0,2.0,0.0,58.0,4.0
451,4,5,7,2,2,1,4,4,3,5,6,4,5,2,2,0.279,0.0,4,4,1,1,3,2,2,2073,0,6,0,0.7777777777777777,0.580952380952381,0.0,4,4,3,0,0,0,2,0,0,5,0,64,4,4,1,3,1,1,2,1,2,1,1,1,1,3,2,2,4,2,4,2,3,3,4,1,4,2,4,3,1,0,1,3,1,0,1,1,3,0.0,1,3,2,4,2,2,5,6,4,1,0,6,1,7,0.0,2,0,82.375,0.0,1.0,0.666666667,0.019607843117647072,0.0,0.0,0,0,2,2,0,1,1,2,1,1,2,4,2.0,1.0,0.0,0,1,0.0,1,3.0,2.0,0.0,0.0,9.0
452,4,5,6,4,2,2,3,4,3,4,6,0,6,2,2,0.016,0.0,4,4,1,3,2,2,2,2062,2,6,0,0.8888888888888888,0.5904761904761905,0.0,4,4,0,0,0,0,2,0,2,5,1,64,3,4,3,4,1,2,3,1,2,1,5,1,1,3,3,2,4,1,4,1,2,2,3,1,3,3,4,1,0,0,0,2,1,0,1,2,3,0.0,1,3,2,5,0,0,5,1,4,3,1,6,1,7,0.0,2,0,79.83333333333333,0.0,1.0,0.333333333,0.0,0.0,0.0,0,1,2,2,0,1,1,2,0,1,2,3,2.0,1.0,1.0,0,1,0.0,2,3.0,2.0,0.0,118.0,4.0
456,4,5,6,4,3,0,3,2,2,5,1,2,2,4,1,0.03,0.0,4,4,2,1,3,2,4,2082,2,6,3,1.0,0.6000000000000001,0.0,4,4,3,0,0,0,0,0,1,1,2,0,2,3,1,2,1,1,1,1,2,1,1,1,1,1,2,2,4,4,2,2,2,2,5,1,4,3,3,2,1,0,0,1,1,0,1,2,0,0.0,1,3,1,5,0,0,5,1,4,1,2,5,1,7,0.0,2,0,77.29166666666667,1.0,1.0,0.666666667,0.0,0.0,0.0,0,2,2,2,0,1,1,2,0,1,2,4,2.0,1.0,0.5,0,1,0.0,1,0.0,2.0,0.0,1.3,4.0
457,4,5,6,4,3,1,4,2,1,5,4,3,5,5,1,0.00085,0.0,4,4,1,2,3,2,4,1970,2,6,0,0.75,0.6095238095238096,0.0,4,4,3,0,3,0,0,0,2,4,0,20,4,4,1,2,1,1,1,1,1,2,4,1,2,3,2,3,4,3,2,3,3,3,1,0,0,0,0,0,0,0,0,0,1,0,1,1,2,0.0,1,3,3,5,0,0,3,6,4,2,0,6,1,7,0.0,2,0,74.75,0.9473684210526316,1.0,0.0,0.0,0.0,0.0,0,2,2,2,0,1,1,2,1,2,2,4,2.0,1.0,0.0,2,1,0.0,1,3.0,2.0,0.0,8.3,4.0
458,4,5,6,4,3,1,3,4,3,5,4,5,5,3,2,0.086,0.0,4,4,1,1,3,2,2,2207,0,6,0,0.5,0.6190476190476191,0.0,2,3,3,6,0,0,0,1,1,0,0,40,3,1,0,0,0,1,1,4,1,1,4,1,1,3,2,2,3,5,5,1,2,2,3,0,0,0,0,0,0,0,0,0,1,0,1,1,4,0.0,3,3,2,5,0,0,5,1,4,1,1,6,1,7,0.0,1,0,72.20833333333334,0.8947368421052632,1.0,0.5,0.0,0.0,0.0,0,0,2,2,0,1,1,2,0,1,3,0,0.0,2.0,2.0,1,2,0.0,1,2.0,2.0,7.7,23.3,4.0
459,4,5,6,4,1,1,3,4,3,4,3,4,5,2,1,0.75,0.0,4,4,1,3,1,2,4,2202,0,6,0,0.25,0.6285714285714287,0.0,4,3,2,5,0,2,0,2,0,0,0,224,3,1,0,0,0,1,3,4,3,1,3,1,1,3,3,2,3,4,5,2,2,2,5,0,0,0,0,0,0,0,0,0,0,0,2,1,5,0.0,3,3,2,5,0,0,4,2,4,1,0,6,1,7,0.0,0,0,69.66666666666667,0.8421052631578947,1.0,0.5,0.0,0.0,0.0,1,2,1,1,0,0,1,1,0,1,3,1,2.0,2.0,1.0,1,2,0.0,2,2.0,2.0,6.0,52.3,4.0
45,4,5,7,1,3,0,4,5,3,5,6,3,3,4,4,0.4,0.0,4,4,2,1,3,3,4,1496,2,6,0,0.0,0.6380952380952382,0.0,2,2,3,1,0,1,0,1,2,5,1,64,4,4,1,1,1,1,2,4,2,2,1,1,1,2,3,2,4,1,3,2,2,3,5,1,4,4,5,2,1,0,0,2,1,0,1,1,3,0.0,1,3,1,5,0,0,5,1,4,1,1,6,1,7,0.0,1,4.68,67.125,0.7894736842105263,1.0,0.0,0.0,0.0,0.0,0,0,2,1,1,1,2,2,1,1,1,2,2.0,1.0,1.0,0,2,0.0,2,3.0,2.0,8.3,61.7,1.0
462,2,5,5,4,3,2,4,0,3,5,3,5,6,4,2,0.1,0.0,4,4,2,1,1,3,4,2065,1,6,0,0.0,0.6476190476190476,0.0,3,3,0,3,0,0,1,0,4,0,1,232,4,1,0,0,0,5,2,3,3,2,4,3,1,2,1,2,2,4,4,1,3,2,1,0,0,0,0,0,0,0,0,0,1,0,1,2,4,0.0,2,3,3,4,2,3,3,1,4,1,1,6,1,7,0.0,0,0,64.58333333333334,0.736842105263158,1.0,0.0,0.0,0.0,0.0,0,1,2,2,0,1,1,2,0,2,0,0,2.0,3.0,1.0,2,3,0.0,1,0.0,2.0,0.0,14.0,9.0
463,3,4,5,4,0,0,3,3,3,4,3,4,3,5,4,0.2,0.0,4,4,2,1,3,3,6,2082,0,6,2,0.0,0.6571428571428573,0.0,4,1,0,2,0,2,2,0,3,1,2,160,1,1,0,0,0,1,1,5,1,2,1,1,1,3,3,1,1,6,0,0,0,0,0,0,0,0,0,0,0,0,0,0,0,0,5,0,0,1.0,3,3,1,4,1,3,5,1,4,1,1,6,1,7,0.0,0,0,62.04166666666667,0.6842105263157895,1.0,0.5,0.0,0.013888888875,0.0,2,0,0,0,2,0,2,0,2,1,3,1,1.0,2.5,1.5,2,4,0.0,2,1.0,2.0,9.3,32.85,6.5
465,1,4,6,4,3,1,3,4,3,4,7,4,3,2,1,0.634,0.0,4,4,1,2,3,3,6,2032,0,6,0,0.03333333333333333,0.6666666666666667,0.0,4,3,0,3,0,4,0,0,2,0,1,224,3,1,0,0,0,1,1,5,3,2,1,1,1,3,3,1,1,6,0,0,0,0,0,0,0,0,0,0,0,0,0,0,0,0,5,0,0,1.0,3,3,2,5,0,0,5,6,4,1,1,6,1,7,0.0,0,0,59.5,0.631578947368421,1.0,0.0,0.0,0.02777777775,0.0,1,2,0,0,1,0,2,0,2,0,3,1,0.0,2.0,2.0,2,4,0.0,2,1.0,2.0,6.0,51.7,4.0
468,1,5,6,2,3,1,4,2,1,3,4,6,6,2,2,0.0356,0.0,4,4,2,2,3,3,6,2180,0,6,0,0.06666666666666667,0.6761904761904762,0.0,4,2,3,0,0,3,0,1,4,0,3,224,1,1,0,0,0,1,2,4,0,1,1,1,2,3,3,1,2,5,5,1,1,1,5,0,0,0,0,0,0,0,0,0,0,0,2,1,4,0.0,3,3,2,4,1,2,5,6,4,1,1,4,2,7,0.0,1,0,56.958333333333336,0.5789473684210527,1.0,0.666666667,0.0,0.041666666625,0.0,1,1,1,1,0,0,2,0,0,2,1,2,0.0,3.0,1.0,2,2,0.0,2,0.0,2.0,5.0,80.7,4.0
472,4,5,7,1,2,1,4,3,3,3,4,2,2,1,1,0.166,0.0,4,4,1,2,3,3,6,2111,2,6,0,0.1,0.6857142857142857,0.0,4,2,0,0,0,3,0,0,4,2,1,224,1,2,1,1,1,1,1,5,1,1,1,1,1,3,3,1,1,6,0,0,0,0,0,0,0,0,0,0,0,0,0,0,0,0,5,0,0,1.0,3,3,2,5,0,0,5,6,4,2,1,6,1,7,0.0,0,0,54.41666666666667,0.5263157894736843,1.0,0.0,0.0,0.0555555555,0.0,1,2,0,0,0,0,2,0,2,0,1,5,0.0,3.0,2.0,0,4,0.0,2,1.0,2.0,7.7,60.6,4.0
473,1,5,7,2,2,1,4,4,3,5,7,5,5,1,3,0.308,0.0,4,4,2,1,3,1,4,2079,2,0,0,0.13333333333333333,0.6952380952380953,0.0,4,2,0,2,0,4,0,2,3,1,2,224,3,1,0,0,0,1,1,4,3,2,1,1,1,3,3,2,3,4,5,1,2,3,4,0,0,0,0,0,0,0,0,0,1,0,1,1,4,0.0,3,3,2,5,0,0,5,6,4,1,0,6,1,7,0.0,0,0,51.875,0.4736842105263158,1.0,0.666666667,0.0,0.069444444375,0.0,0,0,2,2,0,1,1,2,0,1,1,5,2.0,2.0,1.0,2,2,0.0,2,2.0,2.0,8.3,74.0,4.0
477,3,5,7,4,2,1,4,2,3,5,5,5,5,2,4,0.44,0.0,4,4,1,2,3,3,6,1943,0,6,0,0.16666666666666666,0.7047619047619048,0.0,2,2,0,0,0,2,0,1,4,3,2,192,4,3,2,1,1,1,1,5,1,1,1,1,1,3,3,1,1,6,0,0,0,0,0,0,0,0,0,0,0,0,0,0,0,0,4,0,0,1.0,3,3,2,4,2,2,5,6,4,2,1,6,1,7,0.0,0,0,49.333333333333336,0.42105263157894735,1.0,0.0,0.0,0.08333333325,0.0,1,1,0,0,0,0,2,0,2,0,1,2,0.0,3.0,2.0,0,4,0.0,2,1.0,2.0,5.7,92.0,4.0
478,1,5,7,2,2,1,4,2,3,5,7,4,5,2,1,0.2115,0.0,4,4,1,3,3,2,1,1888,2,6,0,0.2,0.7142857142857143,0.0,4,2,0,1,0,3,0,2,4,1,1,192,1,1,0,0,0,1,1,5,1,1,1,1,1,3,3,1,1,6,0,0,0,0,0,0,0,0,0,0,0,0,0,0,0,0,4,0,0,1.0,3,3,2,5,0,0,5,6,4,1,0,6,1,4,0.0,1,0,46.79166666666667,0.368421052631579,1.0,0.0,0.0,0.097222222125,0.0,1,2,0,0,1,0,2,0,2,0,1,5,0.0,3.0,2.0,0,4,0.0,2,1.0,2.0,7.3,61.4,4.0
479,1,5,6,1,3,1,4,4,3,5,7,4,5,1,2,0.127,0.0,4,4,3,1,3,3,6,2232,0,6,0,0.23333333333333334,0.7238095238095239,0.0,4,2,0,1,0,4,0,0,3,0,2,224,1,1,0,0,0,1,2,4,1,1,1,1,2,3,3,1,3,4,5,1,2,2,5,0,0,0,0,0,0,0,0,0,0,0,2,2,5,0.0,3,3,2,5,0,0,5,6,4,1,1,1,1,7,0.0,1,0,44.25,0.3157894736842106,1.0,0.0,0.0,0.111111111,0.0,1,0,1,1,0,0,1,0,0,0,1,5,0.0,2.0,1.0,3,2,0.0,2,2.0,2.0,5.7,54.6,4.0
480,1,5,6,1,3,1,4,4,3,5,6,4,5,1,2,0.106,0.0,4,4,3,1,3,3,6,2232,0,6,0,0.26666666666666666,0.7333333333333334,0.0,4,2,3,0,0,3,2,0,3,1,2,224,1,1,0,0,0,1,3,3,1,1,1,1,3,3,3,1,4,2,4,2,2,2,4,0,0,0,0,0,0,0,0,0,0,0,2,2,5,0.0,3,3,2,5,0,0,5,6,4,1,1,1,1,7,0.0,1,0,41.708333333333336,0.26315789473684215,1.0,0.0,0.0,0.124999999875,0.0,1,0,1,1,0,0,1,0,0,0,1,2,2.0,3.0,0.0,0,3,0.0,2,3.0,2.0,2.3,60.0,4.0
481,1,2,6,2,0,3,4,4,3,5,1,5,6,2,2,0.49,0.0,4,4,2,1,3,3,6,2217,2,6,0,0.3,0.7428571428571429,0.0,3,1,3,2,0,2,0,3,4,0,2,232,3,1,0,0,0,1,1,4,2,2,1,1,1,1,3,1,1,6,0,0,0,0,0,0,0,0,0,0,0,0,0,0,0,0,4,0,0,1.0,3,3,1,5,0,0,4,1,4,1,1,6,1,7,0.0,0,0,39.16666666666667,0.21052631578947367,1.0,0.0,0.0,0.13888888875,0.0,2,0,0,0,1,0,2,0,2,0,4,7,0.0,3.0,1.0,3,2,0.0,2,1.0,2.0,5.0,250.0,5.0
482,4,5,5,7,3,2,2,3,3,5,4,4,4,1,1,0.865,0.0,4,4,2,3,3,3,6,2099,0,6,0,0.3333333333333333,0.7523809523809525,0.0,3,1,3,4,0,2,0,2,3,1,2,225,2,1,0,0,0,1,1,4,1,1,1,1,1,3,3,1,1,6,0,0,0,0,0,0,0,0,0,0,0,0,0,0,0,0,5,0,0,1.0,3,3,1,5,0,0,5,6,4,1,1,6,1,7,0.0,1,0,36.625,0.1578947368421053,1.0,0.0,0.0,0.152777777625,0.0,2,2,0,0,2,0,2,0,2,0,4,7,0.0,2.0,1.0,1,2,0.0,2,0.0,2.0,7.7,250.0,5.0
485,4,5,7,4,1,1,4,3,3,5,6,5,4,1,1,0.29,0.0,4,4,2,3,3,0,6,1987,2,6,0,0.36666666666666664,0.761904761904762,0.0,1,1,0,1,0,4,0,3,3,1,2,160,1,1,0,0,0,1,1,5,1,1,1,1,1,3,3,1,2,6,0,0,0,0,0,0,0,0,0,0,0,0,0,0,0,0,5,0,0,1.0,3,3,1,4,2,2,5,6,4,1,0,6,1,7,0.0,0,0,34.083333333333336,0.10526315789473695,1.0,0.0,0.0,0.1666666665,0.0,2,2,0,0,2,0,2,0,2,0,4,7,0.0,2.0,2.0,0,4,0.0,2,0.0,2.0,5.3,88.0,4.0
497,4,5,7,1,3,2,4,2,2,5,3,4,5,2,2,0.5,0.0,4,4,2,2,3,2,2,2221,0,0,0,0.4,0.7714285714285715,0.0,4,2,3,2,2,0,4,0,2,1,1,112,3,2,1,2,1,1,5,4,1,1,2,1,2,3,4,3,4,2,5,1,1,2,3,0,0,0,0,0,0,0,0,0,0,0,1,2,5,0.0,3,3,2,4,2,2,5,6,4,1,0,6,1,7,0.0,0,0,31.54166666666667,0.052631578947368474,1.0,0.5,0.0,0.180555555375,0.0,0,1,2,2,0,0,1,0,0,1,0,0,2.0,0.0,1.0,3,2,0.0,0,3.0,2.0,6.3,25.4,4.0
4,4,4,7,1,3,0,5,5,3,2,4,5,6,5,4,0.66,1.0,4,4,2,1,3,3,5,1357,0,6,0,0.43333333333333335,0.7809523809523811,0.0,2,3,4,0,0,1,1,1,3,3,1,232,3,3,2,1,2,1,2,2,3,2,2,1,1,2,4,4,2,2,3,2,2,1,1,0,0,0,0,0,0,0,0,0,0,0,1,2,4,0.0,1,3,2,5,0,0,5,1,4,1,1,6,1,7,0.0,2,6.19,29.0,0.0,1.0,0.0,0.0,0.19444444425,0.0,0,0,2,1,0,2,1,2,1,2,0,0,0.0,0.0,0.0,0,0,0.0,0,0.0,0.0,1.3,28.0,0.0
500,3,4,6,4,3,2,3,3,2,4,6,4,3,5,4,0.412,0.0,4,4,1,3,2,1,4,2062,0,6,0,0.4666666666666667,0.7904761904761906,0.0,4,3,0,0,0,0,5,0,0,3,0,64,3,4,1,2,1,1,5,1,1,0,4,2,3,3,2,3,3,4,4,2,3,2,1,0,0,0,0,0,0,0,0,0,0,0,1,1,4,0.0,1,3,2,4,1,4,2,6,4,3,0,6,1,7,0.0,2,0,33.411764705882355,0.0,1.0,0.5,0.0,0.208333333125,0.0,0,2,2,2,0,0,1,1,1,1,0,0,2.0,0.0,0.0,0,1,0.0,1,2.0,2.0,0.0,9.7,4.0
501,2,4,4,6,2,1,4,1,3,5,6,4,6,2,2,0.08,0.0,4,4,1,3,1,2,4,2062,2,6,0,0.5,0.8,0.0,4,3,0,0,1,0,4,0,2,1,1,80,3,1,0,0,0,1,5,1,1,1,3,1,1,2,1,3,2,4,5,3,2,2,1,0,0,0,0,0,0,0,0,0,1,0,1,2,4,0.0,3,3,2,4,1,2,5,1,4,1,1,5,2,7,0.0,0,0,37.82352941176471,0.0,1.0,0.333333333,0.0,0.222222222,0.0,0,2,2,2,0,1,1,2,0,2,0,0,1.0,0.0,1.0,0,1,0.0,1,0.0,2.0,0.0,9.0,9.0
505,4,5,7,1,1,1,4,4,3,4,4,4,3,4,1,0.005,0.0,4,4,1,1,3,3,4,2109,2,6,0,0.5333333333333333,0.8095238095238096,0.0,4,3,4,0,1,0,4,0,2,3,1,80,3,3,1,2,1,1,5,2,2,2,4,1,2,3,2,3,4,2,5,2,2,3,1,0,0,0,0,0,0,0,0,0,1,0,1,2,5,0.0,1,3,2,5,0,0,4,6,4,1,0,6,1,7,0.0,2,0,42.23529411764706,0.0,1.0,0.0,0.0,0.236111110875,0.0,0,2,2,2,0,1,1,2,1,1,0,0,2.0,0.0,0.0,0,0,0.0,1,3.0,2.0,1.7,13.0,4.0
507,3,4,7,2,3,1,4,1,3,4,1,4,4,5,1,0.279,0.0,4,4,1,2,2,2,4,1947,2,6,0,0.5666666666666667,0.8190476190476191,0.0,4,3,0,0,2,0,5,0,0,0,0,80,3,1,0,0,0,1,5,1,1,2,4,2,1,3,2,3,3,3,5,3,2,2,1,0,0,0,0,0,0,0,0,0,1,0,1,1,5,0.0,3,3,2,4,2,3,3,6,4,1,0,6,1,7,0.0,0,0,46.64705882352941,0.0,1.0,0.0,0.0,0.24999999975,0.0,0,2,1,2,0,1,1,2,1,2,0,0,2.0,0.0,0.0,3,1,0.0,1,2.0,2.0,0.0,0.0,9.0
508,1,1,3,7,1,1,4,1,1,3,4,6,4,1,4,0.36,0.0,4,4,2,2,3,2,6,2228,2,6,0,0.6,0.8285714285714286,0.0,3,2,0,5,1,0,0,0,0,2,2,184,3,1,0,0,0,1,1,5,1,1,1,1,1,1,3,1,1,6,0,0,0,0,0,0,0,0,0,0,0,0,0,0,0,0,2,2,5,0.0,3,3,1,4,1,2,5,1,4,1,1,6,1,7,0.0,0,5.49,51.05882352941177,0.0,1.0,0.0,0.0,0.263888888625,0.0,2,1,1,2,1,0,2,0,0,2,3,1,0.0,2.0,1.0,1,4,0.0,2,0.0,2.0,1.0,71.0,4.0
509,3,4,0,7,2,3,4,4,3,5,4,6,4,1,4,0.25,0.0,4,4,2,1,3,3,6,2038,2,6,0,0.6333333333333333,0.8380952380952382,0.0,3,3,0,0,0,0,1,0,5,2,1,64,3,2,1,1,1,1,5,4,1,1,1,1,1,2,2,2,1,5,5,1,1,1,5,1,1,0,0,0,0,0,0,0,0,0,3,2,2,0.0,3,3,1,5,0,0,5,1,4,1,1,6,1,7,0.0,1,5.43,55.470588235294116,0.0,1.0,0.0,0.0,0.2777777775,0.0,1,0,1,1,0,0,2,0,0,0,0,0,1.0,0.0,1.0,0,2,0.0,1,0.0,2.0,2.0,0.0,4.0
510,4,4,4,7,2,3,4,2,2,5,3,6,4,1,3,0.37,0.0,4,4,3,2,2,1,4,2122,2,6,0,0.6666666666666666,0.8476190476190477,0.0,3,3,4,2,1,1,5,0,2,2,1,88,3,3,2,2,1,0,1,1,2,2,2,1,2,2,2,2,2,5,4,3,2,2,1,0,0,0,0,0,0,0,0,0,1,0,1,2,4,0.0,1,3,1,5,0,0,5,1,4,1,1,6,1,7,0.0,2,6.67,59.88235294117647,0.0,1.0,0.5,0.0,0.291666666375,0.0,0,1,2,2,1,1,1,2,0,1,0,1,1.0,0.0,0.0,2,1,0.0,1,0.0,2.0,3.0,22.3,9.0
511,1,4,6,7,2,1,3,4,3,4,3,6,6,4,2,0.26,0.0,4,4,1,1,1,2,3,1767,2,6,0,0.7,0.8571428571428572,0.0,3,3,0,4,0,2,2,1,2,2,2,248,3,2,2,1,2,1,1,3,3,2,4,1,1,1,1,1,2,5,5,2,1,1,1,0,0,5,0,0,0,0,0,0,1,0,1,2,4,0.0,3,3,2,5,0,0,5,1,4,1,1,6,1,7,0.0,1,0,64.29411764705883,0.0,1.0,0.0,0.0,0.30555555525,0.0,0,1,2,2,0,1,1,2,0,2,3,0,0.0,2.0,1.0,1,3,0.0,1,0.0,2.0,4.0,0.0,1.0
512,1,5,6,4,1,0,4,5,3,5,7,4,6,2,2,0.3,0.0,4,4,1,1,3,2,4,2026,2,6,0,0.7333333333333333,0.8666666666666667,0.0,2,3,0,2,2,1,3,0,3,1,2,125,4,2,2,1,2,1,4,3,3,2,4,1,1,1,2,2,2,5,5,1,1,1,4,0,0,0,0,0,0,0,0,0,0,0,2,2,4,0.0,3,3,1,5,0,0,5,1,4,1,1,6,1,7,0.0,1,0,68.70588235294119,0.0,1.0,0.0,0.0,0.319444444125,0.0,1,0,1,2,0,0,1,0,0,0,0,0,1.0,0.0,0.0,3,3,0.0,0,0.0,2.0,5.0,27.0,4.0
513,3,4,7,2,3,1,5,4,3,5,4,3,3,5,2,0.6162,0.0,4,4,2,2,3,3,6,2029,2,6,0,0.7666666666666666,0.8761904761904763,0.0,4,1,0,1,0,3,1,1,3,2,2,224,1,2,3,1,1,1,1,5,1,1,1,1,1,3,3,1,2,4,5,1,1,1,2,0,0,0,0,0,0,0,0,0,0,0,5,0,0,1.0,3,3,2,5,0,0,4,1,4,1,1,6,1,7,0.0,0,0,73.11764705882354,0.0,1.0,0.0,0.0,0.333333333,0.0,1,1,0,0,2,0,2,0,2,0,4,7,0.0,2.0,0.0,1,4,0.0,2,0.0,2.0,6.0,61.0,5.0
514,1,5,6,2,1,0,5,2,2,5,7,5,1,1,2,0.005,0.0,4,4,1,2,3,2,6,2169,1,6,0,0.8,0.8857142857142858,0.0,2,4,0,0,0,0,0,0,0,6,0,0,3,5,1,4,1,5,1,1,1,1,1,1,1,3,3,4,4,1,5,3,2,2,2,1,3,4,5,2,0,0,0,1,0,0,1,2,3,0.0,3,3,2,5,0,0,5,1,4,2,1,6,1,5,0.0,0,0,77.52941176470588,0.0,1.0,0.0,0.0,0.0,0.666666667,0,0,2,2,1,0,1,0,1,1,2,3,2.0,1.0,2.0,0,1,1.0,2,3.0,2.0,0.0,48.0,9.0
515,1,5,6,4,1,3,4,2,2,5,7,5,6,3,1,0.01,0.0,4,4,1,2,3,2,4,1987,2,6,0,0.8333333333333334,0.8952380952380953,0.0,3,3,0,0,3,0,3,0,1,2,3,80,3,4,2,1,1,1,4,1,1,2,3,1,1,3,1,4,2,5,5,3,2,2,2,0,0,0,0,0,0,0,0,0,0,0,1,2,4,0.0,3,3,2,5,0,0,4,1,4,1,1,6,1,7,0.0,1,0,81.94117647058823,0.0,1.0,0.0,0.0,0.416666667,0.0,1,2,2,2,0,0,1,0,0,1,0,0,0.0,0.0,0.0,2,1,0.0,1,0.0,2.0,0.0,7.0,9.0
516,4,5,5,2,3,2,4,2,3,6,1,6,6,1,4,0.0129,0.0,4,4,2,1,3,3,6,2080,2,6,0,0.8666666666666667,0.9047619047619049,0.0,3,3,0,0,4,0,2,0,2,1,3,84,3,1,0,0,0,1,1,1,2,1,4,1,1,3,5,4,1,6,0,0,0,0,0,0,0,0,0,0,0,0,0,0,0,0,5,0,0,1.0,1,3,1,5,0,0,5,1,4,1,1,5,1,3,0.0,2,0,86.3529411764706,0.0,1.0,0.0,0.0,0.37037037066666667,0.0,2,0,0,0,1,0,2,0,2,0,3,0,1.0,2.0,1.0,1,1,0.0,1,0.0,2.0,0.0,9.0,9.0
517,1,5,7,1,2,1,4,5,3,4,7,6,6,1,2,0.16,0.0,4,4,2,1,3,2,6,1968,0,6,0,0.9,0.9142857142857144,0.0,2,3,0,4,0,2,0,0,3,1,1,224,1,1,0,0,0,1,1,4,1,1,2,1,2,3,3,2,3,4,5,1,2,2,1,0,0,0,0,0,0,0,0,0,0,0,2,2,5,1.0,3,3,2,5,0,0,5,1,4,1,1,6,1,7,0.0,1,0,90.76470588235294,0.0,1.0,0.333333333,0.0,0.32407407433333335,0.0,1,0,1,1,0,0,2,0,0,0,3,1,2.0,2.0,1.0,1,2,0.0,2,2.0,2.0,7.3,46.4,4.0
518,4,5,7,2,3,1,5,4,3,5,3,4,6,4,3,0.52,0.0,4,4,1,1,3,1,5,1846,2,6,0,0.9333333333333333,0.9238095238095239,0.0,2,2,4,1,0,2,0,0,4,3,3,192,4,3,2,2,1,1,3,4,2,1,2,1,1,3,3,2,3,4,2,1,3,3,3,1,5,4,5,3,1,0,0,3,1,0,1,2,2,0.0,3,3,2,5,0,0,4,6,4,1,1,6,1,7,0.0,0,0,95.1764705882353,0.0,0.6666666666666667,0.0,0.0,0.277777778,0.0,0,0,2,2,0,1,2,2,0,1,1,2,2.0,3.0,1.0,0,2,0.0,2,2.0,2.0,4.7,134.3,4.0
519,2,5,7,2,3,1,4,4,3,5,7,3,6,3,4,0.038,0.0,4,4,2,2,2,3,5,1670,0,6,0,0.9666666666666667,0.9333333333333335,0.0,2,4,0,0,0,0,0,0,4,4,1,64,4,4,1,3,1,1,1,1,1,1,1,1,1,3,3,3,4,2,4,2,1,3,4,1,4,3,5,1,1,0,0,3,1,0,1,1,2,0.0,3,3,2,5,0,0,4,6,4,3,0,6,1,7,0.0,0,0,99.58823529411765,0.0,0.33333333333333337,0.666666667,0.0,0.23148148166666666,0.0,0,1,2,1,1,1,1,2,1,1,2,3,2.0,3.0,0.0,0,1,0.0,2,3.0,2.0,0.0,96.7,4.0
520,4,5,7,1,0,0,4,4,3,5,3,6,6,3,4,0.72,0.0,4,4,2,1,3,3,4,1329,2,6,0,1.0,0.942857142857143,0.0,1,3,1,1,0,1,0,1,0,0,2,170,4,1,0,0,0,1,1,4,3,2,3,2,1,2,3,2,2,5,5,1,1,1,5,0,0,0,0,0,0,0,0,0,0,0,4,0,0,1.0,3,3,1,5,0,0,5,1,4,1,0,6,1,7,0.0,1,6.57,104.0,0.0,0.0,0.0,0.0,0.18518518533333334,0.0,1,0,0,0,2,0,2,0,2,0,3,1,0.0,2.0,2.0,1,2,0.0,2,0.0,2.0,2.0,46.3,5.0
521,4,5,7,1,0,0,4,4,3,5,3,6,6,1,4,0.72,0.0,4,4,2,1,3,3,4,1329,0,6,0,1.0,0.9523809523809524,0.0,1,1,3,2,0,2,0,2,3,1,1,160,1,1,0,0,0,1,1,5,1,2,1,1,1,2,3,2,1,5,5,1,1,1,5,0,0,0,0,0,0,0,0,0,0,0,4,0,0,1.0,3,3,1,5,0,0,5,1,4,1,1,6,1,7,0.0,1,0,89.5,0.0,0.0,0.0,0.0,0.13888888899999996,0.0,1,0,0,0,2,0,2,0,2,0,4,7,0.0,2.0,0.0,3,4,0.0,2,1.0,2.0,7.7,171.3,5.0
522,4,4,6,6,0,0,3,3,3,6,6,6,6,4,4,0.41,0.0,4,4,3,1,2,3,4,1342,0,6,0,1.0,0.961904761904762,0.0,4,3,1,5,0,1,0,1,1,0,1,168,3,1,0,0,0,1,1,5,3,2,1,2,1,2,4,1,1,5,5,1,1,1,5,0,0,0,0,0,0,0,0,0,0,0,4,0,0,1.0,3,3,1,5,0,0,5,1,4,1,1,6,1,7,0.0,0,4.01,75.0,0.0,0.0,0.0,0.0,0.09259259266666664,0.0,1,0,0,0,2,0,2,0,2,0,3,0,0.0,2.0,2.0,1,4,0.0,0,0.0,2.0,6.3,26.4,3.0
523,4,4,6,6,0,0,3,3,3,6,6,6,6,4,4,0.41,0.0,4,4,3,1,2,3,4,1342,0,6,0,1.0,0.9714285714285715,0.0,4,1,3,3,0,3,0,3,2,1,3,160,1,1,0,0,0,1,1,5,1,1,1,1,1,1,3,1,1,5,1,1,1,1,5,0,0,0,0,0,0,0,0,0,0,0,5,0,0,1.0,3,3,1,5,0,0,5,1,4,1,1,6,1,7,0.0,1,0,77.5,0.0,0.0,0.0,0.0,0.04629629633333332,0.0,1,0,0,0,2,0,2,0,2,0,4,7,0.0,2.0,0.0,2,4,0.0,2,1.0,2.0,6.3,90.7,5.0
524,3,5,7,1,3,0,4,5,3,5,7,4,6,5,4,0.07,0.0,4,4,2,1,3,1,4,1426,0,6,0,1.0,0.980952380952381,0.0,1,4,0,1,0,0,1,0,3,3,1,40,4,3,1,2,1,1,1,2,2,2,4,1,2,2,3,4,3,1,2,3,2,2,4,1,4,5,5,2,1,0,1,3,1,0,1,1,3,0.0,1,3,1,5,0,0,5,1,4,1,1,6,1,7,0.0,1,6.43,80.0,0.0,0.0,0.0,0.0,0.0,0.0,1,0,2,1,1,1,1,2,1,1,2,3,2.0,1.0,0.0,0,0,0.0,2,2.0,2.0,0.0,144.0,10.0
525,3,6,7,1,3,0,4,5,3,5,6,4,6,5,4,0.76,0.0,4,4,3,1,3,3,4,1363,0,6,0,1.0,0.9904761904761905,0.0,1,1,3,0,0,1,0,3,3,2,2,160,4,2,1,1,1,1,1,5,1,1,1,1,1,1,3,2,2,5,2,1,5,2,5,1,5,5,5,3,1,0,0,2,0,0,5,0,0,1.0,3,3,1,5,0,0,5,1,4,1,0,6,1,7,0.0,1,3.66,65.0,0.0,0.0,0.0,0.0,0.0,0.0,2,0,0,0,2,0,2,0,2,0,4,6,0.0,3.0,0.0,0,4,0.0,2,0.0,2.0,7.0,257.0,5.0
526,4,5,7,1,0,0,4,3,2,6,3,2,3,5,4,0.24,0.0,4,4,1,1,3,3,2,1907,2,6,0,1.0,1.0,0.0,3,3,0,1,1,0,4,0,2,1,1,124,3,1,0,0,0,1,5,2,1,2,2,1,1,2,2,4,3,1,5,2,2,2,1,0,0,0,0,0,0,0,0,0,0,0,1,2,4,0.0,2,3,2,5,0,0,5,1,4,1,0,6,1,7,0.0,0,6.39,90.0,0.0,0.0,0.0,0.0,0.0,0.0,0,0,2,2,0,0,0,0,1,1,0,0,0.0,0.0,1.0,3,0,0.0,1,2.0,2.0,0.0,2.3,10.0
527,4,5,7,1,3,0,4,4,3,6,3,5,3,3,4,0.24,0.0,4,4,3,1,3,3,4,1907,0,6,0,1.0,1.0,0.0,3,2,1,2,0,3,0,2,2,3,1,160,1,3,2,1,1,1,1,5,2,2,1,1,1,1,3,3,2,3,5,1,1,2,5,0,0,0,0,0,0,0,0,0,0,0,4,0,0,1.0,3,3,1,5,0,0,5,2,4,1,1,6,1,7,0.0,1,4.1,61.0,0.0,0.0,0.0,0.0,0.0,0.0,2,0,0,0,2,0,2,0,2,0,1,2,0.0,2.0,0.0,3,4,0.0,2,0.0,2.0,10.7,46.0,5.0
528,1,5,7,1,0,0,4,5,3,5,7,4,6,5,4,0.56,0.0,4,4,2,1,3,2,4,1479,2,6,0,1.0,1.0,0.0,2,3,0,5,2,2,2,1,1,0,2,62,4,1,0,0,0,1,2,4,3,2,2,2,1,3,3,2,2,5,5,1,1,1,4,0,0,0,0,0,0,0,0,0,0,0,2,2,5,1.0,3,2,1,5,0,0,5,1,4,1,0,6,1,7,0.0,1,6.51,190.0,0.0,0.0,0.0,0.0,0.0,0.0,1,0,2,1,0,0,1,0,0,0,3,1,0.0,2.0,1.0,1,2,0.0,2,0.0,2.0,0.7,73.3,4.0
529,3,5,7,1,3,0,4,5,3,5,7,4,6,5,4,0.08,0.0,4,4,2,1,3,2,4,1523,0,6,0,1.0,1.0,0.0,2,2,0,1,0,0,0,0,3,4,1,40,4,4,1,2,1,1,2,3,2,2,1,2,1,1,3,3,4,2,3,2,2,2,5,1,4,3,3,2,1,0,1,2,0,0,1,1,5,0.0,1,2,1,5,0,0,5,1,4,1,0,5,1,4,0.0,1,5.89,98.0,0.0,0.0,0.0,0.0,0.0,0.0,0,0,2,2,1,0,1,0,1,0,1,5,1.0,1.0,0.0,0,3,0.0,2,4.0,2.0,0.0,47.0,2.0
530,4,5,7,1,3,0,4,5,3,5,3,0,3,5,4,0.62,0.0,4,4,1,1,3,3,4,1523,0,6,0,1.0,1.0,0.0,2,3,4,1,0,1,1,0,4,2,3,192,1,2,2,1,1,1,3,1,2,1,2,2,1,2,4,4,3,1,3,2,2,2,2,1,3,3,5,2,1,0,0,2,1,0,1,1,4,0.0,1,3,1,5,0,0,5,1,4,1,1,6,1,7,0.0,1,0,73.0,0.0,1.0,0.0,0.0,0.0,0.0,0,0,2,1,1,1,1,2,2,1,0,0,2.0,3.0,1.0,0,0,0.0,0,2.0,2.0,0.0,24.0,2.0
531,5,5,7,2,3,0,4,2,2,5,4,2,5,4,4,0.53,0.0,4,4,2,1,3,3,5,1909,2,6,0,1.0,1.0,0.0,4,4,3,0,0,1,1,1,1,5,1,64,4,4,2,2,1,1,2,1,2,1,1,1,1,2,5,2,4,1,4,2,2,2,3,1,3,4,5,2,1,0,0,2,1,0,1,2,3,0.0,2,3,1,5,0,0,5,1,4,1,0,6,1,7,0.0,0,4.24,48.0,0.0,0.0,0.0,0.0,0.0,0.0,0,0,2,2,1,1,0,2,1,1,2,4,2.0,1.0,0.0,0,0,0.0,1,4.0,2.0,5.7,6.999999999999999,10.0
532,1,5,7,1,0,0,3,4,3,6,7,6,3,4,4,0.6,0.0,4,4,3,1,3,3,4,2195,0,6,0,1.0,1.0,0.0,4,3,1,4,1,2,2,1,2,0,2,168,4,1,0,0,0,1,1,4,3,2,1,1,1,1,3,2,1,5,5,1,1,1,5,0,0,0,0,0,0,0,0,0,0,0,5,0,0,0.0,3,3,1,5,0,0,5,1,4,1,0,6,1,0,0.0,0,0,58.666666666666664,0.0,0.0,0.0,0.0,0.0,0.0,2,0,0,0,2,0,2,0,2,0,3,1,2.0,1.0,0.0,0,0,0.0,1,4.0,2.0,5.7,42.3,10.0
533,1,5,7,1,0,0,3,4,3,6,7,6,3,4,4,0.6,0.0,4,4,3,1,3,3,4,2195,0,6,0,1.0,1.0,0.0,4,1,3,1,0,2,0,2,2,2,2,160,3,2,2,1,1,1,1,5,1,1,1,1,1,1,3,0,1,6,0,0,0,0,0,0,0,0,0,0,0,0,0,0,0,0,5,0,0,1.0,3,3,1,5,0,0,5,1,4,1,1,6,1,7,0.0,0,0,69.33333333333333,0.0,0.0,0.0,0.0,0.0,0.0,2,0,0,0,1,0,2,0,2,0,4,7,0.0,3.0,0.0,0,4,0.0,2,1.0,2.0,10.0,34.0,5.0
535,1,5,7,1,0,0,3,5,3,5,7,6,4,5,4,0.39,0.0,4,4,3,1,2,3,4,2009,0,6,0,1.0,1.0,0.0,1,1,0,0,0,3,0,1,4,0,3,128,1,1,0,0,0,1,1,3,3,2,3,1,1,1,3,2,2,5,5,1,1,1,5,0,0,0,0,0,0,0,0,0,0,0,4,0,0,1.0,3,3,1,5,0,0,5,1,4,1,1,6,1,7,0.0,0,3.45,80.0,0.0,0.0,0.0,0.0,0.0,0.0,2,0,0,0,2,0,2,0,2,0,4,7,0.0,3.0,0.0,0,3,0.0,2,0.0,2.0,0.0,198.0,5.0
536,3,5,7,1,3,0,4,5,3,5,3,5,4,4,4,0.35,0.0,4,4,2,1,3,1,4,2166,0,6,0,1.0,1.0,0.0,4,3,0,0,1,1,2,1,4,2,1,80,3,2,3,1,2,1,3,2,1,2,2,2,1,2,2,4,2,2,3,2,2,2,3,1,4,4,5,2,1,0,0,2,1,0,2,1,5,0.0,1,3,1,5,0,0,5,1,4,1,0,6,1,7,0.0,1,6.46,57.0,1.0,0.0,0.0,0.0,0.0,0.0,1,0,1,1,1,1,1,2,1,1,0,0,0.0,0.0,0.0,0,0,0.0,1,0.0,2.0,0.0,17.3,2.0
537,1,6,7,1,0,0,4,1,1,5,7,5,2,2,4,0.31,0.0,4,4,3,1,2,3,4,2241,0,6,0,1.0,1.0,0.0,4,1,3,1,0,2,0,3,4,1,3,224,3,1,0,0,0,1,1,4,1,1,1,1,1,1,3,2,1,6,0,0,0,0,0,0,0,0,0,0,0,0,0,0,0,0,5,0,0,1.0,3,3,1,5,0,0,4,1,4,1,1,4,1,7,0.0,0,0,66.33333333333333,0.5,0.0,0.0,0.0,0.0,0.0,2,0,0,0,2,0,2,0,2,2,4,7,0.0,3.0,1.0,0,4,0.0,2,1.0,2.0,7.3,205.7,5.0
538,3,6,7,1,0,0,4,2,1,5,4,4,2,3,4,0.15,0.0,4,4,3,1,3,3,4,2241,0,6,0,1.0,1.0,0.0,4,1,3,2,0,2,1,2,4,1,3,160,1,1,0,0,0,1,1,5,1,1,1,1,1,1,4,2,2,5,5,1,1,1,5,0,0,0,0,0,0,0,0,0,0,0,5,0,0,1.0,3,3,1,4,2,1,5,1,4,1,1,4,1,7,0.0,0,3.53,75.66666666666667,0.0,0.0,0.0,0.0,0.0,0.0,2,0,0,0,2,0,2,0,2,2,4,7,0.0,3.0,0.0,3,4,0.0,0,0.0,2.0,5.7,16.3,3.0
539,3,5,7,1,0,0,4,1,3,6,5,6,3,4,4,0.12,0.0,4,4,2,1,3,3,4,2341,2,6,0,1.0,1.0,0.0,3,3,0,0,3,0,3,0,3,0,2,80,4,1,0,0,0,1,3,4,3,2,1,1,1,2,5,4,1,2,5,2,1,2,5,0,0,0,0,0,0,0,0,0,0,0,4,0,0,1.0,3,3,1,5,0,0,5,1,4,1,0,6,1,7,0.0,0,5.13,85.0,0.0,0.0,0.0,0.0,0.0,0.0,2,0,0,0,2,0,2,0,2,0,3,0,1.0,4.0,0.0,2,2,0.0,1,0.0,2.0,0.7,7.0,4.0
540,3,5,7,1,0,0,4,1,3,6,5,6,3,5,4,0.18,0.0,4,4,0,1,3,3,4,2341,0,6,0,1.0,1.0,0.0,0,3,0,4,2,1,1,1,2,0,3,232,4,1,0,0,0,1,2,4,1,2,1,1,1,2,4,2,2,4,5,2,2,2,5,0,0,0,0,0,0,0,0,0,0,0,5,0,0,1.0,3,3,1,5,0,0,5,1,4,2,1,5,1,7,0.0,0,4.01,88.0,0.0,0.0,0.0,0.0,0.0,0.0,2,0,0,0,2,0,2,0,2,0,3,0,0.0,2.0,0.0,1,2,0.0,0,0.0,2.0,2.3,29.4,4.0
541,1,4,7,1,0,0,4,2,1,4,7,6,3,5,4,0.26,0.0,4,4,1,1,3,3,2,2292,2,6,0,1.0,1.0,0.0,1,3,0,1,1,0,5,0,1,0,1,64,4,1,0,0,0,1,5,1,3,2,3,1,1,2,2,4,2,1,4,2,2,1,1,0,0,0,0,0,0,0,0,0,1,0,1,2,4,0.0,2,3,1,5,0,0,4,1,4,1,1,6,1,7,0.0,0,6.32,90.0,0.0,0.0,0.0,0.0,0.0,0.0,0,0,2,2,0,1,0,2,1,2,0,0,1.0,0.0,2.0,0,1,0.0,1,0.0,0.0,0.0,0.0,10.0
542,3,4,6,4,0,0,4,1,2,3,6,6,2,5,4,0.16,0.0,4,4,3,1,3,3,4,2075,0,6,0,1.0,1.0,0.0,4,3,2,5,0,2,0,0,0,0,1,168,4,1,0,0,0,1,1,2,3,2,4,1,1,2,3,1,1,6,0,0,0,0,0,0,0,0,0,0,0,0,0,0,0,0,4,0,0,1.0,3,3,1,4,2,2,4,1,4,1,3,4,1,7,0.0,0,0,72.5,0.0,0.0,0.0,0.0,0.0,0.0,2,0,0,0,1,0,2,0,2,1,3,1,0.0,2.0,2.0,1,0,0.0,2,1.0,2.0,0.7,82.6,5.0
54,2,5,5,1,3,0,4,5,3,1,5,5,6,1,4,0.49,0.0,4,4,2,1,3,2,4,1421,0,6,0,1.0,1.0,0.0,1,1,3,2,0,2,0,3,3,2,2,160,1,2,1,1,1,1,1,5,1,1,1,1,1,1,3,2,1,5,1,1,1,1,5,0,0,0,0,0,0,0,0,0,0,0,1,3,5,1.0,3,3,1,4,2,2,5,1,4,1,1,6,1,7,0.0,1,4.5,55.0,0.0,0.0,0.0,0.0,0.0,0.0,0,0,2,2,0,0,1,0,0,0,4,7,0.0,3.0,0.0,3,4,0.0,2,1.0,2.0,5.7,79.6,4.0
55,4,5,7,1,3,0,4,5,3,4,3,2,6,5,4,0.59,0.0,4,4,3,1,3,3,4,1437,2,6,0,0.75,1.0,0.0,2,1,3,2,0,2,0,2,4,2,3,168,3,2,2,1,1,1,1,5,3,2,1,1,1,2,3,2,1,5,3,1,1,1,5,0,0,0,0,0,0,0,0,0,0,0,4,0,0,1.0,3,3,1,5,0,0,5,1,4,1,1,6,1,7,0.0,1,3.65,53.0,0.0,0.0,0.0,0.0,0.0,0.0,2,0,0,0,2,0,2,0,2,0,4,7,0.0,3.0,0.0,0,4,0.0,2,0.0,2.0,10.0,88.7,4.0
57,1,5,7,1,0,3,4,5,3,5,7,4,6,5,4,0.77,0.0,4,4,3,1,3,3,4,1493,2,6,0,0.5,1.0,0.0,2,1,3,2,0,2,0,2,3,2,3,160,1,2,1,1,1,1,2,5,3,1,2,1,1,2,3,2,2,4,4,2,2,2,5,0,0,0,0,0,0,0,0,0,0,0,4,0,0,1.0,3,3,1,5,0,0,5,1,4,1,1,6,1,7,0.0,1,3.69,96.0,0.0,0.0,0.0,0.0,0.0,0.0,2,0,0,0,2,0,2,0,2,0,4,7,0.0,3.0,1.0,0,4,0.0,2,0.0,2.0,5.3,156.0,4.0
5,2,5,7,1,0,0,5,5,3,2,3,5,6,4,4,0.75,0.0,4,4,2,1,3,3,4,1337,0,6,0,0.25,1.0,0.0,2,3,0,1,0,1,5,1,1,1,1,72,4,1,0,0,0,1,5,2,3,2,3,2,1,2,4,3,1,4,1,2,1,1,5,0,0,0,0,0,0,0,0,0,0,0,3,2,5,1.0,3,3,1,5,0,0,5,1,4,1,1,6,1,7,0.0,1,0,101.0,0.5,0.0,0.0,0.0,0.0,0.0,1,0,1,0,0,0,1,0,0,0,0,0,1.0,0.0,1.0,0,0,0.0,0,1.0,1.0,0.0,27.3,0.0
69,4,4,7,1,3,0,4,3,2,1,4,2,3,5,4,0.286,0.0,4,4,2,1,2,1,3,1881,2,6,0,0.0,1.0,0.0,4,3,4,1,1,0,4,1,2,3,1,192,4,3,2,3,1,1,4,1,2,2,3,1,1,1,3,3,4,1,3,2,2,3,5,1,4,3,4,3,1,1,0,3,1,0,2,1,4,0.0,1,2,1,4,1,2,5,1,4,2,2,6,1,7,0.0,2,7.09,360.0,1.0,0.0,0.333333333,0.0,0.0,0.0,1,1,1,1,1,1,1,2,1,1,0,1,2.0,0.0,0.0,0,1,0.0,2,3.0,2.0,0.0,18.15,0.0
6,1,5,7,1,0,0,5,5,3,3,7,6,6,5,4,0.73,0.0,4,4,1,1,3,2,4,1418,0,6,0,0.0,1.0,0.0,2,3,0,2,1,1,4,1,2,0,1,232,4,1,0,0,0,1,4,2,1,2,2,2,1,2,4,4,2,1,5,2,2,2,1,0,0,0,0,0,0,0,0,0,0,0,1,2,5,1.0,2,3,2,5,0,0,5,1,4,1,0,6,1,7,0.0,0,5.82,20.0,1.0,0.0,0.0,0.0,0.0,0.0,0,0,2,1,0,0,1,0,0,0,0,0,0.0,0.0,1.0,0,0,0.0,1,0.0,2.0,0.0,9.0,0.0
72,3,5,7,1,3,0,4,5,3,4,3,5,5,5,4,0.42,0.0,4,4,3,1,3,3,4,1854,2,5,0,0.0,1.0,0.0,2,3,0,1,1,2,2,2,2,2,3,192,3,2,2,1,2,1,3,4,3,2,1,2,1,3,3,3,2,4,5,2,2,1,5,0,0,0,0,0,0,0,0,0,0,0,4,0,0,1.0,3,3,1,5,0,0,5,1,4,1,0,6,1,7,0.0,0,4.52,212.0,0.5,0.0,0.0,0.0,0.0,0.0,2,0,0,0,2,0,2,0,2,0,0,1,0.0,3.0,0.0,0,2,0.0,2,2.0,2.0,3.7,107.0,4.0
73,4,5,7,1,3,0,4,5,3,1,1,5,5,5,4,0.46,0.0,4,4,2,1,3,3,4,1730,2,6,0,0.0,1.0,0.0,2,3,4,2,1,1,3,0,2,3,1,96,2,3,2,3,2,1,3,1,2,2,2,1,1,2,3,3,4,1,3,2,2,2,5,1,3,2,5,2,1,1,1,3,1,0,2,1,5,0.0,1,3,1,4,2,2,5,1,4,1,2,6,1,7,0.0,2,7.03,404.0,0.0,0.0,0.0,0.0,0.0,0.0,1,0,1,1,1,1,1,2,2,1,0,1,2.0,0.0,0.0,0,1,0.0,2,4.0,2.0,0.0,149.0,2.0
74,3,5,7,1,3,0,4,4,3,5,7,3,5,4,4,0.7,1.0,4,4,3,1,3,3,4,1730,2,6,0,0.0,1.0,0.0,1,3,4,1,1,1,5,1,1,1,1,64,4,2,3,1,2,1,5,1,2,1,1,1,1,1,4,4,2,2,5,2,2,1,3,1,4,5,5,3,1,0,0,2,0,0,1,1,5,0.0,1,3,1,5,0,0,5,1,4,1,1,6,1,7,0.0,1,6.5,108.0,0.0,0.0,0.0,0.0,0.0,0.0,1,0,2,1,1,2,1,2,1,2,0,0,0.0,0.0,1.0,0,1,0.0,0,0.0,2.0,0.0,33.0,6.0
75,4,5,6,1,3,0,4,5,3,1,5,4,3,5,4,0.29,0.0,4,4,2,1,3,1,4,2078,2,6,0,0.0,1.0,0.0,4,3,3,1,1,1,1,1,2,4,3,252,3,4,2,3,2,1,2,1,3,2,3,1,1,2,5,2,4,1,3,2,2,2,4,1,3,3,5,2,1,0,0,3,1,0,1,1,3,0.0,1,3,1,5,0,0,4,1,4,1,1,6,1,7,0.0,2,6.33,98.0,1.0,0.0,0.0,0.0,0.0,0.0,0,0,2,2,1,1,0,2,1,1,0,0,2.0,1.0,0.0,0,1,0.0,1,5.0,2.0,0.0,4.0,2.0
76,4,6,6,1,3,0,4,4,3,1,7,5,1,3,4,0.01,0.0,4,4,2,2,2,1,4,1933,0,6,0,0.0,1.0,0.0,2,4,3,0,0,0,1,0,1,6,2,64,4,5,2,4,1,1,2,1,2,2,3,2,3,2,4,2,4,1,3,2,2,3,5,1,4,4,3,2,1,1,1,2,1,0,1,1,3,0.0,1,3,1,4,1,2,5,2,4,3,2,6,1,7,0.0,2,7.22,670.0,1.0,0.0,0.0,0.0,0.0,0.0,0,1,2,2,1,1,1,2,0,1,2,4,2.0,1.0,1.0,0,1,0.0,0,4.0,2.0,0.0,21.7,3.0
7,1,5,7,1,3,0,4,1,1,5,7,6,6,5,4,0.42,0.0,4,4,1,1,3,3,4,1340,0,6,0,0.0,1.0,0.0,2,3,0,2,0,0,3,0,3,2,1,72,3,2,3,1,2,1,4,1,3,2,3,2,1,3,3,4,2,2,2,2,2,1,1,0,0,0,0,0,0,0,0,0,1,0,1,2,4,0.0,1,3,1,5,0,0,4,1,4,1,0,6,1,7,0.0,2,7.13,85.0,0.0,0.0,0.0,0.0,0.0,0.0,0,0,2,1,0,1,1,2,1,2,0,1,1.0,0.0,0.0,0,1,0.0,2,0.0,1.0,0.0,46.7,1.0
80,4,5,6,4,3,0,4,1,1,1,4,6,4,4,4,0.17,0.0,4,4,2,1,2,1,4,1933,2,6,0,0.0,1.0,0.0,4,4,3,0,0,0,2,0,2,4,3,64,4,4,2,2,2,1,2,1,2,2,1,2,1,2,3,2,5,1,3,2,3,3,5,1,4,2,5,2,1,1,1,3,1,0,2,1,3,0.0,1,2,1,3,2,2,5,1,4,3,2,5,1,7,0.0,2,7.03,242.0,1.0,0.0,0.333333333,0.0,0.0,0.0,1,0,1,2,1,1,1,2,1,2,2,3,2.0,1.0,1.0,0,1,0.0,2,4.0,2.0,0.0,56.7,2.0
84,4,5,7,1,3,0,4,5,3,1,3,5,5,5,4,0.48,0.0,4,4,2,1,3,3,2,1854,2,6,0,0.0,1.0,0.0,2,4,3,0,1,0,1,0,2,5,1,80,4,4,2,2,1,1,1,2,2,1,2,2,1,2,4,4,2,2,2,2,2,1,2,1,5,3,4,3,1,0,0,2,1,0,1,1,2,0.0,1,3,1,5,0,0,5,1,4,3,1,5,1,7,0.0,1,5.18,220.5,1.0,0.0,0.0,0.0,0.0,0.0,0,0,2,2,1,1,1,2,1,1,2,4,1.0,1.0,1.0,0,0,0.0,0,0.0,0.0,0.0,23.3,2.0
86,3,5,5,4,3,0,4,4,3,1,7,4,5,0,4,0.16,0.0,4,4,1,1,3,3,3,1865,2,6,0,1.0,1.0,0.0,1,4,2,0,0,0,0,0,2,4,1,64,4,4,1,1,1,1,2,2,2,2,2,1,2,2,5,4,3,1,3,2,2,2,4,1,5,5,3,2,1,0,0,1,1,0,1,1,2,0.0,1,3,1,4,1,2,4,1,4,3,2,5,1,7,0.0,2,4.18,199.0,1.0,0.0,0.0,0.0,0.0,0.0,1,0,2,2,1,1,0,2,1,1,2,4,1.0,1.0,1.0,0,1,0.0,1,2.0,2.0,0.0,15.7,3.0
87,4,5,7,1,3,0,4,3,2,5,5,4,5,4,4,0.23,1.0,4,4,2,1,3,3,4,1815,1,0,0,0.5,1.0,0.0,2,4,0,0,0,0,2,0,2,5,1,64,3,4,2,1,1,1,2,3,3,2,1,1,1,2,2,2,4,1,3,2,2,2,5,1,3,5,5,2,1,0,1,2,1,0,1,1,3,0.0,1,3,1,5,0,0,5,1,4,1,1,6,1,7,0.0,2,5.19,177.5,1.0,0.0,0.0,0.0,0.0,0.0,0,0,2,2,1,2,1,2,1,2,2,4,2.0,1.0,1.0,0,3,0.0,1,4.0,2.0,4.7,9.3,2.0
89,4,5,7,1,2,0,4,2,2,1,2,6,4,5,4,0.11,1.0,4,4,3,1,3,3,4,1954,2,6,0,0.0,1.0,0.0,4,4,3,0,0,0,1,0,2,5,1,68,4,4,2,2,1,1,2,1,1,1,1,1,1,2,4,4,2,1,3,2,2,2,4,0,0,0,0,0,0,0,0,0,1,0,2,1,3,0.0,2,3,1,5,0,0,5,1,4,2,1,5,1,7,0.0,0,6.33,156.0,1.0,0.0,0.0,0.0,0.0,0.0,1,0,1,1,1,2,1,2,1,2,2,4,0.0,1.0,1.0,0,1,0.0,0,0.0,2.0,0.0,30.7,2.0
90,1,4,7,1,0,0,3,5,3,1,7,5,6,4,4,0.52,0.0,0,0,3,1,3,3,4,1339,2,6,0,0.0,1.0,0.0,2,3,4,5,2,1,1,0,0,0,3,127,4,1,0,0,0,1,2,3,3,2,3,2,1,3,4,3,1,3,5,1,1,1,5,0,0,0,0,0,0,0,0,0,0,0,4,0,0,1.0,2,2,1,5,0,0,5,1,4,1,1,6,1,7,0.0,1,6.49,134.0,0.0,0.0,0.0,0.0,0.0,0.0,2,0,0,0,2,2,2,2,2,2,3,0,1.0,2.0,1.0,1,3,0.0,0,0.0,2.0,0.0,31.0,4.0
93,3,4,7,1,0,0,5,1,1,1,4,6,5,5,4,0.3,0.0,0,0,1,1,2,1,4,1608,2,6,0,0.0,1.0,0.0,4,3,0,6,1,1,0,0,0,0,1,42,4,1,0,0,0,1,1,4,3,2,1,1,1,2,4,2,2,5,5,2,0,1,1,0,0,0,0,0,0,0,0,0,1,0,1,1,4,0.0,3,1,2,4,1,3,5,1,4,3,2,4,1,1,0.0,0,6.951,134.0,0.0,0.0,0.0,0.0,0.0,0.0,0,1,2,2,0,2,1,2,0,2,3,0,0.0,2.0,1.0,1,2,0.0,0,1.0,1.0,0.0,31.7,7.0
